tract_geoid,community_plan_area,council_district,pct_severely_rent_burdened,pct_renter_occupied,median_household_income,median_gross_rent,pressure_score_equal_weight,pressure_score_burden_weighted
06037265304,Westwood,5,80.0,98.9,18366.0,2367.0,96.4,96.1
06037265307,Westwood,5,64.6,100.0,27152.0,1974.0,89.5,86.3
06037265303,Westwood,5,66.9,97.1,33798.0,2430.0,88.5,86.3
06037224702,South Los Angeles,9,50.1,100.0,11270.0,1919.0,85.9,79.4
06037209202,Westlake,1,51.9,100.0,38443.0,1424.0,82.9,77.6
06037205120,Boyle Heights,14,53.3,90.7,28516.0,1335.0,81.7,77.1
06037209103,Westlake,1,45.8,100.0,32550.0,1265.0,81.3,74.6
06037265306,Westwood,5,50.2,94.0,31757.0,2151.0,81.2,75.8
06037236203,West Adams - Baldwin Hills - Leimert,10,47.8,96.5,33526.0,1489.0,80.8,74.8
06037224701,South Los Angeles,9,46.7,99.3,38098.0,2139.0,80.7,74.4
06037209300,Westlake,1,44.9,99.6,35446.0,1357.0,80.4,73.7
06037238320,South Los Angeles,8,47.6,91.8,27895.0,1214.0,79.9,74.1
06037301601,,,55.3,87.5,40617.0,1860.0,79.8,76.3
06037242600,Southeast Los Angeles,15,38.5,98.8,19955.0,926.0,79.8,71.3
06037236205,West Adams - Baldwin Hills - Leimert,10,44.6,96.2,32115.0,1412.0,79.6,73.0
06037222700,South Los Angeles,9,46.3,100.0,51250.0,1844.0,79.0,73.0
06037221810,South Los Angeles,8,43.6,95.1,31815.0,1654.0,78.9,72.1
06037234902,West Adams - Baldwin Hills - Leimert,8,48.7,86.5,28415.0,1117.0,78.5,73.4
06037209105,Westlake,1,38.1,100.0,34092.0,1288.0,78.1,69.9
06037221820,South Los Angeles,9,42.4,91.7,26236.0,1864.0,78.0,71.1
06037192610,Wilshire,13,45.7,96.3,48558.0,1676.0,77.8,71.9
06037600303,,,46.4,89.3,34933.0,1373.0,77.6,72.0
06037101222,Sunland-E LaTuna Cyn-Lakevw Ter-Shadow Hls-Tujunga,7,47.7,92.1,45662.0,1817.0,77.6,72.4
06037575801,,,41.1,96.8,39872.0,1504.0,77.4,70.3
06037212303,Wilshire,10,37.1,100.0,36758.0,1842.0,77.3,69.0
06037209520,Westlake,1,40.9,97.8,43266.0,1227.0,77.2,70.0
06037128303,Van Nuys - North Sherman Oaks,6,43.9,94.3,43750.0,1468.0,77.1,70.9
06037119340,Mission Hills - Panorama City - North Hills,6,40.6,99.2,46250.0,1570.0,77.1,69.9
06037302504,,,50.1,86.7,43924.0,1827.0,77.0,72.7
06037111304,Granada Hills - Knollwood,12,47.8,93.2,53989.0,1637.0,76.9,71.9
06037117520,Mission Hills - Panorama City - North Hills,6,47.2,92.7,50735.0,1871.0,76.9,71.7
06037226001,Southeast Los Angeles,9,46.2,86.5,34318.0,1138.0,76.7,71.3
06037190510,Hollywood,13,40.9,100.0,52989.0,1743.0,76.6,69.6
06037224020,Southeast Los Angeles,9,35.0,97.8,30647.0,1203.0,76.6,67.8
06037294820,Wilmington - Harbor City,15,41.1,91.7,33526.0,1296.0,76.5,69.6
06037224320,Westlake,1,35.9,98.2,35375.0,1196.0,76.4,68.0
06037211921,Wilshire,10,37.0,99.3,42071.0,1527.0,76.3,68.2
06037241120,Southeast Los Angeles,8,55.1,78.5,43173.0,1403.0,76.3,73.6
06037208802,Westlake,1,33.7,100.0,34750.0,1459.0,76.2,67.2
06037207303,Central City,14,34.1,98.8,33158.0,1625.0,76.2,67.3
06037900806,,,38.3,90.9,25465.0,887.0,76.2,68.6
06037203601,Boyle Heights,14,46.3,86.2,38798.0,1427.0,76.0,70.8
06037206303,Central City,14,26.2,98.7,11542.0,342.0,76.0,64.8
06037910501,,,35.9,96.4,34192.0,1304.0,76.0,67.7
06037214903,Wilshire,5,58.8,80.7,62583.0,2258.0,75.9,74.4
06037120103,Mission Hills - Panorama City - North Hills,6,42.4,93.8,47069.0,1655.0,75.9,69.5
06037224010,Central City,14,33.7,100.0,37647.0,1831.0,75.8,66.9
06037123410,North Hollywood - Valley Village,2,50.6,82.7,45167.0,1661.0,75.7,71.8
06037123203,North Hollywood - Valley Village,2,46.1,86.9,41923.0,1770.0,75.7,70.5
06037221900,South Los Angeles,9,32.9,95.8,26421.0,1414.0,75.6,66.5
06037212306,Wilshire,10,42.1,95.7,53158.0,1798.0,75.6,69.2
06037207103,Central City North,1,36.4,98.0,41944.0,1248.0,75.6,67.6
06037600202,,,55.5,73.0,37250.0,1233.0,75.5,73.1
06037211803,Wilshire,10,41.7,95.7,52370.0,1817.0,75.5,69.1
06037236204,West Adams - Baldwin Hills - Leimert,10,36.2,100.0,48145.0,1508.0,75.4,67.3
06037208902,Westlake,1,32.8,100.0,37759.0,1491.0,75.4,66.3
06037302503,,,47.5,86.8,48378.0,1871.0,75.4,70.7
06037980025,,,46.8,100.0,79250.0,2667.0,75.3,70.4
06037575803,,,35.1,91.0,23827.0,1098.0,75.2,66.9
06037302202,,,44.0,90.7,48917.0,1852.0,75.2,69.5
06037191203,Hollywood,13,44.8,88.8,46500.0,1568.0,75.2,69.8
06037208301,Westlake,1,38.4,94.0,42548.0,1509.0,75.0,67.7
06037117510,Mission Hills - Panorama City - North Hills,7,47.7,89.3,57984.0,2097.0,75.0,70.4
06037209510,Westlake,1,37.2,95.5,42639.0,1424.0,75.0,67.3
06037125322,North Hollywood - Valley Village,2,35.0,100.0,47991.0,2290.0,74.9,66.6
06037554105,,,40.0,93.6,47206.0,1707.0,74.9,68.1
06037117405,Mission Hills - Panorama City - North Hills,7,43.0,91.0,49615.0,1732.0,74.8,68.9
06037190101,Hollywood,13,32.7,100.0,42458.0,1737.0,74.8,65.8
06037209403,Westlake,1,31.5,96.7,31806.0,945.0,74.7,65.4
06037189502,Hollywood,4,41.0,94.7,55202.0,1742.0,74.6,68.1
06037213201,Wilshire,10,37.4,93.4,41987.0,1622.0,74.5,67.0
06037120104,Mission Hills - Panorama City - North Hills,6,40.7,93.7,52198.0,1848.0,74.5,68.0
06037211804,Wilshire,10,35.2,98.6,49242.0,1707.0,74.4,66.3
06037212203,Wilshire,10,31.0,99.1,37869.0,1435.0,74.4,65.1
06037139505,Encino - Tarzana,4,50.5,78.8,44913.0,1748.0,74.4,70.8
06037190201,Hollywood,13,33.4,100.0,47477.0,1677.0,74.3,65.7
06037191120,Hollywood,13,39.1,94.1,50733.0,1436.0,74.2,67.3
06037206302,Central City,14,19.1,100.0,7000.0,,74.2,61.4
06037575300,,,38.7,89.6,38688.0,1348.0,74.2,67.1
06037190202,Hollywood,13,33.6,98.8,46848.0,1882.0,74.1,65.6
06037211310,Wilshire,10,39.5,91.8,46966.0,1524.0,74.1,67.3
06037191710,Hollywood,13,33.5,91.8,29387.0,1309.0,74.1,65.5
06037209810,Westlake,1,32.4,97.7,40574.0,1063.0,74.1,65.2
06037191201,Hollywood,13,35.0,95.5,43651.0,1479.0,74.0,65.9
06037106407,Sylmar,7,39.5,84.1,29083.0,1639.0,74.0,67.2
06037207304,Central City,14,23.4,96.9,13735.0,821.0,74.0,62.4
06037302302,,,39.3,96.9,60234.0,1868.0,73.9,67.1
06037208904,Westlake,1,27.4,97.1,26640.0,962.0,73.9,63.6
06037209401,Westlake,1,27.4,99.5,32361.0,1136.0,73.9,63.6
06037117407,Mission Hills - Panorama City - North Hills,6,34.6,99.3,53512.0,1615.0,73.8,65.6
06037213402,Wilshire,1,37.6,94.4,50139.0,1378.0,73.8,66.5
06037211122,Wilshire,13,39.1,92.3,48830.0,1959.0,73.8,67.0
06037134305,Canoga Park-West Hills-Winnetka-Woodland Hills,3,35.4,98.8,55042.0,1768.0,73.7,65.8
06037433304,,,50.3,74.6,38969.0,1570.0,73.7,70.2
06037208720,Westlake,1,29.4,97.6,34791.0,1191.0,73.7,64.1
06037206301,Central City,14,22.1,97.1,13831.0,346.0,73.5,61.7
06037120107,Mission Hills - Panorama City - North Hills,6,34.2,93.8,41424.0,1606.0,73.4,65.3
06037212304,Wilshire,10,31.9,98.7,47500.0,1491.0,73.3,64.5
06037302201,,,32.6,92.2,35109.0,1830.0,73.1,64.5
06037212620,Wilshire,4,36.9,90.8,43862.0,1678.0,73.1,65.8
06037211320,Wilshire,10,33.8,96.5,50000.0,1462.0,73.0,64.8
06037221302,South Los Angeles,10,36.1,88.3,37285.0,1207.0,72.9,65.4
06037211922,Wilshire,10,31.8,99.3,51803.0,1524.0,72.9,64.1
06037602511,,,36.0,92.8,48165.0,1696.0,72.9,65.4
06037117408,Mission Hills - Panorama City - North Hills,6,42.2,86.3,49786.0,1605.0,72.9,67.3
06037237500,South Los Angeles,8,39.9,85.1,41087.0,1403.0,72.8,66.5
06037211802,Wilshire,10,37.6,91.5,50995.0,1669.0,72.7,65.7
06037602103,,,45.5,76.2,36390.0,1761.0,72.7,68.0
06037208401,Westlake,1,28.6,98.4,41620.0,1444.0,72.7,63.1
06037534301,,,34.5,92.6,44792.0,1636.0,72.6,64.7
06037212305,Wilshire,10,31.3,97.7,49400.0,1407.0,72.5,63.7
06037236102,West Adams - Baldwin Hills - Leimert,8,50.3,79.5,60057.0,1490.0,72.5,69.3
06037206202,Central City,14,29.1,89.5,22668.0,575.0,72.5,63.1
06037224420,South Los Angeles,1,25.3,95.0,25725.0,878.0,72.5,61.9
06037213401,Wilshire,1,32.6,97.0,51875.0,1437.0,72.4,64.0
06037238310,South Los Angeles,8,36.6,94.3,57163.0,1558.0,72.4,65.2
06037310701,,,28.8,90.4,25664.0,1520.0,72.3,62.8
06037208903,Westlake,1,28.5,100.0,48308.0,1396.0,72.3,62.7
06037209104,Westlake,1,25.8,99.3,39000.0,1036.0,72.3,61.9
06037205110,Boyle Heights,14,29.6,100.0,52262.0,1625.0,72.2,63.0
06037228500,Southeast Los Angeles,9,43.4,79.9,43194.0,1424.0,72.2,67.0
06037125321,North Hollywood - Valley Village,2,38.9,92.8,61625.0,2136.0,72.2,65.7
06037462201,,,32.8,94.7,48667.0,1784.0,72.2,63.9
06037120020,Mission Hills - Panorama City - North Hills,6,41.0,82.7,42708.0,1612.0,72.2,66.4
06037208801,Westlake,1,26.4,98.7,40588.0,1411.0,72.1,61.9
06037224410,South Los Angeles,1,35.9,84.4,33214.0,1449.0,72.1,64.7
06037191720,Hollywood,13,35.1,91.5,48750.0,1322.0,72.0,64.4
06037190401,Hollywood,4,31.9,99.6,59192.0,1750.0,72.0,63.5
06037128210,Van Nuys - North Sherman Oaks,6,28.9,96.9,44316.0,1671.0,72.0,62.6
06037211910,Wilshire,10,29.4,99.3,51895.0,1702.0,71.9,62.7
06037554405,,,40.8,83.3,45944.0,1622.0,71.9,66.1
06037240010,Southeast Los Angeles,9,39.4,81.6,37292.0,1583.0,71.9,65.7
06037212420,Wilshire,10,32.5,96.9,55106.0,1656.0,71.9,63.6
06037214505,Wilshire,5,40.2,100.0,85147.0,3273.0,71.9,65.9
06037302004,,,46.6,81.9,59250.0,1998.0,71.9,67.8
06037532606,,,32.2,94.3,49154.0,1380.0,71.8,63.4
06037190102,Hollywood,13,40.3,97.4,79491.0,2123.0,71.8,65.9
06037212102,Wilshire,10,26.1,96.6,36830.0,1541.0,71.8,61.6
06037234302,West Adams - Baldwin Hills - Leimert,10,33.1,92.6,46773.0,1666.0,71.8,63.7
06037236101,West Adams - Baldwin Hills - Leimert,10,54.6,63.9,38606.0,1571.0,71.8,70.1
06037204600,Boyle Heights,14,48.4,76.9,52750.0,1653.0,71.8,68.3
06037231210,South Los Angeles,8,30.4,95.1,45560.0,1399.0,71.8,62.9
06037207502,Central City,14,17.5,100.0,20202.0,,71.8,59.1
06037206054,Boyle Heights,14,29.5,95.2,43125.0,1425.0,71.8,62.6
06037533300,,,49.5,74.7,51667.0,1587.0,71.7,68.5
06037234901,West Adams - Baldwin Hills - Leimert,8,29.2,96.9,46939.0,1050.0,71.7,62.5
06037120030,Mission Hills - Panorama City - North Hills,6,34.7,91.0,48281.0,1418.0,71.7,64.1
06037191810,Hollywood,13,35.8,97.2,67321.0,1938.0,71.7,64.4
06037212101,Wilshire,10,37.0,89.8,53208.0,2033.0,71.6,64.7
06037212501,Wilshire,10,32.1,96.5,55625.0,1645.0,71.6,63.2
06037190901,Hollywood,13,26.3,98.5,43667.0,1434.0,71.6,61.5
06037211202,Wilshire,10,30.0,97.4,51627.0,1348.0,71.6,62.6
06037294701,Wilmington - Harbor City,15,40.1,80.0,37844.0,1303.0,71.6,65.7
06037533901,,,40.0,86.4,53919.0,1670.0,71.5,65.6
06037191610,Hollywood,13,34.5,92.2,52354.0,1749.0,71.5,63.9
06037199120,Northeast Los Angeles,14,40.4,81.0,41850.0,1350.0,71.5,65.7
06037212502,Wilshire,10,34.7,96.5,63500.0,2023.0,71.5,64.0
06037191000,Hollywood,13,34.5,97.9,66101.0,2379.0,71.5,63.9
06037541606,,,39.3,82.2,42112.0,1398.0,71.5,65.3
06037127520,Reseda - West Van Nuys,6,27.5,100.0,52290.0,1612.0,71.4,61.7
06037221120,South Los Angeles,1,33.6,90.7,47368.0,1401.0,71.3,63.5
06037221401,South Los Angeles,10,38.3,87.8,54196.0,1441.0,71.3,64.8
06037117530,Mission Hills - Panorama City - North Hills,6,37.9,83.7,42661.0,1601.0,71.3,64.8
06037208502,Westlake,13,30.6,94.9,49543.0,1270.0,71.3,62.6
06037213320,Wilshire,10,30.3,90.1,37120.0,1277.0,71.2,62.4
06037228900,Southeast Los Angeles,9,33.3,86.2,36923.0,1188.0,71.1,63.3
06037231902,Southeast Los Angeles,9,39.6,77.7,34279.0,1420.0,71.1,65.1
06037310705,,,30.2,93.3,46146.0,2026.0,71.0,62.3
06037212410,Wilshire,10,29.3,96.3,51265.0,1792.0,71.0,61.9
06037302002,,,45.3,79.5,56510.0,2033.0,71.0,66.7
06037226410,Southeast Los Angeles,9,33.2,87.9,41563.0,1355.0,71.0,63.2
06037237202,South Los Angeles,8,64.4,54.9,50904.0,1837.0,71.0,72.4
06037302505,,,36.7,95.4,70903.0,1709.0,70.9,64.1
06037231710,South Los Angeles,9,29.2,93.2,43750.0,1444.0,70.9,61.9
06037204200,Boyle Heights,14,38.2,83.6,46646.0,1440.0,70.9,64.5
06037575102,,,43.3,78.0,47875.0,1770.0,70.8,66.0
06037221500,South Los Angeles,8,40.3,78.9,41908.0,1178.0,70.8,65.1
06037122122,Sun Valley - La Tuna Canyon,6,37.1,84.8,47799.0,1617.0,70.7,64.0
06037189904,Hollywood,4,33.8,97.8,70094.0,2141.0,70.7,63.1
06037302103,,,40.1,85.8,58611.0,1911.0,70.7,65.0
06037602506,,,37.5,89.6,60574.0,1736.0,70.7,64.2
06037576401,,,36.3,92.0,63015.0,1647.0,70.7,63.8
06037228410,Southeast Los Angeles,9,41.7,80.0,49153.0,1599.0,70.7,65.5
06037296600,San Pedro,15,40.3,80.9,47852.0,1494.0,70.6,65.0
06037229410,Southeast Los Angeles,9,47.1,79.0,62907.0,1658.0,70.6,67.0
06037209106,Westlake,1,28.0,90.7,36411.0,1381.0,70.6,61.3
06037234301,West Adams - Baldwin Hills - Leimert,10,47.9,67.5,37255.0,1455.0,70.6,67.2
06037125404,North Hollywood - Valley Village,2,35.5,99.7,79967.0,2677.0,70.6,63.5
06037123304,North Hollywood - Valley Village,2,44.5,75.2,46300.0,1533.0,70.6,66.2
06037533803,,,49.3,70.2,48000.0,1648.0,70.6,67.6
06037534102,,,37.2,84.4,48229.0,1582.0,70.5,63.9
06037602105,,,37.0,88.9,58686.0,1550.0,70.5,63.9
06037575401,,,26.7,96.7,48299.0,1448.0,70.5,60.8
06037294810,Wilmington - Harbor City,15,35.5,87.9,52315.0,1411.0,70.5,63.4
06037920047,,,35.9,93.2,66417.0,2328.0,70.5,63.5
06037573004,,,37.5,88.0,58168.0,1616.0,70.5,64.0
06037402504,,,56.0,56.3,34679.0,1229.0,70.4,69.4
06037124104,North Hollywood - Valley Village,2,35.0,88.8,53775.0,1729.0,70.4,63.2
06037190801,Hollywood,13,25.6,95.8,44207.0,1390.0,70.3,60.3
06037212204,Wilshire,1,24.6,96.8,44083.0,1530.0,70.3,60.0
06037134521,Canoga Park-West Hills-Winnetka-Woodland Hills,3,36.3,87.0,53413.0,1578.0,70.3,63.6
06037211124,Wilshire,1,35.0,93.3,65000.0,1868.0,70.3,63.2
06037554204,,,33.8,86.1,44007.0,1534.0,70.3,62.8
06037240401,South Los Angeles,8,44.3,71.5,39280.0,1559.0,70.2,65.9
06037920341,,,34.0,94.1,65382.0,1964.0,70.2,62.7
06037211121,Wilshire,13,38.3,91.3,70167.0,2039.0,70.2,64.1
06037210010,Westlake,1,25.7,87.7,25293.0,1020.0,70.2,60.3
06037570603,,,40.7,79.0,47656.0,1860.0,70.2,64.8
06037192620,Wilshire,13,26.5,97.7,52614.0,1504.0,70.1,60.5
06037532607,,,38.9,83.0,52778.0,1240.0,70.1,64.2
06037192510,Wilshire,13,39.7,86.8,64643.0,1901.0,70.1,64.4
06037229200,Southeast Los Angeles,9,36.6,83.7,48140.0,1600.0,70.1,63.4
06037190701,Hollywood,13,27.8,96.0,52321.0,1242.0,70.1,60.9
06037206053,Boyle Heights,14,32.9,86.0,43795.0,1162.0,70.0,62.3
06037301204,,,42.9,83.1,65665.0,2313.0,70.0,65.2
06037292001,Harbor Gateway,15,38.7,82.4,51747.0,1756.0,70.0,64.0
06037540600,,,44.9,66.7,31013.0,1585.0,70.0,65.9
06037209402,Westlake,1,26.8,94.8,47783.0,1169.0,70.0,60.5
06037195710,Silver Lake - Echo Park - Elysian Valley,13,39.1,86.9,63704.0,1729.0,70.0,64.1
06037113425,Chatsworth - Porter Ranch,3,33.7,95.7,69559.0,2220.0,70.0,62.6
06037242100,Southeast Los Angeles,15,19.0,96.8,29935.0,1056.0,70.0,58.2
06037576501,,,29.2,89.3,41750.0,1765.0,69.9,61.1
06037199900,Northeast Los Angeles,14,35.4,82.0,41563.0,1250.0,69.9,63.0
06037127603,Van Nuys - North Sherman Oaks,6,38.1,85.7,58460.0,1768.0,69.9,63.8
06037433506,,,42.3,76.2,47230.0,1467.0,69.9,65.0
06037576301,,,34.5,87.7,53813.0,1699.0,69.8,62.6
06037190520,Hollywood,13,30.0,93.6,55026.0,1603.0,69.8,61.3
06037534403,,,32.0,89.9,52139.0,1726.0,69.7,61.8
06037534302,,,33.8,91.8,62500.0,1830.0,69.7,62.3
06037231220,South Los Angeles,9,23.7,92.8,35319.0,1185.0,69.7,59.4
06037310704,,,41.0,82.7,60849.0,1770.0,69.7,64.5
06037462002,,,33.5,83.7,42101.0,1456.0,69.7,62.2
06037602510,,,33.8,87.7,53036.0,1676.0,69.6,62.3
06037576402,,,39.9,81.2,55148.0,1747.0,69.6,64.0
06037222600,South Los Angeles,8,36.5,84.1,52054.0,1655.0,69.6,63.1
06037540502,,,35.5,87.5,57724.0,1626.0,69.6,62.7
06037134520,Canoga Park-West Hills-Winnetka-Woodland Hills,3,32.9,89.3,55271.0,1665.0,69.5,61.9
06037231100,Southeast Los Angeles,9,30.7,88.6,46806.0,1294.0,69.5,61.3
06037120106,Mission Hills - Panorama City - North Hills,6,35.5,80.2,41045.0,1556.0,69.4,62.6
06037134522,Canoga Park-West Hills-Winnetka-Woodland Hills,3,40.7,80.3,56402.0,1645.0,69.4,64.2
06037310703,,,44.1,83.6,74107.0,2092.0,69.4,65.2
06037408800,,,32.6,88.5,53045.0,1789.0,69.4,61.8
06037127220,Van Nuys - North Sherman Oaks,6,41.1,75.7,46005.0,1774.0,69.4,64.3
06037207101,Central City North,1,30.7,98.3,71776.0,2196.0,69.4,61.2
06037234502,West Adams - Baldwin Hills - Leimert,8,40.8,68.6,28578.0,1242.0,69.3,64.1
06037203300,Northeast Los Angeles,14,31.1,85.4,42066.0,1514.0,69.3,61.2
06037125501,North Hollywood - Valley Village,2,34.8,88.6,60714.0,1898.0,69.3,62.3
06037113239,Chatsworth - Porter Ranch,3,42.6,75.4,50625.0,1731.0,69.3,64.7
06037910405,,,41.5,75.8,48000.0,1461.0,69.3,64.3
06037243100,Southeast Los Angeles,15,35.0,76.3,31765.0,1097.0,69.2,62.3
06037117201,Mission Hills - Panorama City - North Hills,7,46.9,71.4,54301.0,1564.0,69.2,65.8
06037127604,Van Nuys - North Sherman Oaks,6,30.9,87.9,47724.0,1735.0,69.2,61.1
06037209201,Westlake,1,34.7,93.5,73599.0,2654.0,69.1,62.2
06037601303,,,29.9,90.4,52113.0,1776.0,69.1,60.7
06037533603,,,41.3,76.0,50036.0,1460.0,69.1,64.1
06037221710,South Los Angeles,8,32.2,86.3,49848.0,1448.0,69.0,61.3
06037190402,Hollywood,13,25.9,100.0,64679.0,1873.0,69.0,59.5
06037602507,,,29.1,90.7,51281.0,1745.0,69.0,60.4
06037199001,Northeast Los Angeles,1,29.5,90.6,51917.0,1396.0,69.0,60.6
06037191302,Hollywood,13,33.6,91.0,65598.0,1800.0,68.9,61.7
06037301801,,,43.3,80.2,67145.0,2381.0,68.9,64.6
06037134710,Canoga Park-West Hills-Winnetka-Woodland Hills,3,37.7,81.6,54715.0,1737.0,68.9,62.9
06037237710,South Los Angeles,8,35.9,80.5,46909.0,1643.0,68.9,62.4
06037534406,,,23.1,96.8,50653.0,1578.0,68.8,58.5
06037212202,Wilshire,1,27.9,93.8,56719.0,1651.0,68.8,59.9
06037600304,,,36.4,84.1,58013.0,1544.0,68.8,62.4
06037294900,Wilmington - Harbor City,15,38.7,73.2,38676.0,1356.0,68.7,63.0
06037192420,Wilshire,4,36.5,87.9,68057.0,1871.0,68.7,62.4
06037123205,North Hollywood - Valley Village,2,48.5,70.7,60417.0,1825.0,68.7,66.0
06037601700,,,33.3,82.5,45847.0,1563.0,68.7,61.4
06037231800,Southeast Los Angeles,9,34.7,85.3,56623.0,1476.0,68.7,61.9
06037296220,San Pedro,15,20.1,96.8,42389.0,1110.0,68.7,57.5
06037532900,,,35.0,79.4,42704.0,1319.0,68.7,62.0
06037191620,Hollywood,13,26.8,95.8,59896.0,1649.0,68.6,59.5
06037601501,,,37.3,83.4,60109.0,1431.0,68.6,62.6
06037207400,Central City,14,31.7,100.0,85455.0,3040.0,68.5,60.8
06037131801,Reseda - West Van Nuys,3,40.3,79.6,60185.0,1573.0,68.5,63.4
06037228210,Southeast Los Angeles,9,41.4,73.3,47500.0,1441.0,68.5,63.7
06037101221,Sunland-E LaTuna Cyn-Lakevw Ter-Shadow Hls-Tujunga,7,39.8,77.8,53798.0,1761.0,68.5,63.2
06037124204,North Hollywood - Valley Village,2,33.6,84.2,52451.0,1591.0,68.5,61.4
06037302003,,,30.3,91.6,61250.0,2059.0,68.4,60.3
06037224200,Westlake,1,29.1,90.0,54032.0,1182.0,68.4,59.9
06037301502,,,34.6,90.4,71016.0,2171.0,68.4,61.6
06037191110,Hollywood,13,23.6,98.2,58482.0,1495.0,68.4,58.3
06037213100,Wilshire,10,37.7,81.5,57783.0,1652.0,68.4,62.5
06037302401,,,32.9,93.0,72005.0,1957.0,68.4,61.1
06037543203,,,42.9,69.5,43531.0,1968.0,68.4,64.1
06037218110,West Adams - Baldwin Hills - Leimert,10,31.8,84.2,48264.0,1675.0,68.3,60.7
06037571600,,,13.2,98.0,28590.0,647.0,68.3,55.1
06037601211,,,38.6,76.2,49167.0,1671.0,68.2,62.6
06037199700,Northeast Los Angeles,1,35.5,81.2,52577.0,1635.0,68.2,61.7
06037551102,,,27.8,92.9,59242.0,1797.0,68.1,59.4
06037432801,,,38.5,71.1,36964.0,916.0,68.1,62.6
06037602504,,,29.4,91.2,59634.0,1617.0,68.1,59.9
06037228600,Southeast Los Angeles,9,46.6,67.6,52083.0,1935.0,68.1,64.9
06037241002,Southeast Los Angeles,15,51.7,64.9,60938.0,1833.0,68.0,66.4
06037127805,Van Nuys - North Sherman Oaks,6,38.3,82.9,65952.0,1492.0,68.0,62.4
06037240020,Southeast Los Angeles,9,57.0,57.6,58030.0,1816.0,68.0,68.0
06037235202,West Adams - Baldwin Hills - Leimert,8,40.5,66.5,32475.0,1498.0,68.0,63.1
06037602513,,,29.8,92.8,65896.0,1751.0,68.0,59.8
06037134306,Canoga Park-West Hills-Winnetka-Woodland Hills,3,39.0,76.5,53170.0,1819.0,67.9,62.5
06037191820,Hollywood,13,33.1,91.8,73884.0,2194.0,67.9,60.8
06037191901,Hollywood,4,26.1,97.7,67442.0,2111.0,67.9,58.7
06037534201,,,40.2,75.6,54766.0,1693.0,67.8,62.8
06037228320,Southeast Los Angeles,9,34.4,82.2,54375.0,1666.0,67.8,61.1
06037220000,West Adams - Baldwin Hills - Leimert,10,46.6,67.3,53500.0,1641.0,67.8,64.7
06037600602,,,27.2,95.1,65129.0,1750.0,67.8,59.0
06037481712,,,39.6,72.1,44688.0,1695.0,67.8,62.7
06037601100,,,32.3,86.6,60174.0,1755.0,67.7,60.4
06037600100,,,37.1,79.2,56118.0,1555.0,67.7,61.8
06037221303,South Los Angeles,10,30.4,85.9,52560.0,1284.0,67.7,59.8
06037206050,Boyle Heights,14,19.2,97.5,48491.0,1099.0,67.7,56.5
06037232110,South Los Angeles,9,42.4,73.5,56989.0,1468.0,67.7,63.4
06037236206,West Adams - Baldwin Hills - Leimert,10,22.5,100.0,64259.0,1550.0,67.7,57.5
06037228220,Southeast Los Angeles,9,39.1,73.4,47269.0,1665.0,67.7,62.4
06037231301,South Los Angeles,8,43.2,71.3,54464.0,1637.0,67.7,63.6
06037115202,Northridge,12,55.8,61.4,66679.0,2121.0,67.6,67.3
06037237720,South Los Angeles,8,30.8,84.9,52143.0,1492.0,67.6,59.9
06037211201,Wilshire,10,27.8,92.5,62237.0,1623.0,67.6,59.0
06037192520,Wilshire,13,29.5,90.4,62591.0,1806.0,67.5,59.4
06037123510,Van Nuys - North Sherman Oaks,2,38.2,75.7,51546.0,1655.0,67.5,62.0
06037218800,West Adams - Baldwin Hills - Leimert,10,38.3,76.1,52667.0,1876.0,67.5,62.0
06037226420,Southeast Los Angeles,9,32.4,80.2,45840.0,1345.0,67.5,60.3
06037602505,,,27.3,94.7,67257.0,1652.0,67.5,58.7
06037536000,,,38.3,73.6,47115.0,1393.0,67.5,62.0
06037575201,,,33.9,80.2,51444.0,1644.0,67.4,60.6
06037221402,South Los Angeles,10,35.6,78.7,52313.0,1234.0,67.4,61.1
06037128220,Van Nuys - North Sherman Oaks,2,41.9,74.8,60794.0,1756.0,67.4,63.0
06037127104,Van Nuys - North Sherman Oaks,2,48.8,68.0,64678.0,1766.0,67.4,65.0
06037900704,,,23.1,98.9,65721.0,1685.0,67.4,57.4
06037121801,Sun Valley - La Tuna Canyon,6,40.3,72.0,50357.0,1846.0,67.3,62.5
06037296902,San Pedro,15,40.5,77.3,63563.0,1540.0,67.3,62.6
06037232120,South Los Angeles,9,37.7,78.0,57226.0,1521.0,67.3,61.7
06037239701,Southeast Los Angeles,9,42.3,63.9,36131.0,1260.0,67.3,63.1
06037552200,,,39.2,79.5,65389.0,1842.0,67.3,62.2
06037573300,,,37.5,75.7,51467.0,1663.0,67.3,61.6
06037208002,Westlake,1,34.2,86.2,68105.0,1415.0,67.2,60.6
06037204420,Boyle Heights,14,21.8,96.0,56481.0,1207.0,67.2,56.9
06037234002,West Adams - Baldwin Hills - Leimert,10,54.5,62.8,70299.0,1852.0,67.1,66.5
06037530203,,,33.8,79.7,52226.0,1834.0,67.1,60.4
06037190702,Hollywood,13,36.4,84.5,71221.0,1957.0,67.1,61.2
06037554203,,,43.1,72.4,60388.0,1394.0,67.1,63.2
06037208620,Westlake,13,29.0,89.2,61947.0,1661.0,67.0,58.9
06037125403,North Hollywood - Valley Village,2,31.6,95.9,85956.0,2235.0,67.0,59.7
06037229420,Southeast Los Angeles,9,39.7,76.2,61528.0,1581.0,66.9,62.0
06037226002,Central City,14,27.9,86.2,51917.0,1604.0,66.9,58.5
06037191410,Hollywood,13,24.2,91.3,53699.0,1362.0,66.9,57.4
06037600201,,,37.1,74.7,51154.0,1378.0,66.8,61.1
06037228720,Southeast Los Angeles,9,44.3,69.2,58680.0,1470.0,66.8,63.3
06037208001,Westlake,1,29.3,100.0,90564.0,2330.0,66.8,58.8
06037211704,Wilshire,10,28.0,87.0,54931.0,1630.0,66.8,58.5
06037240902,Southeast Los Angeles,8,45.2,62.2,44107.0,1438.0,66.8,63.5
06037553801,,,45.1,71.0,65037.0,1858.0,66.8,63.5
06037224600,Southeast Los Angeles,9,27.7,85.6,51765.0,1242.0,66.7,58.2
06037534202,,,34.6,76.7,49656.0,1653.0,66.7,60.3
06037127712,Van Nuys - North Sherman Oaks,6,32.6,84.9,64239.0,1695.0,66.7,59.7
06037701702,,,31.8,90.3,74971.0,2288.0,66.7,59.5
06037534405,,,31.8,82.0,54523.0,1775.0,66.7,59.5
06037533105,,,24.7,88.8,50658.0,1644.0,66.7,57.4
06037533103,,,28.5,85.3,52963.0,1480.0,66.7,58.5
06037551300,,,34.2,84.8,68468.0,1883.0,66.7,60.2
06037222200,South Los Angeles,8,37.8,77.2,59907.0,1556.0,66.7,61.3
06037206201,Central City,14,23.9,90.6,53431.0,2914.0,66.6,57.1
06037433305,,,28.4,86.0,55417.0,1729.0,66.6,58.4
06037123010,Sun Valley - La Tuna Canyon,2,40.7,69.3,50136.0,1687.0,66.6,62.0
06037197700,Silver Lake - Echo Park - Elysian Valley,1,33.2,82.8,61507.0,2062.0,66.6,59.8
06037231603,South Los Angeles,9,32.3,85.1,64423.0,1490.0,66.6,59.6
06037221110,South Los Angeles,1,23.3,88.3,46234.0,1134.0,66.6,56.9
06037135116,Canoga Park-West Hills-Winnetka-Woodland Hills,3,24.1,92.3,58750.0,2098.0,66.5,57.1
06037576200,,,28.6,85.2,54569.0,1588.0,66.5,58.4
06037211410,Wilshire,10,21.8,90.9,48952.0,1554.0,66.5,56.3
06037601600,,,38.1,71.9,49173.0,1336.0,66.5,61.2
06037573201,,,37.1,74.6,54132.0,1637.0,66.4,60.8
06037408724,,,22.9,98.0,69883.0,1707.0,66.4,56.6
06037541604,,,42.3,68.0,53218.0,1614.0,66.4,62.4
06037240500,Southeast Los Angeles,8,39.0,74.9,60982.0,1621.0,66.3,61.3
06037192700,Wilshire,13,24.6,90.7,58202.0,1760.0,66.3,57.0
06037203100,Northeast Los Angeles,14,26.6,88.9,58995.0,1163.0,66.3,57.7
06037530101,,,34.4,72.9,42972.0,1634.0,66.3,59.9
06037265523,Westwood,5,54.9,61.6,74226.0,2999.0,66.3,66.1
06037134905,Canoga Park-West Hills-Winnetka-Woodland Hills,3,38.5,92.2,101628.0,3118.0,66.3,61.2
06037900901,,,49.2,58.6,50509.0,1819.0,66.3,64.4
06037575402,,,36.4,80.9,69097.0,1609.0,66.2,60.5
06037296901,San Pedro,15,30.5,85.3,62668.0,1572.0,66.2,58.7
06037127910,Van Nuys - North Sherman Oaks,6,39.8,77.1,68981.0,1685.0,66.2,61.5
06037212900,Wilshire,10,23.9,94.3,65577.0,1490.0,66.2,56.8
06037293206,Harbor Gateway,15,42.8,75.6,74231.0,1810.0,66.2,62.4
06037237102,South Los Angeles,9,34.9,74.5,49063.0,1537.0,66.2,60.0
06037228310,Southeast Los Angeles,9,33.1,74.1,43676.0,1315.0,66.1,59.4
06037207102,Central City North,1,17.3,99.6,60227.0,1684.0,66.1,54.7
06037293205,Harbor Gateway,15,29.3,84.6,58101.0,1839.0,66.1,58.3
06037239802,Southeast Los Angeles,9,43.0,67.5,55924.0,1400.0,66.1,62.4
06037531202,,,31.3,80.6,53875.0,1250.0,66.1,58.9
06037227010,Southeast Los Angeles,9,28.6,81.9,50410.0,1257.0,66.0,58.0
06037461902,,,23.4,94.8,66786.0,2251.0,66.0,56.5
06037402304,,,35.6,71.9,46199.0,1407.0,66.0,60.1
06037106408,Sylmar,7,30.1,83.2,58056.0,1946.0,66.0,58.4
06037211703,Wilshire,13,23.0,92.5,59840.0,1621.0,66.0,56.3
06037402702,,,37.9,71.9,52484.0,1525.0,66.0,60.8
06037221602,South Los Angeles,1,21.8,90.2,51821.0,1238.0,65.9,55.9
06037980015,Wilmington - Harbor City,15,18.8,98.1,62534.0,1212.0,65.9,55.0
06037211420,Wilshire,10,27.8,85.9,58835.0,1704.0,65.9,57.7
06037124903,North Hollywood - Valley Village,2,38.2,81.9,78575.0,2112.0,65.9,60.8
06037481714,,,38.1,67.2,42713.0,1497.0,65.9,60.7
06037575802,,,38.7,71.6,54591.0,1613.0,65.9,61.0
06037501504,,,22.8,88.3,50685.0,1579.0,65.8,56.1
06037294830,Wilmington - Harbor City,15,36.3,77.8,64063.0,1446.0,65.8,60.1
06037600902,,,29.0,84.7,59498.0,1632.0,65.8,58.0
06037576403,,,33.4,85.9,75278.0,1830.0,65.8,59.3
06037900705,,,35.4,73.8,51746.0,1558.0,65.8,59.9
06037302104,,,37.0,84.3,81490.0,2029.0,65.8,60.4
06037143301,North Hollywood - Valley Village,2,43.2,82.4,95234.0,1961.0,65.8,62.2
06037207306,Central City,14,20.7,89.7,48897.0,1669.0,65.7,55.4
06037910502,,,41.7,62.3,42241.0,1412.0,65.7,61.7
06037482403,,,37.7,68.9,47125.0,1521.0,65.7,60.5
06037540201,,,27.9,82.2,51500.0,1465.0,65.7,57.6
06037601002,,,32.0,80.6,59220.0,1740.0,65.7,58.8
06037123204,North Hollywood - Valley Village,2,28.9,87.7,67500.0,1621.0,65.7,57.9
06037432802,,,26.1,87.6,59861.0,1679.0,65.6,56.9
06037240200,Southeast Los Angeles,8,41.6,66.1,52428.0,1562.0,65.6,61.6
06037207308,Central City,14,28.2,100.0,96098.0,2571.0,65.6,57.6
06037231720,South Los Angeles,9,31.2,76.2,47589.0,1122.0,65.5,58.4
06037532605,,,28.0,82.5,54006.0,1443.0,65.5,57.4
06037122410,Sun Valley - La Tuna Canyon,2,28.1,87.0,65060.0,1682.0,65.5,57.5
06037143606,Sherman Oaks-Studio City-Toluca Lake-Cahuenga Pass,4,31.5,97.2,99750.0,2372.0,65.5,58.5
06037482401,,,43.0,71.0,68750.0,1660.0,65.5,61.9
06037206010,Central City North,1,21.9,92.8,60703.0,1306.0,65.5,55.7
06037189201,Hollywood,4,23.2,95.9,72625.0,1945.0,65.5,56.0
06037123520,Van Nuys - North Sherman Oaks,2,50.5,58.6,59643.0,1871.0,65.5,64.2
06037534203,,,27.6,80.8,48545.0,1568.0,65.5,57.3
06037218120,West Adams - Baldwin Hills - Leimert,10,24.7,83.4,46586.0,1247.0,65.5,56.5
06037190902,Hollywood,13,28.6,89.0,71354.0,1692.0,65.5,57.6
06037302506,,,47.6,68.7,76208.0,1941.0,65.5,63.3
06037271801,Palms - Mar Vista - Del Rey,5,29.5,88.9,74506.0,2156.0,65.4,57.8
06037239201,Southeast Los Angeles,9,30.7,76.2,46327.0,1330.0,65.4,58.2
06037215101,Wilshire,5,27.5,96.6,87731.0,2570.0,65.4,57.2
06037190802,Hollywood,13,29.9,89.4,76806.0,1783.0,65.4,58.0
06037481102,,,28.6,92.8,81442.0,2035.0,65.4,57.5
06037218210,West Adams - Baldwin Hills - Leimert,10,27.7,84.2,58326.0,1640.0,65.3,57.2
06037214501,Wilshire,5,34.7,97.9,111875.0,3374.0,65.3,59.3
06037221304,South Los Angeles,10,20.6,91.1,54620.0,1530.0,65.3,55.1
06037433804,,,48.2,62.9,65213.0,2063.0,65.3,63.3
06037238100,South Los Angeles,8,45.3,66.5,66230.0,1192.0,65.3,62.4
06037214504,Wilshire,5,32.3,97.2,104435.0,2722.0,65.2,58.5
06037139504,Encino - Tarzana,4,39.2,70.8,59178.0,1939.0,65.2,60.6
06037602801,,,36.7,73.4,58810.0,1379.0,65.2,59.8
06037237101,South Los Angeles,9,35.8,73.7,57708.0,1441.0,65.1,59.5
06037297110,San Pedro,15,30.7,77.0,51659.0,1327.0,65.0,57.9
06037124902,North Hollywood - Valley Village,2,28.4,84.1,62051.0,1814.0,65.0,57.2
06037221220,South Los Angeles,1,28.3,80.1,52431.0,1312.0,65.0,57.2
06037533601,,,28.3,86.2,66964.0,1539.0,65.0,57.2
06037291110,Harbor Gateway,15,23.1,83.8,46536.0,1257.0,65.0,55.6
06037900703,,,32.6,80.0,64688.0,1505.0,65.0,58.5
06037294120,Wilmington - Harbor City,15,49.2,64.8,75096.0,1642.0,65.0,63.4
06037120108,Mission Hills - Panorama City - North Hills,6,46.8,61.1,58816.0,1525.0,65.0,62.7
06037214503,Wilshire,5,25.5,100.0,92431.0,2902.0,65.0,56.4
06037269601,West Adams - Baldwin Hills - Leimert,10,25.5,83.5,53185.0,1639.0,64.9,56.3
06037433403,,,32.4,75.9,54708.0,1494.0,64.9,58.3
06037576904,,,40.0,73.8,71644.0,1779.0,64.9,60.6
06037239202,Southeast Los Angeles,9,26.7,81.7,52434.0,1577.0,64.9,56.6
06037575902,,,26.5,85.0,59385.0,1818.0,64.9,56.6
06037265521,Westwood,5,29.4,91.5,83866.0,2305.0,64.9,57.5
06037480902,,,34.6,77.7,64732.0,1793.0,64.9,59.0
06037575202,,,35.0,74.7,59559.0,1598.0,64.8,59.0
06037576903,,,26.9,88.8,70932.0,1717.0,64.8,56.6
06037240700,Southeast Los Angeles,8,55.6,49.8,59107.0,1680.0,64.7,65.1
06037191500,Hollywood,13,27.5,86.2,66961.0,1599.0,64.7,56.7
06037575901,,,44.0,62.9,57404.0,1676.0,64.7,61.6
06037143200,Sherman Oaks-Studio City-Toluca Lake-Cahuenga Pass,2,47.5,70.4,86250.0,1959.0,64.7,62.7
06037216902,Wilshire,10,35.3,83.6,82986.0,1905.0,64.7,59.1
06037189905,Hollywood,4,31.2,86.8,80000.0,2151.0,64.6,57.7
06037120105,Mission Hills - Panorama City - North Hills,6,37.5,66.2,47903.0,1186.0,64.6,59.6
06037576302,,,26.3,83.0,56389.0,1428.0,64.6,56.3
06037301802,,,32.2,87.3,84265.0,2597.0,64.6,58.0
06037576901,,,28.1,83.0,61528.0,1653.0,64.6,56.8
06037573002,,,22.2,89.0,59560.0,1583.0,64.6,55.0
06037127103,Van Nuys - North Sherman Oaks,2,28.2,80.4,56071.0,1699.0,64.5,56.8
06037190302,Hollywood,13,26.6,86.6,66894.0,1995.0,64.5,56.3
06037241202,South Los Angeles,8,45.6,57.0,49036.0,1492.0,64.5,62.0
06037267504,West Los Angeles,11,38.0,86.6,99485.0,2359.0,64.5,59.7
06037115401,Northridge,12,41.8,66.4,62271.0,1938.0,64.4,60.7
06037124105,North Hollywood - Valley Village,2,31.3,80.7,66726.0,1727.0,64.4,57.6
06037134906,Canoga Park-West Hills-Winnetka-Woodland Hills,3,21.6,100.0,86275.0,1947.0,64.4,54.7
06037127102,Van Nuys - North Sherman Oaks,2,45.1,62.5,61848.0,1965.0,64.4,61.7
06037123206,North Hollywood - Valley Village,2,27.8,78.8,53036.0,1395.0,64.3,56.5
06037211123,Wilshire,10,22.0,97.0,80568.0,2610.0,64.3,54.8
06037910602,,,42.7,59.2,48143.0,1701.0,64.3,60.9
06037242000,Southeast Los Angeles,15,31.1,74.5,51840.0,1600.0,64.3,57.5
06037232800,Southeast Los Angeles,9,33.4,73.2,55625.0,1158.0,64.2,58.1
06037239602,Southeast Los Angeles,9,33.1,72.2,52679.0,1456.0,64.2,58.0
06037533104,,,17.7,86.9,44131.0,1345.0,64.2,53.4
06037320201,,7,30.7,82.9,72569.0,1605.0,64.1,57.2
06037216401,Wilshire,5,27.4,95.1,93229.0,2425.0,64.1,56.2
06037294520,Wilmington - Harbor City,15,39.9,65.5,56524.0,1572.0,64.1,59.9
06037128302,Van Nuys - North Sherman Oaks,6,29.9,77.9,57700.0,1680.0,64.1,57.0
06037900606,,,33.1,69.5,47161.0,1465.0,64.1,57.9
06037900804,,,47.7,51.9,46299.0,1773.0,64.0,62.2
06037481606,,,35.2,77.7,73344.0,1853.0,64.0,58.5
06037570203,,,28.0,78.2,53707.0,1741.0,64.0,56.4
06037481711,,,30.7,75.8,55797.0,1784.0,64.0,57.1
06037242300,Southeast Los Angeles,15,32.1,72.8,53062.0,1380.0,63.9,57.5
06037239320,Southeast Los Angeles,9,38.1,65.7,53542.0,1562.0,63.9,59.2
06037533702,,,40.9,69.4,70643.0,1360.0,63.9,60.1
06037208710,Westlake,1,24.9,85.5,63914.0,1836.0,63.9,55.3
06037553601,,,46.8,58.6,60900.0,1697.0,63.9,61.8
06037461901,,,29.4,80.2,64583.0,1679.0,63.8,56.6
06037124300,North Hollywood - Valley Village,2,41.0,68.8,69909.0,1791.0,63.8,60.1
06037501803,,,24.3,85.1,61890.0,1696.0,63.8,55.1
06037113238,Chatsworth - Porter Ranch,3,31.1,78.5,64717.0,1861.0,63.8,57.1
06037208501,Westlake,13,28.0,90.3,85313.0,1871.0,63.8,56.2
06037115203,Northridge,12,38.6,73.7,76121.0,1920.0,63.7,59.2
06037192300,Wilshire,4,41.7,71.4,78979.0,2301.0,63.7,60.2
06037531502,,,26.9,77.8,52083.0,1379.0,63.7,55.8
06037124203,North Hollywood - Valley Village,2,33.1,81.8,79570.0,1883.0,63.7,57.7
06037540202,,,34.4,72.3,60472.0,1684.0,63.7,58.0
06037300503,,,31.4,75.5,59821.0,2142.0,63.6,57.1
06037132301,Reseda - West Van Nuys,4,20.6,88.4,60517.0,1586.0,63.6,53.8
06037535901,,,53.7,49.0,59514.0,1734.0,63.6,63.7
06037532800,,,35.7,66.0,48952.0,1431.0,63.6,58.3
06037531504,,,36.6,70.5,63163.0,1554.0,63.6,58.6
06037540203,,,35.3,72.3,63831.0,1505.0,63.6,58.2
06037531604,,,33.9,71.0,57411.0,1418.0,63.5,57.7
06037241400,Southeast Los Angeles,15,48.5,60.6,73583.0,1652.0,63.5,62.1
06037128102,Van Nuys - North Sherman Oaks,2,25.2,81.3,57558.0,1584.0,63.5,55.1
06037216202,Wilshire,10,33.5,81.5,81875.0,2175.0,63.5,57.6
06037186401,Northeast Los Angeles,13,26.1,82.0,61250.0,1754.0,63.5,55.4
06037213310,Wilshire,1,27.4,81.5,64405.0,1566.0,63.5,55.8
06037406201,,,32.2,71.5,54471.0,1525.0,63.4,57.1
06037301100,,,53.0,59.4,84249.0,2157.0,63.4,63.3
06037650606,,,26.2,90.8,84961.0,2043.0,63.3,55.3
06037433903,,,45.1,55.8,53681.0,1663.0,63.3,60.9
06037221601,South Los Angeles,8,30.4,74.9,58125.0,1195.0,63.3,56.5
06037482304,,,25.7,80.1,57200.0,1513.0,63.3,55.1
06037128601,Van Nuys - North Sherman Oaks,4,30.4,80.7,71893.0,1709.0,63.3,56.5
06037124102,North Hollywood - Valley Village,2,37.8,73.6,76315.0,1892.0,63.3,58.7
06037120400,Mission Hills - Panorama City - North Hills,6,41.8,65.3,67679.0,1589.0,63.3,59.9
06037199400,Northeast Los Angeles,1,30.5,73.6,55573.0,1464.0,63.2,56.5
06037115403,Northridge,12,31.9,78.6,72036.0,1709.0,63.2,56.9
06037301602,,,41.3,69.7,77813.0,1910.0,63.2,59.7
06037603004,,,29.8,83.5,77765.0,1698.0,63.2,56.3
06037208610,Westlake,13,24.3,89.1,75761.0,1742.0,63.2,54.6
06037277200,Westchester - Playa del Rey,11,27.3,79.0,60719.0,1925.0,63.1,55.5
06037535603,,,32.3,74.0,62930.0,1582.0,63.1,56.9
06037239310,Southeast Los Angeles,9,20.2,84.0,52606.0,1550.0,63.0,53.3
06037229300,Southeast Los Angeles,9,29.8,74.3,57013.0,1480.0,63.0,56.1
06037533902,,,32.2,71.6,57803.0,1823.0,62.9,56.8
06037237800,South Los Angeles,8,62.2,35.8,57188.0,1360.0,62.9,65.7
06037214400,Wilshire,5,27.1,95.1,100792.0,2671.0,62.9,55.2
06037123901,North Hollywood - Valley Village,2,37.8,64.3,56333.0,1878.0,62.9,58.4
06037535501,,,31.4,72.1,56625.0,1336.0,62.9,56.5
06037267403,West Los Angeles,11,27.3,91.7,93094.0,2369.0,62.9,55.3
06037212610,Wilshire,4,28.3,81.2,70495.0,1701.0,62.9,55.6
06037700200,,,28.0,90.7,93431.0,2125.0,62.8,55.4
06037218300,West Adams - Baldwin Hills - Leimert,10,31.5,74.6,64234.0,1847.0,62.8,56.5
06037127803,Van Nuys - North Sherman Oaks,6,31.5,77.2,70500.0,1748.0,62.8,56.5
06037133102,Reseda - West Van Nuys,3,37.6,66.1,60741.0,1769.0,62.8,58.3
06037533402,,,25.6,79.9,59886.0,1267.0,62.8,54.7
06037269908,Palms - Mar Vista - Del Rey,5,17.4,98.9,83562.0,1867.0,62.7,52.2
06037402501,,,29.5,73.9,57206.0,1404.0,62.7,55.8
06037218900,West Adams - Baldwin Hills - Leimert,10,21.2,85.8,62128.0,1685.0,62.7,53.4
06037189501,Hollywood,4,33.2,81.3,86563.0,1945.0,62.7,56.9
06037207305,Central City,14,23.2,84.1,64196.0,2022.0,62.7,53.9
06037533504,,,30.7,74.7,62917.0,1469.0,62.7,56.1
06037104701,Arleta - Pacoima,7,26.0,76.3,53011.0,1349.0,62.7,54.7
06037137202,Canoga Park-West Hills-Winnetka-Woodland Hills,3,34.6,72.8,69526.0,2253.0,62.7,57.3
06037189906,Hollywood,13,27.7,92.4,97104.0,2288.0,62.7,55.3
06037301702,,,38.3,73.3,81173.0,2052.0,62.7,58.4
06037127400,Van Nuys - North Sherman Oaks,6,32.8,72.7,63587.0,1643.0,62.7,56.8
06037224310,Westlake,1,20.3,87.1,62632.0,1271.0,62.7,53.1
06037296210,San Pedro,15,28.2,77.3,62600.0,1219.0,62.6,55.3
06037604002,,,37.4,72.2,77098.0,2012.0,62.6,58.1
06037131021,Reseda - West Van Nuys,4,27.8,77.1,60609.0,1623.0,62.6,55.3
06037207901,Central City,14,20.9,89.7,71726.0,3004.0,62.6,53.2
06037600400,,,48.6,54.3,65145.0,1206.0,62.6,61.4
06037533002,,,40.8,59.5,55625.0,1265.0,62.6,59.1
06037530901,,,33.6,72.7,67700.0,1611.0,62.5,56.9
06037573101,,,29.2,79.2,70795.0,1785.0,62.5,55.6
06037199802,Northeast Los Angeles,14,31.8,71.3,59219.0,1488.0,62.5,56.3
06037310501,,,22.2,88.6,73324.0,1872.0,62.5,53.5
06037125310,North Hollywood - Valley Village,2,22.6,81.8,58548.0,1904.0,62.5,53.6
06037533401,,,26.2,78.5,60737.0,1567.0,62.5,54.7
06037602104,,,32.6,74.8,69798.0,1804.0,62.5,56.6
06037232601,South Los Angeles,8,38.4,64.2,60962.0,1444.0,62.5,58.3
06037602403,,,30.2,80.1,76286.0,1689.0,62.5,55.8
06037186301,Northeast Los Angeles,13,36.7,70.5,71518.0,1822.0,62.4,57.7
06037402804,,,30.8,72.6,59988.0,1683.0,62.4,56.0
06037104822,Arleta - Pacoima,7,32.6,65.9,48750.0,1614.0,62.4,56.5
06037226701,Southeast Los Angeles,9,31.0,68.9,51667.0,1391.0,62.4,56.0
06037533108,,,25.5,77.4,56473.0,1417.0,62.4,54.4
06037127606,Van Nuys - North Sherman Oaks,6,35.0,70.3,66383.0,1815.0,62.4,57.2
06037201401,Northeast Los Angeles,14,42.8,56.2,55313.0,1639.0,62.3,59.5
06037576502,,,28.5,83.3,80625.0,1784.0,62.3,55.2
06037209820,Westlake,1,20.5,82.1,54722.0,1099.0,62.3,52.8
06037601801,,,34.9,65.7,56786.0,1679.0,62.2,57.0
06037239330,Southeast Los Angeles,9,30.2,74.5,64615.0,1549.0,62.2,55.6
06037232702,South Los Angeles,9,35.2,70.7,70263.0,1524.0,62.1,57.1
06037239702,Southeast Los Angeles,9,32.8,73.4,70034.0,1579.0,62.1,56.3
06037433602,,,40.3,53.2,42465.0,1801.0,62.1,58.5
06037532101,,,31.8,70.1,59203.0,1693.0,62.1,56.0
06037199201,Northeast Los Angeles,1,24.6,80.6,64167.0,1412.0,62.1,53.9
06037141101,Sherman Oaks-Studio City-Toluca Lake-Cahuenga Pass,4,38.9,72.3,85000.0,2291.0,62.1,58.2
06037127210,Van Nuys - North Sherman Oaks,6,35.2,68.2,64000.0,1775.0,62.1,57.1
06037602404,,,29.8,76.2,67736.0,1768.0,62.1,55.5
06037311602,,,30.7,81.5,84535.0,2490.0,62.0,55.6
06037188100,Northeast Los Angeles,13,34.5,75.7,81283.0,2167.0,62.0,56.7
06037432901,,,42.1,59.2,62618.0,1692.0,62.0,59.1
06037700101,,,24.2,93.0,94194.0,2197.0,62.0,53.7
06037240301,South Los Angeles,8,33.4,68.5,60703.0,1408.0,62.0,56.4
06037542601,,,33.4,70.8,67112.0,1423.0,61.9,56.3
06037208402,Westlake,13,25.9,84.5,78594.0,1885.0,61.9,54.1
06037291120,Harbor Gateway,15,35.3,71.1,73167.0,1563.0,61.9,56.9
06037119341,Mission Hills - Panorama City - North Hills,6,37.6,60.4,53623.0,1900.0,61.9,57.6
06037576503,,,21.9,84.5,66891.0,1743.0,61.9,53.0
06037131022,Reseda - West Van Nuys,3,29.3,74.9,65000.0,1868.0,61.9,55.1
06037113427,Chatsworth - Porter Ranch,3,26.8,76.6,62266.0,1739.0,61.9,54.4
06037139303,Encino - Tarzana,3,32.0,72.6,67891.0,1739.0,61.8,55.8
06037204910,Boyle Heights,14,20.9,78.2,49407.0,1240.0,61.8,52.6
06037900808,,,59.7,38.5,64620.0,1673.0,61.8,64.1
06037123104,North Hollywood - Valley Village,2,37.6,67.4,71606.0,1811.0,61.8,57.5
06037237600,South Los Angeles,8,20.9,78.2,49799.0,1374.0,61.8,52.6
06037532700,,,28.2,74.2,60743.0,1356.0,61.8,54.7
06037199002,Northeast Los Angeles,1,33.5,71.8,70519.0,1961.0,61.8,56.3
06037125402,North Hollywood - Valley Village,2,29.0,84.3,88943.0,2220.0,61.7,54.9
06037203500,Boyle Heights,14,28.1,71.2,54250.0,1453.0,61.7,54.6
06037501804,,,24.0,79.1,61438.0,1568.0,61.7,53.4
06037462302,,,27.1,80.9,74679.0,2055.0,61.7,54.3
06037139401,Encino - Tarzana,3,35.5,73.9,81815.0,2083.0,61.7,56.8
06037576601,,,34.0,70.5,69195.0,1821.0,61.7,56.4
06037216201,Wilshire,5,43.0,77.8,112798.0,2747.0,61.7,59.1
06037127920,Van Nuys - North Sherman Oaks,2,45.2,58.1,71042.0,1863.0,61.7,59.7
06037204810,Boyle Heights,14,29.3,70.6,56756.0,1478.0,61.6,54.9
06037535001,,,30.2,69.9,57241.0,1574.0,61.6,55.2
06037185320,Northeast Los Angeles,1,35.3,64.6,59309.0,1200.0,61.6,56.7
06037800337,,,50.5,61.0,93971.0,3182.0,61.6,61.2
06037575101,,,27.6,76.4,65640.0,1755.0,61.6,54.4
06037123420,North Hollywood - Valley Village,2,32.3,67.0,56519.0,1631.0,61.6,55.8
06037240800,Southeast Los Angeles,8,47.1,53.2,65852.0,1500.0,61.6,60.2
06037535002,,,28.6,68.5,49621.0,1244.0,61.6,54.7
06037570304,,,26.4,73.5,55396.0,1490.0,61.6,54.1
06037432402,,,34.6,66.5,61563.0,1672.0,61.6,56.5
06037269903,Palms - Mar Vista - Del Rey,5,20.9,95.3,92861.0,2260.0,61.6,52.5
06037700102,,,21.3,84.7,68628.0,1966.0,61.5,52.5
06037122121,Sun Valley - La Tuna Canyon,2,32.8,66.5,57500.0,1629.0,61.5,55.9
06037195901,Silver Lake - Echo Park - Elysian Valley,13,22.5,92.2,90417.0,2064.0,61.5,52.9
06037603101,,,41.2,67.4,83884.0,1961.0,61.5,58.4
06037124103,North Hollywood - Valley Village,2,40.4,62.8,70350.0,1623.0,61.5,58.1
06037534404,,,26.0,73.1,54063.0,1407.0,61.5,53.8
06037650604,,,14.9,92.2,69448.0,1857.0,61.4,50.5
06037901215,,,53.3,45.2,65568.0,1133.0,61.4,61.9
06037115104,Northridge,12,36.8,72.9,86522.0,2075.0,61.3,56.9
06037578000,,,28.6,71.2,59141.0,1518.0,61.2,54.4
06037310601,,,34.0,75.6,85091.0,2128.0,61.2,56.0
06037577000,,,29.0,80.4,83329.0,1869.0,61.1,54.5
06037302301,,,35.2,77.2,93203.0,2143.0,61.1,56.3
06037222002,South Los Angeles,8,38.4,63.9,70127.0,1460.0,61.1,57.3
06037300601,,,50.0,61.7,98457.0,2347.0,61.1,60.7
06037535400,Southeast Los Angeles,15,40.1,56.5,57000.0,1646.0,61.1,57.8
06037143605,Sherman Oaks-Studio City-Toluca Lake-Cahuenga Pass,2,26.0,95.8,112716.0,3338.0,61.1,53.5
06037218220,West Adams - Baldwin Hills - Leimert,10,35.7,67.8,71964.0,1878.0,61.1,56.4
06037480901,,,27.4,78.0,73211.0,1676.0,61.1,54.0
06037267404,West Los Angeles,11,23.9,84.6,78606.0,2445.0,61.1,53.0
06037602602,,,49.9,48.9,67174.0,1824.0,61.0,60.6
06037228420,Southeast Los Angeles,9,28.1,79.2,78750.0,1634.0,61.0,54.1
06037910715,,,77.4,20.4,77057.0,1836.0,61.0,68.8
06037128602,Van Nuys - North Sherman Oaks,2,52.1,54.6,87574.0,1942.0,61.0,61.3
06037221210,South Los Angeles,10,26.3,77.3,68388.0,1443.0,61.0,53.6
06037533204,,,34.4,67.7,69063.0,1562.0,61.0,56.0
06037301206,,,33.8,74.8,83932.0,2123.0,61.0,55.8
06037207712,Central City,14,22.4,89.4,87687.0,2745.0,60.9,52.3
06037482202,,,29.2,73.3,67712.0,2024.0,60.9,54.4
06037533805,,,29.3,70.0,60504.0,1585.0,60.9,54.4
06037203200,Boyle Heights,14,26.2,72.8,58199.0,1693.0,60.9,53.5
06037134907,Canoga Park-West Hills-Winnetka-Woodland Hills,3,15.0,100.0,92020.0,2614.0,60.9,50.2
06037239801,Southeast Los Angeles,9,43.7,55.9,67724.0,1651.0,60.9,58.7
06037197500,Silver Lake - Echo Park - Elysian Valley,1,21.4,88.7,83167.0,1726.0,60.9,52.0
06037242202,Southeast Los Angeles,15,28.3,64.6,44355.0,1147.0,60.9,54.1
06037265204,Westwood,5,40.6,79.9,117829.0,3217.0,60.8,57.7
06037141303,Sherman Oaks-Studio City-Toluca Lake-Cahuenga Pass,4,27.8,82.0,85878.0,2317.0,60.8,53.9
06037183810,Northeast Los Angeles,1,28.1,82.8,89137.0,1709.0,60.8,53.9
06037121900,Sun Valley - La Tuna Canyon,6,42.2,53.3,57381.0,1742.0,60.8,58.2
06037601401,,,21.0,78.1,56908.0,1532.0,60.8,51.9
06037232401,South Los Angeles,8,45.4,52.6,65125.0,1992.0,60.8,59.1
06037575103,,,19.1,82.8,63813.0,1767.0,60.7,51.2
06037238200,South Los Angeles,8,27.1,67.5,49351.0,1251.0,60.7,53.6
06037229100,Southeast Los Angeles,9,35.3,61.7,58906.0,1657.0,60.7,56.0
06037195720,Silver Lake - Echo Park - Elysian Valley,13,25.6,80.5,76696.0,2111.0,60.7,53.1
06037134002,Canoga Park-West Hills-Winnetka-Woodland Hills,3,43.0,58.3,72901.0,1572.0,60.7,58.3
06037533602,,,20.9,79.0,59846.0,1383.0,60.7,51.8
06037128101,Van Nuys - North Sherman Oaks,2,33.4,73.7,82232.0,1809.0,60.7,55.5
06037231400,South Los Angeles,8,30.6,65.5,54872.0,1438.0,60.7,54.6
06037296500,San Pedro,15,38.0,62.9,69792.0,1517.0,60.7,56.8
06037127605,Van Nuys - North Sherman Oaks,6,27.0,76.6,71500.0,1828.0,60.7,53.5
06037534001,,,20.2,81.4,64886.0,1450.0,60.5,51.4
06037219300,West Adams - Baldwin Hills - Leimert,10,28.4,70.6,62188.0,1470.0,60.5,53.8
06037211500,Wilshire,13,42.8,64.9,89688.0,1774.0,60.5,58.1
06037235201,West Adams - Baldwin Hills - Leimert,8,59.9,34.0,63662.0,906.0,60.5,63.2
06037554403,,,32.5,71.5,75887.0,1822.0,60.5,55.1
06037197600,Silver Lake - Echo Park - Elysian Valley,1,26.1,84.8,90192.0,2182.0,60.5,53.1
06037127804,Van Nuys - North Sherman Oaks,6,26.1,76.1,68790.0,1829.0,60.5,53.1
06037104703,Arleta - Pacoima,7,31.5,61.1,47981.0,1831.0,60.5,54.7
06037701701,,,26.3,78.3,74926.0,2166.0,60.5,53.2
06037602106,,,23.1,84.3,81283.0,1624.0,60.4,52.2
06037183610,Northeast Los Angeles,1,36.5,67.9,79955.0,2198.0,60.4,56.1
06037531102,,,21.7,73.8,50900.0,1301.0,60.4,51.8
06037111402,Granada Hills - Knollwood,12,22.8,75.7,58650.0,1583.0,60.4,52.1
06037191204,Hollywood,13,17.4,86.4,70525.0,1682.0,60.3,50.4
06037433901,,,30.6,70.5,69348.0,1733.0,60.3,54.4
06037104404,Arleta - Pacoima,7,48.7,56.7,88125.0,1840.0,60.3,59.7
06037272302,Palms - Mar Vista - Del Rey,11,18.0,88.3,76498.0,1839.0,60.3,50.6
06037131023,Reseda - West Van Nuys,3,48.3,51.7,74954.0,2061.0,60.3,59.6
06037701902,,,19.3,98.0,105199.0,3210.0,60.2,50.9
06037276607,Westchester - Playa del Rey,11,35.5,74.5,94491.0,2878.0,60.2,55.7
06037535702,,,28.9,72.5,70506.0,1412.0,60.2,53.8
06037570305,,,27.9,68.8,58333.0,1760.0,60.2,53.5
06037603801,,,36.9,65.0,75417.0,1709.0,60.2,56.1
06037132102,Reseda - West Van Nuys,6,47.5,52.1,74313.0,2040.0,60.2,59.3
06037213202,Wilshire,10,21.7,79.1,65956.0,1701.0,60.2,51.6
06037603706,,,10.3,95.5,72656.0,1720.0,60.2,48.2
06037462700,,,31.4,67.9,66648.0,1825.0,60.2,54.5
06037191420,Hollywood,13,21.5,81.7,72574.0,1802.0,60.1,51.5
06037403722,,,37.7,62.0,70665.0,1781.0,60.1,56.3
06037189907,Hollywood,13,20.2,91.9,93470.0,2201.0,60.1,51.1
06037432601,,,38.5,57.2,61775.0,1779.0,60.1,56.5
06037602003,,,36.3,63.3,69850.0,1808.0,60.1,55.9
06037265100,Westwood,5,69.4,42.8,116016.0,3501.0,60.0,65.6
06037554404,,,28.5,76.7,80767.0,1747.0,60.0,53.5
06037431003,,,34.8,71.5,86383.0,1965.0,60.0,55.4
06037104105,Arleta - Pacoima,7,43.4,50.6,60519.0,1428.0,60.0,57.9
06037541401,,,28.7,70.9,66993.0,1611.0,60.0,53.6
06037572500,,,25.5,67.6,50819.0,1115.0,59.9,52.5
06037531602,,,26.2,72.6,64839.0,1577.0,59.9,52.8
06037574902,,,28.4,78.6,85933.0,2335.0,59.9,53.4
06037601001,,,15.2,83.2,60250.0,1573.0,59.8,49.3
06037232500,South Los Angeles,8,42.2,55.8,71045.0,1534.0,59.8,57.4
06037571704,,,36.1,58.0,58649.0,1754.0,59.8,55.6
06037135115,Canoga Park-West Hills-Winnetka-Woodland Hills,3,27.7,84.9,100108.0,2268.0,59.8,53.1
06037102103,Sun Valley - La Tuna Canyon,2,54.5,41.9,72656.0,2652.0,59.8,61.0
06037534002,,,27.9,76.5,80500.0,1870.0,59.8,53.1
06037240600,Southeast Los Angeles,8,31.1,65.7,62796.0,1739.0,59.8,54.1
06037530400,,,22.1,67.0,40889.0,,59.7,51.4
06037204300,Boyle Heights,14,21.4,73.7,55119.0,1316.0,59.7,51.1
06037542106,,,31.3,61.0,52708.0,1302.0,59.7,54.1
06037228100,Southeast Los Angeles,9,33.6,56.8,49291.0,1440.0,59.7,54.8
06037269100,West Los Angeles,5,35.3,73.6,95484.0,2950.0,59.7,55.3
06037530204,,,26.6,72.3,67500.0,1771.0,59.6,52.6
06037462202,,,29.3,84.0,103618.0,2726.0,59.6,53.4
06037218500,West Adams - Baldwin Hills - Leimert,10,25.1,77.8,76481.0,1529.0,59.6,52.2
06037122420,Sun Valley - La Tuna Canyon,2,30.6,71.1,76250.0,1657.0,59.6,53.8
06037269905,Palms - Mar Vista - Del Rey,5,18.4,99.1,109186.0,2346.0,59.6,50.2
06037602002,,,35.3,66.0,77344.0,1787.0,59.6,55.2
06037601302,,,29.3,73.2,77744.0,1873.0,59.6,53.4
06037270200,West Adams - Baldwin Hills - Leimert,10,29.7,73.9,80563.0,1847.0,59.6,53.5
06037218701,West Adams - Baldwin Hills - Leimert,10,35.4,57.8,57705.0,1745.0,59.6,55.2
06037700902,,,29.1,83.9,103460.0,2634.0,59.6,53.3
06037188201,Hollywood,4,30.5,78.3,94063.0,2289.0,59.5,53.7
06037131702,Reseda - West Van Nuys,3,58.0,36.2,70962.0,2305.0,59.5,61.9
06037234600,West Adams - Baldwin Hills - Leimert,8,60.4,32.2,67882.0,1866.0,59.5,62.6
06037191301,Hollywood,13,22.9,81.5,80086.0,1731.0,59.5,51.4
06037603301,,,29.7,68.0,66786.0,1705.0,59.5,53.5
06037203710,Boyle Heights,14,24.4,79.1,78333.0,1523.0,59.5,51.9
06037273404,Venice,11,34.3,69.7,84449.0,2220.0,59.5,54.8
06037553902,,,30.2,69.3,71053.0,2077.0,59.5,53.6
06037232602,South Los Angeles,9,38.5,59.5,71799.0,1735.0,59.4,56.0
06037554002,,,32.5,65.5,69658.0,1804.0,59.4,54.2
06037128703,Van Nuys - North Sherman Oaks,4,26.9,85.3,101705.0,2368.0,59.4,52.6
06037232701,South Los Angeles,9,38.7,62.0,78438.0,1598.0,59.4,56.1
06037125101,North Hollywood - Valley Village,2,21.5,83.4,81944.0,1854.0,59.4,50.9
06037123602,Van Nuys - North Sherman Oaks,2,35.5,61.5,69311.0,1688.0,59.3,55.0
06037432602,,,59.6,34.1,71875.0,1942.0,59.3,62.2
06037294510,Wilmington - Harbor City,15,33.1,62.0,63688.0,1334.0,59.3,54.3
06037189801,Hollywood,13,26.4,75.8,77386.0,2341.0,59.3,52.4
06037571701,,,38.2,61.8,77668.0,1656.0,59.3,55.8
06037601212,,,23.0,76.1,68728.0,1508.0,59.3,51.3
06037217200,Wilshire,10,26.4,76.2,79338.0,1823.0,59.2,52.3
06037127806,Van Nuys - North Sherman Oaks,6,23.8,80.0,81250.0,1774.0,59.2,51.5
06037228800,Southeast Los Angeles,9,29.8,62.8,56282.0,1574.0,59.2,53.3
06037701402,,,19.8,85.2,82459.0,2476.0,59.2,50.3
06037576602,,,23.3,83.1,88268.0,2033.0,59.1,51.3
06037186404,Northeast Los Angeles,1,28.8,75.6,85417.0,2093.0,59.1,52.9
06037570602,,,48.4,48.9,76923.0,1803.0,59.1,58.7
06037206052,Central City North,14,25.8,87.8,107208.0,2939.0,59.1,52.0
06037276101,Westchester - Playa del Rey,11,21.1,94.9,111085.0,2773.0,59.1,50.6
06037215102,Wilshire,5,14.9,98.9,102191.0,2204.0,59.1,48.8
06037301902,,,35.8,72.1,97344.0,2257.0,59.1,55.0
06037461600,,,32.0,68.3,77986.0,2081.0,59.0,53.7
06037504200,,,30.9,67.7,73338.0,1807.0,59.0,53.4
06037271803,Palms - Mar Vista - Del Rey,5,17.3,93.8,97629.0,2134.0,59.0,49.4
06037402001,,,45.3,52.0,76136.0,2098.0,59.0,57.8
06037297201,San Pedro,15,29.2,67.4,67303.0,1699.0,59.0,53.0
06037554101,,,29.9,68.5,72250.0,1548.0,59.0,53.2
06037216302,Wilshire,5,25.3,83.8,96477.0,2328.0,59.0,51.8
06037430101,,,33.6,59.3,60583.0,1474.0,59.0,54.2
06037603005,,,30.3,67.4,71458.0,1832.0,58.9,53.2
06037311801,,,30.4,73.2,85682.0,1820.0,58.9,53.2
06037203720,Boyle Heights,14,29.1,68.6,70833.0,1429.0,58.9,52.8
06037531301,,,21.0,75.5,64259.0,1420.0,58.9,50.4
06037103201,Sunland-E LaTuna Cyn-Lakevw Ter-Shadow Hls-Tujunga,7,33.9,71.4,91213.0,1727.0,58.9,54.3
06037267502,West Los Angeles,11,29.7,75.1,89408.0,2328.0,58.8,52.9
06037273300,Venice,11,29.4,76.6,91875.0,2408.0,58.8,52.9
06037433505,,,29.0,66.4,65865.0,1612.0,58.8,52.8
06037239501,Southeast Los Angeles,9,26.7,67.7,62174.0,1525.0,58.8,52.1
06037269602,West Adams - Baldwin Hills - Leimert,10,29.0,76.5,91212.0,2026.0,58.7,52.7
06037115302,Northridge,12,35.0,63.3,76250.0,1855.0,58.7,54.4
06037275500,Palms - Mar Vista - Del Rey,11,19.3,75.6,60750.0,1111.0,58.7,49.8
06037534501,,,26.0,68.0,62083.0,1665.0,58.7,51.7
06037576801,,,18.0,81.6,71797.0,1813.0,58.7,49.4
06037600704,,,37.6,59.5,74405.0,2135.0,58.7,55.2
06037700502,,,35.3,72.4,100636.0,2209.0,58.6,54.4
06037119342,Mission Hills - Panorama City - North Hills,6,44.9,51.5,76713.0,2053.0,58.6,57.3
06037120300,Mission Hills - Panorama City - North Hills,6,48.1,39.4,56364.0,1477.0,58.6,58.3
06037240402,South Los Angeles,8,43.1,51.9,72813.0,1305.0,58.6,56.7
06037187102,Northeast Los Angeles,13,30.1,67.3,72760.0,1626.0,58.6,52.9
06037241300,South Los Angeles,15,35.8,53.3,55208.0,1297.0,58.6,54.6
06037600802,,,32.0,60.3,60913.0,1603.0,58.6,53.5
06037433302,,,15.8,79.4,61210.0,1555.0,58.6,48.7
06037135113,Canoga Park-West Hills-Winnetka-Woodland Hills,3,28.5,85.1,112552.0,2847.0,58.5,52.4
06037980016,,,7.5,93.0,70833.0,1325.0,58.5,46.1
06037216402,Wilshire,5,23.6,85.4,99213.0,2536.0,58.5,50.9
06037274100,Venice,11,48.2,58.5,104643.0,3487.0,58.4,58.2
06037227020,Southeast Los Angeles,9,31.1,64.7,70575.0,1670.0,58.4,53.1
06037128801,Van Nuys - North Sherman Oaks,4,26.1,75.8,83125.0,2189.0,58.4,51.6
06037214800,Wilshire,5,28.3,77.3,94229.0,2295.0,58.3,52.2
06037222100,South Los Angeles,8,25.7,67.8,63458.0,1743.0,58.3,51.4
06037601900,,,26.0,68.1,65215.0,1590.0,58.3,51.4
06037267406,West Los Angeles,11,22.9,82.5,91008.0,2397.0,58.3,50.6
06037702002,,,24.2,85.0,101648.0,2477.0,58.3,50.9
06037273800,Venice,11,33.6,71.9,97155.0,2522.0,58.2,53.7
06037271702,Palms - Mar Vista - Del Rey,5,28.7,72.6,84515.0,2282.0,58.2,52.2
06037228710,Southeast Los Angeles,9,28.8,66.2,69333.0,1655.0,58.2,52.2
06037199801,Northeast Los Angeles,14,28.6,66.2,68661.0,1528.0,58.2,52.2
06037500900,,,38.6,48.6,54531.0,1369.0,58.2,55.1
06037212701,Wilshire,5,32.5,65.4,78370.0,1719.0,58.1,53.3
06037535102,,,33.9,58.5,65873.0,1697.0,58.1,53.7
06037402801,,,28.9,68.4,76034.0,1480.0,58.1,52.2
06037535606,,,32.9,59.2,64567.0,1411.0,58.1,53.4
06037267503,West Los Angeles,11,35.0,85.8,136038.0,2387.0,58.1,54.0
06037137501,Canoga Park-West Hills-Winnetka-Woodland Hills,3,40.4,63.9,98555.0,2597.0,58.0,55.5
06037195903,Silver Lake - Echo Park - Elysian Valley,13,22.9,81.4,90603.0,2064.0,58.0,50.3
06037189703,Hollywood,4,59.8,42.0,100903.0,2503.0,58.0,61.3
06037570202,,,55.1,40.3,83333.0,1708.0,58.0,59.9
06037481713,,,25.1,66.4,60600.0,1831.0,58.0,50.9
06037208302,Westlake,13,13.4,79.9,60660.0,1179.0,57.9,47.4
06037222500,South Los Angeles,8,22.1,74.6,72316.0,1625.0,57.9,50.0
06037297120,San Pedro,15,30.2,65.8,74583.0,1626.0,57.9,52.4
06037207902,Central City,14,27.4,82.2,106304.0,2929.0,57.9,51.6
06037238000,South Los Angeles,8,46.7,40.8,60625.0,1595.0,57.9,57.3
06037530102,,,27.8,60.4,54674.0,1526.0,57.9,51.7
06037480304,,,22.0,76.5,76780.0,1779.0,57.9,50.0
06037535804,,,30.6,62.7,69025.0,1532.0,57.8,52.4
06037276102,Westchester - Playa del Rey,11,29.3,71.4,86250.0,2525.0,57.8,52.1
06037294610,Wilmington - Harbor City,15,31.4,65.5,77837.0,1404.0,57.8,52.7
06037542105,,,31.8,59.1,63184.0,1584.0,57.8,52.8
06037134104,Canoga Park-West Hills-Winnetka-Woodland Hills,3,45.4,46.9,72866.0,1836.0,57.8,56.9
06037271804,Palms - Mar Vista - Del Rey,5,27.6,77.9,97434.0,2645.0,57.8,51.5
06037267600,West Los Angeles,11,38.2,59.2,82500.0,2582.0,57.7,54.7
06037700801,,,34.2,63.3,81438.0,2583.0,57.7,53.5
06037104823,Arleta - Pacoima,7,72.1,18.6,81500.0,3501.0,57.7,64.7
06037405102,,,38.4,53.9,70972.0,1769.0,57.7,54.7
06037293304,Wilmington - Harbor City,15,20.4,72.1,63518.0,1415.0,57.6,49.3
06037501503,,,22.8,77.4,83831.0,1770.0,57.6,50.0
06037195802,Silver Lake - Echo Park - Elysian Valley,13,25.8,76.3,89890.0,1876.0,57.6,50.9
06037269907,Palms - Mar Vista - Del Rey,5,12.5,95.1,98229.0,2193.0,57.5,46.8
06037462301,,,22.1,80.0,89018.0,2001.0,57.5,49.7
06037535502,,,25.9,69.6,74350.0,1424.0,57.5,50.8
06037534803,,,39.1,56.6,80440.0,1422.0,57.5,54.8
06037541801,,,33.9,58.3,69821.0,1644.0,57.5,53.2
06037119320,Mission Hills - Panorama City - North Hills,6,31.4,68.8,87903.0,2021.0,57.5,52.5
06037297601,San Pedro,15,25.9,78.0,94432.0,2108.0,57.5,50.9
06037533806,,,29.0,64.5,70370.0,1731.0,57.5,51.8
06037482303,,,29.4,62.4,67000.0,1833.0,57.5,51.9
06037531302,,,26.0,63.5,59555.0,1544.0,57.5,50.9
06037106114,Sylmar,7,40.7,51.0,72065.0,2051.0,57.4,55.2
06037241201,South Los Angeles,8,43.9,42.2,60122.0,1833.0,57.4,56.1
06037265522,Westwood,5,21.7,84.3,99141.0,2698.0,57.4,49.5
06037900701,,,33.8,53.0,57238.0,1401.0,57.4,53.1
06037920342,,,33.1,64.6,84563.0,1955.0,57.3,52.8
06037124000,North Hollywood - Valley Village,2,42.6,52.5,82127.0,2042.0,57.3,55.7
06037240302,South Los Angeles,8,26.5,57.3,47578.0,1409.0,57.3,50.8
06037189101,Hollywood,4,26.2,80.8,104003.0,2358.0,57.3,50.8
06037531201,,,13.9,83.6,75183.0,1554.0,57.3,47.1
06037603102,,,23.2,69.6,67917.0,1872.0,57.3,49.9
06037239601,Southeast Los Angeles,9,19.1,71.0,60139.0,1355.0,57.2,48.6
06037123303,North Hollywood - Valley Village,2,27.3,66.2,72109.0,1870.0,57.2,51.1
06037120010,Mission Hills - Panorama City - North Hills,6,36.8,50.1,59938.0,1464.0,57.2,53.9
06037194101,Hollywood,4,34.8,67.5,97384.0,2042.0,57.2,53.2
06037530902,,,15.9,67.0,41205.0,1218.0,57.2,47.6
06037535701,,,31.1,62.4,73843.0,1497.0,57.2,52.2
06037700802,,,40.2,69.3,116851.0,2761.0,57.2,54.9
06037293307,Wilmington - Harbor City,15,21.0,70.4,64183.0,1480.0,57.2,49.2
06037533701,,,24.8,62.8,57169.0,1381.0,57.1,50.2
06037531901,,,25.3,65.4,65333.0,1394.0,57.1,50.4
06037183820,Northeast Los Angeles,1,14.4,84.2,79543.0,1513.0,57.1,47.1
06037310800,,,50.2,49.5,98478.0,1724.0,57.1,57.7
06037127300,Van Nuys - North Sherman Oaks,6,30.5,65.7,81049.0,1877.0,57.1,51.9
06037535101,,,26.4,64.3,66287.0,1643.0,57.0,50.6
06037197420,Silver Lake - Echo Park - Elysian Valley,13,37.2,65.7,101071.0,2228.0,57.0,53.8
06037402503,,,27.5,63.1,66500.0,1706.0,57.0,50.9
06037125502,North Hollywood - Valley Village,2,18.9,80.3,84107.0,2004.0,57.0,48.4
06037533501,,,21.6,73.2,74286.0,1447.0,57.0,49.2
06037237201,South Los Angeles,9,27.2,61.1,60714.0,1579.0,57.0,50.8
06037533804,,,30.5,61.9,72852.0,1726.0,56.9,51.8
06037124500,Van Nuys - North Sherman Oaks,4,48.3,42.8,77635.0,2198.0,56.9,57.0
06037272202,Palms - Mar Vista - Del Rey,11,24.9,79.5,100189.0,2126.0,56.9,50.1
06037194401,Hollywood,5,22.2,83.8,102634.0,2432.0,56.9,49.3
06037121222,Sun Valley - La Tuna Canyon,6,34.3,59.5,79167.0,1695.0,56.8,52.8
06037195803,Silver Lake - Echo Park - Elysian Valley,13,24.1,76.1,89962.0,2021.0,56.8,49.8
06037530302,,,29.8,61.0,69522.0,1479.0,56.8,51.5
06037402601,,,38.7,53.7,77125.0,1788.0,56.8,54.1
06037401706,,,37.9,60.4,92353.0,1875.0,56.7,53.8
06037231302,South Los Angeles,8,29.1,57.1,59003.0,1479.0,56.7,51.2
06037301901,,,26.6,69.9,82898.0,2458.0,56.7,50.4
06037910707,,,38.8,50.0,69507.0,1517.0,56.7,54.0
06037480303,,,20.0,82.4,94497.0,1917.0,56.7,48.5
06037139302,Encino - Tarzana,3,22.7,74.1,82066.0,2096.0,56.7,49.3
06037204920,Boyle Heights,14,34.0,56.2,70500.0,1418.0,56.7,52.7
06037104203,Arleta - Pacoima,7,48.1,38.4,67872.0,1614.0,56.7,56.8
06037553503,,,24.1,63.3,59811.0,1686.0,56.7,49.7
06037553701,,,34.4,55.7,70833.0,1613.0,56.7,52.7
06037195600,Silver Lake - Echo Park - Elysian Valley,13,26.3,68.8,80417.0,1253.0,56.6,50.3
06037106604,Sylmar,7,27.9,61.5,66611.0,1850.0,56.6,50.8
06037463601,,,21.5,81.9,98457.0,2310.0,56.6,48.9
06037217102,Wilshire,10,28.6,76.9,106587.0,2124.0,56.6,50.9
06037531101,,,21.6,71.2,72727.0,1733.0,56.6,48.9
06037204110,Boyle Heights,14,29.7,59.9,67813.0,1142.0,56.6,51.3
06037542502,,,25.3,62.7,61981.0,1348.0,56.6,50.0
06037134802,Canoga Park-West Hills-Winnetka-Woodland Hills,3,46.3,45.1,80547.0,3485.0,56.5,56.2
06037267405,West Los Angeles,11,17.7,88.6,104344.0,2393.0,56.5,47.6
06037141102,Sherman Oaks-Studio City-Toluca Lake-Cahuenga Pass,4,37.8,68.9,114009.0,2313.0,56.5,53.6
06037402303,,,27.7,62.1,68389.0,1535.0,56.5,50.6
06037604101,,,23.6,70.8,77849.0,1778.0,56.5,49.4
06037132101,Reseda - West Van Nuys,6,36.0,53.6,71932.0,1950.0,56.5,53.1
06037550802,,,40.8,50.0,77241.0,1539.0,56.4,54.4
06037143603,Sherman Oaks-Studio City-Toluca Lake-Cahuenga Pass,2,29.8,69.2,92663.0,2139.0,56.4,51.1
06037264304,Brentwood - Pacific Palisades,11,24.7,88.7,125320.0,2709.0,56.4,49.7
06037553702,,,37.8,49.1,66395.0,1672.0,56.4,53.5
06037531503,,,22.0,70.0,71938.0,1399.0,56.4,48.9
06037910721,,,25.7,55.7,47696.0,1469.0,56.4,50.0
06037570403,,,25.7,64.6,69456.0,1400.0,56.4,50.0
06037532500,,,25.9,59.3,57586.0,1427.0,56.3,50.0
06037106648,Sylmar,7,30.3,58.7,69125.0,1582.0,56.3,51.2
06037910607,,,33.2,54.5,67000.0,1571.0,56.3,52.1
06037603705,,,26.9,65.3,75565.0,1816.0,56.3,50.2
06037553602,,,26.0,66.6,75972.0,2279.0,56.3,49.9
06037577900,,,37.0,57.1,84598.0,1943.0,56.3,53.2
06037273403,Venice,11,27.6,79.2,111364.0,1992.0,56.3,50.4
06037541605,,,36.1,49.3,63179.0,1774.0,56.2,52.9
06037536103,,,36.1,52.3,70954.0,1613.0,56.2,52.9
06037432700,,,24.6,64.5,67560.0,1475.0,56.2,49.5
06037192001,Hollywood,5,27.6,77.9,108650.0,2182.0,56.2,50.4
06037555211,,,35.0,55.9,76644.0,1689.0,56.2,52.5
06037272201,Palms - Mar Vista - Del Rey,11,27.3,72.7,95446.0,1997.0,56.2,50.3
06037310602,,,42.5,54.2,94186.0,2266.0,56.2,54.8
06037532001,,,20.0,68.2,64198.0,1233.0,56.1,48.0
06037271200,Palms - Mar Vista - Del Rey,11,23.3,87.0,119836.0,2508.0,56.1,49.0
06037131701,Reseda - West Van Nuys,3,39.4,50.4,76326.0,1861.0,56.1,53.8
06037540501,,,46.4,40.4,72476.0,1530.0,56.1,55.9
06037134103,Canoga Park-West Hills-Winnetka-Woodland Hills,3,51.1,37.5,78750.0,1882.0,56.1,57.3
06037183520,Northeast Los Angeles,1,24.8,63.8,67048.0,1581.0,56.1,49.5
06037502003,,,46.8,42.5,78370.0,1713.0,56.1,56.0
06037242700,Southeast Los Angeles,15,30.0,51.1,51170.0,1324.0,56.1,51.0
06037600501,,,54.0,35.3,81458.0,1722.0,56.1,58.2
06037462001,,,24.0,74.1,90776.0,1862.0,56.0,49.1
06037481001,,,23.2,67.0,71339.0,1776.0,56.0,48.9
06037270102,Palms - Mar Vista - Del Rey,5,23.1,83.9,112131.0,2122.0,56.0,48.9
06037481403,,,37.6,53.4,79612.0,1710.0,56.0,53.2
06037185310,Northeast Los Angeles,1,27.0,65.2,78438.0,1701.0,55.9,49.9
06037910720,,,53.9,31.9,74408.0,1250.0,55.9,58.0
06037401312,,,66.0,16.4,71667.0,1944.0,55.9,61.6
06037121102,Sun Valley - La Tuna Canyon,6,52.6,36.2,81111.0,2011.0,55.9,57.6
06037218702,West Adams - Baldwin Hills - Leimert,10,13.8,74.0,61856.0,1747.0,55.9,46.0
06037701502,,,19.7,88.9,115260.0,2215.0,55.9,47.8
06037920343,,,33.3,59.4,82809.0,2357.0,55.8,51.8
06037269909,Palms - Mar Vista - Del Rey,5,10.2,94.7,102508.0,1881.0,55.8,44.9
06037217101,Wilshire,10,29.8,81.2,126250.0,1857.0,55.8,50.7
06037535803,,,17.9,68.4,60599.0,1561.0,55.8,47.2
06037301203,,,34.8,57.0,81800.0,2082.0,55.8,52.2
06037573401,,,33.6,55.8,75469.0,1807.0,55.8,51.8
06037603902,,,32.8,56.4,74531.0,1958.0,55.8,51.6
06037122200,Sun Valley - La Tuna Canyon,2,39.1,48.9,74293.0,2111.0,55.8,53.5
06037542602,,,28.1,56.6,62250.0,1383.0,55.7,50.1
06037211701,Wilshire,13,30.5,65.5,91196.0,2086.0,55.7,50.8
06037404301,,,20.6,74.3,83625.0,1792.0,55.7,47.9
06037701801,,,17.9,75.8,79529.0,1863.0,55.7,47.1
06037430901,,,27.5,66.2,84671.0,1890.0,55.6,49.9
06037402803,,,39.9,48.3,76467.0,1820.0,55.6,53.5
06037242201,Southeast Los Angeles,15,29.7,54.6,62745.0,1660.0,55.6,50.5
06037550901,,,19.4,77.2,88036.0,1859.0,55.6,47.5
06037269906,Palms - Mar Vista - Del Rey,5,16.5,95.1,123720.0,2572.0,55.6,46.6
06037183701,Northeast Los Angeles,1,22.1,69.9,77865.0,1691.0,55.6,48.3
06037463500,,,25.4,74.8,99963.0,2247.0,55.5,49.2
06037125200,North Hollywood - Valley Village,2,22.2,72.6,85200.0,2304.0,55.5,48.3
06037700901,,,46.8,51.6,105446.0,3501.0,55.5,55.5
06037702900,,,25.1,92.6,142440.0,3501.0,55.5,49.1
06037237900,South Los Angeles,8,47.5,32.9,61811.0,1429.0,55.4,55.7
06037185203,Northeast Los Angeles,1,26.4,66.9,84485.0,1821.0,55.4,49.4
06037273502,Venice,11,20.2,83.5,107162.0,2313.0,55.4,47.6
06037123301,North Hollywood - Valley Village,2,29.7,56.9,69118.0,1952.0,55.4,50.4
06037214904,Wilshire,5,31.7,75.8,121439.0,2536.0,55.4,51.0
06037237401,South Los Angeles,8,49.9,33.5,70357.0,1727.0,55.4,56.4
06037300501,,,56.1,40.8,106333.0,2556.0,55.4,58.2
06037405301,,,34.1,54.3,76314.0,1735.0,55.3,51.6
06037481101,,,24.7,74.1,98047.0,1755.0,55.3,48.8
06037551201,,,32.9,51.9,66971.0,1891.0,55.3,51.3
06037534101,,,21.7,59.9,54107.0,1472.0,55.3,48.0
06037700400,,,18.4,81.2,97320.0,2116.0,55.3,46.9
06037301205,,,67.3,28.1,108571.0,2474.0,55.3,61.5
06037115204,Northridge,12,30.8,67.8,100195.0,1925.0,55.3,50.6
06037601502,,,22.8,62.6,65000.0,1436.0,55.2,48.2
06037121020,Sun Valley - La Tuna Canyon,2,41.3,42.0,67784.0,1827.0,55.2,53.7
06037701802,,,18.3,78.9,91750.0,2123.0,55.2,46.9
06037143102,Sherman Oaks-Studio City-Toluca Lake-Cahuenga Pass,2,27.4,74.5,107647.0,2453.0,55.2,49.5
06037540000,,,31.0,51.0,60477.0,1605.0,55.2,50.6
06037134304,Canoga Park-West Hills-Winnetka-Woodland Hills,3,47.8,37.3,75104.0,1877.0,55.2,55.6
06037219901,West Adams - Baldwin Hills - Leimert,10,13.0,75.6,68544.0,1667.0,55.2,45.3
06037195300,Hollywood,4,21.5,76.6,95385.0,1964.0,55.2,47.8
06037214600,Wilshire,5,24.2,82.9,118477.0,2359.0,55.2,48.6
06037141306,Sherman Oaks-Studio City-Toluca Lake-Cahuenga Pass,4,27.3,72.5,102917.0,2659.0,55.1,49.5
06037291220,Harbor Gateway,15,26.5,62.2,75324.0,1431.0,55.1,49.2
06037293203,Harbor Gateway,15,34.0,55.8,81067.0,1474.0,55.1,51.5
06037310202,,,40.3,58.1,104844.0,2221.0,55.1,53.3
06037121101,Sun Valley - La Tuna Canyon,6,28.1,57.3,67778.0,1652.0,55.1,49.7
06037651222,,,23.3,76.9,101653.0,2622.0,55.1,48.3
06037481201,,,34.2,59.6,91042.0,2224.0,55.1,51.5
06037600911,,,31.3,60.0,84706.0,2193.0,55.0,50.5
06037570204,,,21.9,64.7,68971.0,1595.0,55.0,47.8
06037141201,Sherman Oaks-Studio City-Toluca Lake-Cahuenga Pass,4,19.4,78.7,95735.0,2063.0,55.0,47.1
06037541500,,,18.7,64.7,60000.0,1455.0,55.0,46.8
06037433402,,,17.7,69.4,68029.0,1582.0,55.0,46.5
06037536104,,,23.5,63.0,69338.0,1636.0,55.0,48.2
06037434100,,,42.4,44.2,77992.0,1771.0,55.0,53.9
06037123800,North Hollywood - Valley Village,2,33.4,60.8,92964.0,1867.0,54.9,51.1
06037920038,,,31.9,53.1,69837.0,1734.0,54.9,50.7
06037203800,Boyle Heights,14,22.0,62.5,64792.0,1242.0,54.9,47.7
06037123902,North Hollywood - Valley Village,2,31.3,60.5,86583.0,2140.0,54.9,50.5
06037554302,,,16.7,74.8,79054.0,2083.0,54.9,46.2
06037265524,Westwood,5,31.8,72.7,118005.0,3104.0,54.9,50.6
06037530006,,,21.8,72.1,87237.0,1948.0,54.9,47.7
06037543905,,,33.9,55.7,82790.0,2193.0,54.8,51.2
06037119310,Mission Hills - Panorama City - North Hills,6,38.4,44.4,68462.0,1236.0,54.8,52.5
06037219020,West Adams - Baldwin Hills - Leimert,10,37.2,44.2,64180.0,1468.0,54.8,52.2
06037218400,West Adams - Baldwin Hills - Leimert,10,30.3,65.8,98281.0,2095.0,54.7,50.0
06037533201,,,19.1,66.5,67632.0,1370.0,54.7,46.7
06037238400,South Los Angeles,8,51.7,30.8,74250.0,1234.0,54.7,56.4
06037107020,Sylmar,7,55.2,29.6,81429.0,2171.0,54.7,57.4
06037701302,,,29.7,70.7,108101.0,2368.0,54.7,49.9
06037217002,Wilshire,5,20.2,80.1,104095.0,2414.0,54.7,47.0
06037920050,,,49.0,28.6,60962.0,1762.0,54.7,55.6
06037533703,,,20.0,62.1,59886.0,1738.0,54.6,46.9
06037554900,,,37.1,53.6,88398.0,2582.0,54.6,52.0
06037555002,,,29.1,62.7,87500.0,2025.0,54.6,49.6
06037104108,Arleta - Pacoima,7,27.8,58.3,73344.0,1889.0,54.6,49.2
06037577504,,,36.6,56.4,94125.0,2138.0,54.6,51.8
06037231601,South Los Angeles,8,22.6,66.5,78777.0,981.0,54.6,47.7
06037604001,,,21.3,67.5,77837.0,1871.0,54.5,47.2
06037270101,Palms - Mar Vista - Del Rey,5,18.2,82.8,106429.0,2373.0,54.5,46.3
06037239502,Southeast Los Angeles,9,20.6,61.3,60350.0,1666.0,54.5,47.0
06037551401,,,35.3,54.4,85938.0,1751.0,54.5,51.4
06037555106,,,25.8,60.8,74185.0,1563.0,54.5,48.6
06037534804,,,32.0,53.5,75172.0,1388.0,54.4,50.3
06037702201,,,31.5,69.0,111865.0,2344.0,54.4,50.2
06037278001,Westchester - Playa del Rey,11,47.2,44.2,96429.0,2595.0,54.4,54.8
06037406903,,,46.7,38.4,80827.0,1614.0,54.4,54.7
06037532303,,,33.5,53.0,77938.0,1381.0,54.4,50.8
06037576802,,,21.8,75.0,98456.0,2043.0,54.4,47.3
06037480804,,,21.9,70.5,87530.0,1818.0,54.4,47.3
06037531800,,,15.4,77.8,86369.0,1389.0,54.4,45.4
06037404501,,,33.1,47.5,63958.0,1783.0,54.4,50.6
06037139506,Encino - Tarzana,4,33.7,44.6,58295.0,2093.0,54.4,50.8
06037550902,,,24.0,68.0,88026.0,2008.0,54.3,47.9
06037702801,,,44.0,50.7,103523.0,2599.0,54.3,53.8
06037800333,,,32.3,67.7,112120.0,3083.0,54.2,50.3
06037191902,Hollywood,5,32.3,57.6,87750.0,2365.0,54.2,50.2
06037219800,West Adams - Baldwin Hills - Leimert,10,17.2,68.0,69536.0,1477.0,54.2,45.8
06037536102,,,58.4,22.8,77733.0,1906.0,54.2,58.0
06037531701,,,23.6,60.7,69697.0,1448.0,54.2,47.7
06037408006,,,32.1,59.4,91875.0,2047.0,54.1,50.2
06037900607,,,41.3,40.6,72668.0,1739.0,54.1,52.9
06037601402,,,35.9,52.6,86563.0,1622.0,54.1,51.3
06037214902,Wilshire,5,25.7,77.4,117614.0,2643.0,54.1,48.2
06037910218,,,48.1,34.9,78560.0,1879.0,54.1,54.9
06037541603,,,22.6,61.3,69297.0,1295.0,54.1,47.3
06037532304,,,24.3,58.2,66176.0,1375.0,54.1,47.8
06037701602,,,27.6,69.7,104792.0,2146.0,54.0,48.7
06037530301,,,18.5,63.7,64071.0,1334.0,54.0,46.0
06037128802,Van Nuys - North Sherman Oaks,4,23.4,71.4,96818.0,2150.0,54.0,47.5
06037434003,,,24.6,58.3,69507.0,1794.0,53.9,47.7
06037480903,,,34.5,53.7,86667.0,1584.0,53.9,50.7
06037910401,,,32.2,56.9,87393.0,2246.0,53.9,50.0
06037404302,,,46.1,39.8,86063.0,2240.0,53.9,54.1
06037241110,Southeast Los Angeles,8,23.9,60.6,72717.0,1761.0,53.9,47.5
06037531603,,,16.5,67.3,68721.0,1336.0,53.8,45.2
06037480011,,,35.9,56.9,99243.0,1906.0,53.8,51.0
06037431501,,,33.8,45.7,65917.0,1605.0,53.8,50.4
06037540400,,,40.3,45.0,82500.0,1155.0,53.8,52.3
06037900501,,,49.8,33.5,81765.0,2019.0,53.8,55.2
06037534900,,,17.5,70.8,80441.0,1661.0,53.7,45.5
06037535604,,,27.4,55.3,71445.0,1340.0,53.7,48.4
06037551101,,,19.4,61.1,62361.0,1720.0,53.7,46.1
06037461502,,,32.9,49.4,72887.0,1844.0,53.7,50.0
06037141400,Encino - Tarzana,4,48.9,45.9,109961.0,2289.0,53.7,54.8
06037267300,West Los Angeles,11,21.8,89.8,139609.0,2236.0,53.7,46.7
06037113212,Chatsworth - Porter Ranch,12,45.4,41.3,88917.0,2349.0,53.7,53.8
06037134904,Canoga Park-West Hills-Winnetka-Woodland Hills,3,32.3,60.4,98173.0,1557.0,53.7,49.9
06037570303,,,18.1,62.6,62860.0,1578.0,53.6,45.6
06037294410,Wilmington - Harbor City,15,25.2,56.6,69000.0,1518.0,53.6,47.7
06037532200,,,17.0,69.9,77926.0,1785.0,53.6,45.2
06037183402,Northeast Los Angeles,14,24.8,71.8,105000.0,1894.0,53.6,47.6
06037189903,Hollywood,4,24.4,67.9,94250.0,2303.0,53.6,47.5
06037481401,,,28.8,58.5,83512.0,1802.0,53.6,48.8
06037481002,,,18.6,70.6,84098.0,2078.0,53.6,45.7
06037481404,,,32.1,50.2,74183.0,1979.0,53.5,49.7
06037297202,San Pedro,15,25.9,63.0,87378.0,1927.0,53.5,47.8
06037670102,,,20.9,72.0,95292.0,1976.0,53.5,46.3
06037575001,,,29.7,61.1,93587.0,2210.0,53.5,48.9
06037122120,Sun Valley - La Tuna Canyon,6,32.5,47.0,67083.0,1758.0,53.5,49.8
06037433103,,,24.8,56.4,67664.0,1639.0,53.5,47.5
06037900510,,,27.7,45.6,49495.0,1788.0,53.5,48.4
06037113324,Chatsworth - Porter Ranch,12,9.0,88.6,100960.0,2053.0,53.5,42.8
06037226702,Southeast Los Angeles,9,15.6,66.6,66732.0,1427.0,53.4,44.7
06037543000,,,54.7,29.0,87865.0,1911.0,53.4,56.3
06037535300,,,35.3,40.0,59267.0,1221.0,53.4,50.5
06037197300,Silver Lake - Echo Park - Elysian Valley,13,28.8,66.8,105690.0,1993.0,53.4,48.6
06037481203,,,28.5,56.0,79504.0,1804.0,53.3,48.4
06037243001,Southeast Los Angeles,15,30.7,50.6,72583.0,2223.0,53.3,49.1
06037501400,,,32.9,55.0,89500.0,1849.0,53.3,49.7
06037408137,,,32.2,56.1,90385.0,2281.0,53.3,49.5
06037430724,,,18.4,77.6,102969.0,2338.0,53.3,45.4
06037189702,Hollywood,4,23.2,64.0,84286.0,1962.0,53.2,46.8
06037127711,Van Nuys - North Sherman Oaks,6,24.7,66.0,93194.0,1998.0,53.2,47.3
06037650607,,,18.7,75.6,99342.0,2661.0,53.2,45.5
06037401102,,,32.0,60.1,99773.0,2334.0,53.2,49.4
06037132900,Reseda - West Van Nuys,3,49.0,41.1,102825.0,2239.0,53.2,54.5
06037183103,Northeast Los Angeles,14,17.3,76.5,98633.0,1878.0,53.1,45.0
06037670002,,,18.4,65.2,73875.0,1773.0,53.1,45.3
06037920115,,,48.9,40.9,102600.0,2296.0,53.1,54.4
06037204120,Boyle Heights,14,20.2,68.3,86850.0,1733.0,53.1,45.8
06037220100,West Adams - Baldwin Hills - Leimert,10,27.6,51.4,66821.0,1316.0,53.1,48.0
06037650300,,,28.6,58.1,86212.0,1972.0,53.1,48.3
06037115404,Northridge,12,35.2,57.6,104286.0,2279.0,53.1,50.3
06037111302,Northridge,12,37.2,53.2,99457.0,2065.0,53.0,50.8
06037134001,Canoga Park-West Hills-Winnetka-Woodland Hills,3,30.5,57.4,90625.0,1915.0,53.0,48.8
06037203602,Boyle Heights,14,13.1,71.4,74536.0,1848.0,53.0,43.7
06037219902,West Adams - Baldwin Hills - Leimert,10,30.3,63.5,104890.0,2408.0,53.0,48.7
06037265601,Westwood,5,39.0,51.5,101389.0,2569.0,52.9,51.3
06037404804,,,32.5,50.7,80640.0,1751.0,52.9,49.3
06037531902,,,23.4,59.8,76694.0,1483.0,52.9,46.6
06037481604,,,25.0,59.3,79609.0,2053.0,52.9,47.1
06037570601,,,25.4,58.9,79948.0,1765.0,52.9,47.3
06037404504,,,19.1,64.5,75439.0,1793.0,52.9,45.3
06037271902,Palms - Mar Vista - Del Rey,11,22.9,71.1,102510.0,1919.0,52.9,46.5
06037109100,Mission Hills - Panorama City - North Hills,7,46.5,30.8,72396.0,1813.0,52.9,53.5
06037294421,Wilmington - Harbor City,15,16.5,63.0,64722.0,1679.0,52.8,44.5
06037430902,,,26.7,67.4,105435.0,2257.0,52.8,47.5
06037212800,Wilshire,10,33.0,50.8,83125.0,1642.0,52.8,49.4
06037602202,,,14.8,71.6,81429.0,1736.0,52.8,44.0
06037700300,,,24.2,68.4,100454.0,1926.0,52.8,46.8
06037575002,,,21.5,67.9,91518.0,2152.0,52.8,46.0
06037577100,,,18.4,72.6,95130.0,1952.0,52.7,45.0
06037482502,,,24.9,56.1,73125.0,1743.0,52.7,47.0
06037294620,Wilmington - Harbor City,15,23.8,59.5,78333.0,1649.0,52.7,46.6
06037502004,,,35.8,42.7,72344.0,2007.0,52.7,50.2
06037621326,,,18.9,79.0,111866.0,2629.0,52.7,45.2
06037551402,,,41.2,40.4,81724.0,2098.0,52.7,51.8
06037401602,,,28.0,55.1,79740.0,2142.0,52.7,47.9
06037651221,,,25.0,68.1,103073.0,2024.0,52.7,47.0
06037206020,Central City North,14,13.9,100.0,148661.0,2985.0,52.7,43.7
06037113426,Chatsworth - Porter Ranch,3,28.0,53.5,77070.0,2167.0,52.6,47.8
06037603008,,,17.9,59.2,61500.0,1252.0,52.6,44.8
06037201700,Northeast Los Angeles,14,31.9,49.7,78088.0,1623.0,52.6,49.0
06037600601,,,44.5,42.0,96607.0,1820.0,52.5,52.6
06037433306,,,23.7,53.0,64226.0,1691.0,52.5,46.4
06037920340,,,38.9,50.6,101750.0,2077.0,52.5,51.0
06037702102,,,20.0,78.3,114740.0,2203.0,52.5,45.3
06037141305,Sherman Oaks-Studio City-Toluca Lake-Cahuenga Pass,4,22.4,72.6,108036.0,2102.0,52.5,46.0
06037535200,,,32.4,46.9,74167.0,1665.0,52.5,49.0
06037530007,,,52.2,24.5,76780.0,2067.0,52.5,54.9
06037275605,Palms - Mar Vista - Del Rey,11,21.0,77.6,116024.0,3028.0,52.5,45.6
06037320300,,,39.4,38.2,73080.0,1660.0,52.5,51.1
06037405201,,,30.3,47.0,68214.0,1902.0,52.5,48.3
06037137103,Canoga Park-West Hills-Winnetka-Woodland Hills,3,31.8,52.2,85234.0,2740.0,52.5,48.8
06037141304,Sherman Oaks-Studio City-Toluca Lake-Cahuenga Pass,4,38.4,55.2,112781.0,2335.0,52.4,50.7
06037553802,,,23.8,50.6,59201.0,1646.0,52.4,46.4
06037401002,,,28.5,56.7,87634.0,2048.0,52.4,47.8
06037212702,Wilshire,5,35.9,52.0,97619.0,1960.0,52.4,50.0
06037534802,,,30.4,47.4,70203.0,1450.0,52.4,48.3
06037551204,,,19.0,60.5,69350.0,1684.0,52.4,44.9
06037123700,North Hollywood - Valley Village,2,29.4,57.6,93201.0,1857.0,52.3,48.0
06037540700,,,27.0,52.5,73676.0,1659.0,52.3,47.3
06037311802,,,15.7,78.0,103321.0,2156.0,52.3,43.9
06037531702,,,18.6,64.8,79722.0,1379.0,52.3,44.7
06037104500,Arleta - Pacoima,7,50.0,27.1,77888.0,2305.0,52.3,54.1
06037294110,Wilmington - Harbor City,15,39.3,43.1,86194.0,1717.0,52.3,50.9
06037275200,Palms - Mar Vista - Del Rey,11,14.0,80.2,103846.0,2024.0,52.3,43.4
06037482301,,,25.2,57.6,81389.0,1807.0,52.2,46.7
06037542402,,,40.1,42.4,87750.0,1498.0,52.2,51.1
06037408725,,,35.4,44.2,77860.0,1891.0,52.2,49.7
06037900609,,,36.6,39.7,71250.0,1335.0,52.1,50.0
06037113234,Chatsworth - Porter Ranch,3,27.2,51.5,72769.0,1837.0,52.1,47.2
06037207711,Central City,14,30.2,75.8,141364.0,3249.0,52.1,48.0
06037267101,West Los Angeles,5,35.3,63.3,125703.0,2667.0,52.1,49.6
06037132501,Reseda - West Van Nuys,3,32.4,52.7,91231.0,2057.0,52.1,48.7
06037124400,North Hollywood - Valley Village,2,19.0,66.7,86713.0,2236.0,52.1,44.7
06037409000,,,26.8,53.1,76875.0,2145.0,52.0,47.0
06037402002,,,37.6,43.8,84940.0,1783.0,52.0,50.2
06037231901,Southeast Los Angeles,9,19.7,66.5,88702.0,1552.0,52.0,44.9
06037552601,,,51.1,31.4,93750.0,1923.0,52.0,54.2
06037551802,,,19.7,61.3,76777.0,2018.0,51.9,44.8
06037604102,,,24.3,62.1,91875.0,1463.0,51.9,46.2
06037402903,,,25.7,47.9,61285.0,1711.0,51.9,46.6
06037265203,Westwood,5,39.9,65.7,146146.0,3501.0,51.9,50.8
06037407601,,,19.3,68.4,93031.0,1743.0,51.9,44.7
06037603007,,,25.7,59.8,90288.0,1826.0,51.9,46.6
06037401707,,,34.1,43.0,73250.0,1895.0,51.9,49.1
06037131400,Reseda - West Van Nuys,4,37.0,50.5,101500.0,2072.0,51.8,49.8
06037530500,,,19.4,58.6,70307.0,1409.0,51.8,44.6
06037433200,,,25.8,48.7,64655.0,1464.0,51.8,46.5
06037203900,Boyle Heights,14,23.3,57.5,78750.0,1360.0,51.8,45.8
06037117102,Mission Hills - Panorama City - North Hills,7,62.3,18.1,94844.0,2322.0,51.8,57.4
06037431004,,,20.2,67.5,94484.0,2024.0,51.8,44.8
06037542104,,,29.6,47.2,71283.0,1716.0,51.8,47.7
06037403323,,,56.0,23.5,90306.0,2773.0,51.8,55.5
06037430723,,,22.8,63.2,90868.0,2129.0,51.8,45.7
06037234501,West Adams - Baldwin Hills - Leimert,8,39.9,36.9,76250.0,1612.0,51.8,50.7
06037406702,,,23.6,62.0,91646.0,2392.0,51.7,45.8
06037124600,Van Nuys - North Sherman Oaks,4,26.2,62.6,100257.0,2454.0,51.7,46.6
06037405002,,,41.8,33.4,73958.0,1794.0,51.7,51.2
06037109800,Granada Hills - Knollwood,12,49.6,25.4,76681.0,2410.0,51.7,53.6
06037601202,,,33.1,43.7,74013.0,1854.0,51.7,48.6
06037552302,,,35.9,42.1,78690.0,1766.0,51.6,49.4
06037406103,,,18.5,67.3,90614.0,1692.0,51.6,44.2
06037553502,,,17.6,63.0,76700.0,1593.0,51.6,44.0
06037194402,Hollywood,5,27.8,66.1,114366.0,2639.0,51.6,47.0
06037194500,Wilshire,5,31.3,59.3,108125.0,2410.0,51.5,48.0
06037702802,,,26.7,64.2,106786.0,2367.0,51.5,46.6
06037232402,South Los Angeles,8,26.3,42.9,53821.0,1007.0,51.5,46.5
06037267201,West Los Angeles,5,18.5,75.1,109722.0,2729.0,51.5,44.2
06037186201,Northeast Los Angeles,1,22.3,58.8,82055.0,1463.0,51.4,45.2
06037550301,,,46.3,38.5,101938.0,2279.0,51.4,52.3
06037910404,,,23.0,50.3,63062.0,1768.0,51.4,45.4
06037132002,Reseda - West Van Nuys,6,50.6,35.7,106890.0,3003.0,51.4,53.6
06037920102,,,41.4,42.6,97455.0,1586.0,51.4,50.9
06037407701,,,23.2,53.8,72050.0,1593.0,51.4,45.5
06037218600,West Adams - Baldwin Hills - Leimert,10,18.2,61.8,77554.0,1814.0,51.4,43.9
06037702803,,,31.2,67.0,127439.0,2748.0,51.4,47.9
06037301701,,,35.2,51.2,100438.0,1941.0,51.4,49.1
06037800205,,,33.5,60.8,119464.0,2836.0,51.3,48.5
06037533403,,,19.1,57.0,68697.0,1313.0,51.3,44.2
06037104821,Arleta - Pacoima,7,19.7,61.5,81518.0,1682.0,51.3,44.3
06037101220,Sunland-E LaTuna Cyn-Lakevw Ter-Shadow Hls-Tujunga,7,20.2,56.1,69676.0,1441.0,51.3,44.5
06037554106,,,26.6,56.8,89770.0,1721.0,51.3,46.4
06037650101,,,62.4,20.6,105274.0,3245.0,51.3,57.0
06037267700,West Los Angeles,11,25.8,72.9,127722.0,2459.0,51.2,46.1
06037401902,,,25.4,62.7,101723.0,2091.0,51.2,46.0
06037482701,,,34.2,40.8,73750.0,1768.0,51.2,48.6
06037576001,,,18.8,72.8,107787.0,2794.0,51.2,44.0
06037550501,,,27.5,49.7,76406.0,1878.0,51.1,46.5
06037433601,,,18.3,59.1,73314.0,1662.0,51.1,43.8
06037601802,,,16.5,65.0,82833.0,1493.0,51.1,43.2
06037573202,,,17.1,62.9,78771.0,1687.0,51.1,43.4
06037407501,,,34.1,42.3,77931.0,1948.0,51.1,48.4
06037241001,Southeast Los Angeles,15,34.7,46.9,90517.0,1786.0,51.1,48.7
06037900102,,,24.8,39.9,44946.0,2074.0,51.1,45.7
06037123601,Van Nuys - North Sherman Oaks,2,24.2,57.6,87295.0,1906.0,51.0,45.5
06037621204,,,21.7,68.9,107935.0,2725.0,51.0,44.7
06037535605,,,9.7,67.3,70108.0,1322.0,50.9,41.0
06037650903,,,17.1,64.3,83889.0,2167.0,50.9,43.3
06037185101,Northeast Los Angeles,1,16.6,64.3,82521.0,1879.0,50.9,43.1
06037128500,Van Nuys - North Sherman Oaks,4,34.4,59.2,121500.0,1980.0,50.9,48.4
06037234800,West Adams - Baldwin Hills - Leimert,8,37.0,35.7,71397.0,1768.0,50.9,49.2
06037480101,,,36.9,44.1,91875.0,2156.0,50.9,49.2
06037132502,Reseda - West Van Nuys,3,31.1,38.1,61354.0,1733.0,50.8,47.3
06037204820,Boyle Heights,14,17.3,55.6,64336.0,1737.0,50.8,43.2
06037271600,Palms - Mar Vista - Del Rey,11,22.7,70.3,115456.0,2243.0,50.8,44.9
06037275102,Palms - Mar Vista - Del Rey,11,21.7,65.3,100286.0,1989.0,50.8,44.6
06037532302,,,40.1,30.1,67736.0,1442.0,50.8,50.0
06037532002,,,25.5,52.8,81516.0,1726.0,50.7,45.6
06037187101,Northeast Los Angeles,13,24.3,58.1,91417.0,2174.0,50.7,45.2
06037403316,,,50.7,27.3,92926.0,2156.0,50.6,53.0
06037265702,Westwood,5,32.8,51.6,100547.0,3003.0,50.6,47.7
06037402602,,,13.0,60.9,66382.0,1144.0,50.6,41.8
06037269800,West Los Angeles,5,16.6,75.9,112708.0,2364.0,50.6,42.9
06037404806,,,28.9,45.8,75237.0,1775.0,50.6,46.5
06037124700,Van Nuys - North Sherman Oaks,4,29.6,59.5,110375.0,2214.0,50.6,46.8
06037603802,,,26.7,52.4,84735.0,2006.0,50.6,45.9
06037195804,Silver Lake - Echo Park - Elysian Valley,13,8.4,79.5,98472.0,1689.0,50.6,40.5
06037222001,South Los Angeles,10,24.4,50.2,72269.0,1237.0,50.6,45.2
06037900301,,,44.0,30.8,82165.0,1665.0,50.6,51.0
06037431100,,,28.9,54.9,97326.0,2078.0,50.6,46.6
06037603006,,,20.5,56.0,76563.0,1591.0,50.5,44.0
06037231602,South Los Angeles,9,19.7,56.3,75588.0,1555.0,50.4,43.7
06037911100,,,25.3,45.6,65276.0,1464.0,50.4,45.4
06037540800,,,37.6,35.1,75219.0,1395.0,50.4,49.0
06037573003,,,32.4,54.3,107083.0,1872.0,50.4,47.5
06037920112,,,55.0,32.0,118173.0,1810.0,50.4,54.1
06037570404,,,44.0,28.7,77861.0,1660.0,50.4,50.9
06037570402,,,50.0,25.9,89808.0,1692.0,50.3,52.6
06037901010,,,34.4,37.1,71554.0,1652.0,50.3,48.0
06037551900,,,62.6,14.1,97184.0,1874.0,50.3,56.3
06037543606,,,34.7,40.3,80432.0,1618.0,50.3,48.1
06037237402,South Los Angeles,8,32.1,43.7,81806.0,1458.0,50.2,47.2
06037189102,Hollywood,4,13.3,79.9,116402.0,2156.0,50.2,41.6
06037400304,,,32.0,47.2,90078.0,2304.0,50.2,47.2
06037101110,Sunland-E LaTuna Cyn-Lakevw Ter-Shadow Hls-Tujunga,7,28.4,48.8,84091.0,1720.0,50.2,46.1
06037187200,Silver Lake - Echo Park - Elysian Valley,13,21.3,61.2,93521.0,2419.0,50.2,44.0
06037408135,,,29.8,48.4,87023.0,2241.0,50.2,46.5
06037401101,,,24.1,52.1,80161.0,1829.0,50.1,44.8
06037240901,Southeast Los Angeles,15,33.3,27.9,47837.0,1413.0,50.1,47.5
06037408133,,,25.6,58.0,98841.0,2105.0,50.1,45.2
06037461400,,,26.2,56.3,97014.0,1947.0,50.1,45.4
06037232200,South Los Angeles,9,15.4,59.4,72742.0,1515.0,50.1,42.2
06037482201,,,14.2,55.4,59922.0,1763.0,50.1,41.8
06037650004,,,21.0,63.3,98750.0,1867.0,50.1,43.8
06037186202,Northeast Los Angeles,1,21.1,62.2,97083.0,1976.0,50.0,43.8
06037234700,West Adams - Baldwin Hills - Leimert,8,37.8,39.9,90893.0,1456.0,50.0,48.7
06037599000,,,16.8,65.2,91759.0,2088.0,50.0,42.5
06037482503,,,25.1,50.9,80933.0,1946.0,50.0,45.0
06037276606,Westchester - Playa del Rey,11,34.3,57.3,123341.0,2759.0,50.0,47.7
06037104401,Arleta - Pacoima,7,28.0,44.8,75234.0,1764.0,49.9,45.7
06037404805,,,15.3,55.9,65708.0,1612.0,49.9,42.0
06037302102,,,23.6,64.6,110893.0,2171.0,49.9,44.5
06037404201,,,24.3,47.6,71346.0,1554.0,49.9,44.6
06037291210,Harbor Gateway,15,20.7,49.4,65156.0,1745.0,49.9,43.6
06037572301,,,35.8,42.0,90972.0,1814.0,49.9,48.1
06037430102,,,36.9,43.6,97844.0,2102.0,49.9,48.4
06037481902,,,31.4,44.5,83963.0,2032.0,49.9,46.8
06037432300,,,38.3,39.2,91250.0,2221.0,49.9,48.8
06037104321,Arleta - Pacoima,7,16.4,54.3,65521.0,,49.8,42.2
06037122000,Sun Valley - La Tuna Canyon,2,46.9,31.1,96763.0,2089.0,49.8,51.3
06037294200,Wilmington - Harbor City,15,29.2,43.8,76936.0,1228.0,49.8,46.0
06037463602,,,13.4,81.2,122500.0,2788.0,49.8,41.3
06037119003,Arleta - Pacoima,6,44.9,34.7,99559.0,1872.0,49.8,50.7
06037123103,North Hollywood - Valley Village,2,20.8,57.8,87011.0,1776.0,49.8,43.5
06037480400,,,27.1,52.0,90580.0,2117.0,49.8,45.4
06037183101,Northeast Los Angeles,14,31.4,47.1,91853.0,1939.0,49.7,46.6
06037115301,Northridge,12,31.8,48.0,95152.0,2266.0,49.7,46.7
06037113301,Chatsworth - Porter Ranch,12,36.0,56.3,127448.0,3242.0,49.7,48.0
06037553901,,,28.0,49.3,87247.0,1609.0,49.7,45.6
06037405101,,,43.2,28.5,80585.0,1687.0,49.7,50.1
06037273600,Venice,11,43.9,44.7,121875.0,3454.0,49.7,50.3
06037910217,,,74.6,10.7,128194.0,2367.0,49.6,59.4
06037109603,Mission Hills - Panorama City - North Hills,7,33.9,40.5,83878.0,1773.0,49.6,47.3
06037431900,,,32.7,49.4,101875.0,1775.0,49.6,47.0
06037900505,,,36.5,36.2,80718.0,1641.0,49.6,48.1
06037500402,,,20.9,49.0,66940.0,1410.0,49.6,43.4
06037407101,,,26.1,42.6,66250.0,1712.0,49.6,45.0
06037234200,West Adams - Baldwin Hills - Leimert,10,35.9,38.1,84194.0,1612.0,49.5,47.8
06037125600,North Hollywood - Valley Village,2,29.8,55.8,110318.0,2143.0,49.5,46.0
06037265201,Westwood,5,63.7,31.5,148517.0,3501.0,49.5,56.1
06037703200,,,41.8,35.2,93906.0,1936.0,49.5,49.6
06037501802,,,31.0,46.7,91742.0,1945.0,49.4,46.3
06037577200,,,12.0,76.0,108668.0,1993.0,49.4,40.7
06037535503,,,18.8,53.8,74583.0,1354.0,49.4,42.6
06037502602,,,20.0,53.8,77832.0,1860.0,49.4,43.0
06037201503,Northeast Los Angeles,14,9.6,63.4,70778.0,1442.0,49.4,39.9
06037551502,,,27.3,49.2,88031.0,1902.0,49.3,45.1
06037920041,,,29.7,60.1,121844.0,2904.0,49.3,45.8
06037543607,,,69.7,11.0,117016.0,2191.0,49.3,57.7
06037134720,Canoga Park-West Hills-Winnetka-Woodland Hills,3,35.6,45.3,103553.0,2173.0,49.2,47.5
06037534502,,,29.5,41.4,76302.0,1380.0,49.2,45.7
06037553202,,,40.9,37.6,99950.0,2491.0,49.2,49.0
06037297502,San Pedro,15,31.5,47.9,98125.0,1899.0,49.2,46.3
06037265602,Westwood,5,41.7,36.1,98272.0,3501.0,49.2,49.3
06037432401,,,18.1,56.0,79140.0,1949.0,49.2,42.3
06037701000,,,28.2,68.9,139340.0,3027.0,49.2,45.3
06037462800,,,21.8,63.4,108654.0,2204.0,49.1,43.3
06037542103,,,21.2,49.7,72760.0,1551.0,49.1,43.2
06037434001,,,37.2,34.7,82213.0,2080.0,49.1,47.9
06037530802,,,27.9,42.2,74271.0,1821.0,49.1,45.1
06037533001,,,12.9,60.4,75236.0,1312.0,49.1,40.7
06037139200,Encino - Tarzana,4,33.0,45.3,96690.0,2336.0,49.1,46.6
06037134801,Canoga Park-West Hills-Winnetka-Woodland Hills,3,50.4,24.0,94559.0,2609.0,49.1,51.8
06037132302,Reseda - West Van Nuys,4,36.4,45.8,108492.0,1813.0,49.0,47.6
06037431800,,,27.9,47.8,88348.0,2004.0,49.0,45.1
06037311200,,,22.6,54.0,88750.0,2088.0,49.0,43.5
06037650003,,,15.6,60.7,84750.0,1820.0,49.0,41.4
06037320202,,,55.4,24.0,109750.0,1647.0,49.0,53.3
06037271901,Palms - Mar Vista - Del Rey,11,23.9,65.1,119561.0,2564.0,49.0,43.9
06037920312,,,30.7,47.3,95333.0,2031.0,49.0,45.9
06037408900,,,31.8,37.6,75625.0,2146.0,48.9,46.2
06037134423,Canoga Park-West Hills-Winnetka-Woodland Hills,12,65.1,22.2,134018.0,3501.0,48.9,56.1
06037577300,,,12.3,74.1,108771.0,2014.0,48.9,40.3
06037430801,,,24.9,52.7,92697.0,1906.0,48.9,44.1
06037552900,,,32.2,40.9,85938.0,1867.0,48.8,46.2
06037609900,,,24.1,49.6,83717.0,1623.0,48.8,43.8
06037207501,Central City,14,17.8,74.4,125833.0,2579.0,48.8,41.9
06037555212,,,22.9,48.0,76094.0,1847.0,48.8,43.4
06037570502,,,24.7,55.2,99038.0,1901.0,48.8,43.9
06037131024,Reseda - West Van Nuys,3,28.8,49.8,97083.0,2230.0,48.8,45.2
06037294302,Wilmington - Harbor City,15,27.3,47.1,86667.0,1446.0,48.8,44.7
06037602512,,,18.4,50.4,69489.0,1856.0,48.8,42.1
06037910810,,,84.1,7.7,155139.0,3501.0,48.7,61.5
06037183300,Northeast Los Angeles,14,24.4,52.1,91638.0,2084.0,48.7,43.8
06037201120,Northeast Los Angeles,14,16.5,60.8,89944.0,1657.0,48.7,41.4
06037503704,,,34.1,30.4,66162.0,1623.0,48.7,46.7
06037404703,,,20.7,56.5,91083.0,1831.0,48.7,42.7
06037219700,West Adams - Baldwin Hills - Leimert,10,15.9,54.2,72685.0,1593.0,48.6,41.2
06037600302,,,29.3,38.7,73365.0,1603.0,48.6,45.2
06037214000,Wilshire,5,38.8,52.2,134167.0,2882.0,48.6,48.0
06037214700,Wilshire,5,26.8,61.0,120462.0,2479.0,48.6,44.5
06037480704,,,13.8,74.1,115415.0,1986.0,48.6,40.5
06037920334,,,45.9,31.7,104438.0,2477.0,48.6,50.1
06037800103,,,73.2,12.8,136856.0,3501.0,48.6,58.2
06037123020,Sun Valley - La Tuna Canyon,2,28.5,43.9,83968.0,1694.0,48.6,44.9
06037297602,San Pedro,15,14.9,62.4,89375.0,1689.0,48.6,40.9
06037264306,Brentwood - Pacific Palisades,11,21.6,70.0,127781.0,2951.0,48.6,42.9
06037219010,West Adams - Baldwin Hills - Leimert,10,27.1,48.9,91518.0,1432.0,48.6,44.5
06037530700,,,19.8,57.0,90685.0,1422.0,48.6,42.3
06037553100,,,32.2,47.0,103086.0,2256.0,48.5,45.9
06037216800,Wilshire,5,24.5,66.5,128059.0,2473.0,48.5,43.7
06037502303,,,28.5,36.6,67126.0,2135.0,48.5,44.8
06037555105,,,25.0,57.8,108085.0,2655.0,48.5,43.8
06037181500,Northeast Los Angeles,14,54.0,30.5,125602.0,2151.0,48.5,52.4
06037214100,Wilshire,5,33.6,67.5,157188.0,2767.0,48.5,46.4
06037621324,,,18.2,68.3,114826.0,2683.0,48.4,41.7
06037651402,,,30.4,48.6,102056.0,2262.0,48.4,45.3
06037408626,,,42.2,33.2,98346.0,2211.0,48.4,48.9
06037482101,,,24.8,48.6,85905.0,1787.0,48.4,43.7
06037543603,,,54.0,12.5,81919.0,1144.0,48.4,52.4
06037189600,Hollywood,4,16.6,62.8,96755.0,1993.0,48.4,41.3
06037271500,Palms - Mar Vista - Del Rey,11,35.2,42.8,101897.0,2529.0,48.4,46.8
06037481605,,,13.3,63.3,88542.0,1712.0,48.4,40.3
06037401001,,,70.8,12.5,130764.0,2930.0,48.4,57.4
06037554301,,,18.0,57.2,87524.0,1935.0,48.4,41.7
06037275311,Palms - Mar Vista - Del Rey,11,19.9,57.9,94403.0,2097.0,48.4,42.3
06037920326,,,35.9,53.8,131938.0,2492.0,48.3,46.9
06037703003,,,25.1,52.0,95988.0,2748.0,48.3,43.7
06037572201,,,34.2,33.4,77353.0,1583.0,48.2,46.3
06037910002,,,33.1,29.4,64921.0,1713.0,48.2,46.0
06037201301,Northeast Los Angeles,14,24.8,51.5,94926.0,1185.0,48.2,43.5
06037900504,,,28.8,41.0,80038.0,1856.0,48.2,44.7
06037186403,Northeast Los Angeles,1,16.1,62.3,95875.0,1749.0,48.2,40.9
06037408301,,,38.5,30.7,82978.0,1797.0,48.2,47.6
06037232300,South Los Angeles,9,22.8,48.1,80644.0,1625.0,48.2,42.9
06037132700,Reseda - West Van Nuys,4,27.9,42.2,81625.0,1645.0,48.1,44.4
06037131100,Reseda - West Van Nuys,6,57.7,17.6,107500.0,3501.0,48.1,53.2
06037231500,South Los Angeles,8,34.8,37.6,90375.0,1794.0,48.1,46.4
06037275101,Palms - Mar Vista - Del Rey,11,28.8,63.0,134519.0,2250.0,48.1,44.7
06037462100,,,19.1,57.4,93534.0,1961.0,48.1,41.7
06037276608,Westchester - Playa del Rey,11,25.0,51.9,96685.0,2309.0,48.1,43.5
06037124201,North Hollywood - Valley Village,2,15.5,53.5,73079.0,1883.0,48.1,40.7
06037406101,,,25.4,45.9,83636.0,1692.0,48.1,43.6
06037274202,Venice,11,29.9,55.4,119728.0,2927.0,48.1,45.0
06037503000,,,28.0,51.5,105278.0,1433.0,48.0,44.4
06037216700,Wilshire,10,20.4,63.1,111645.0,2259.0,48.0,42.1
06037204700,Boyle Heights,14,19.5,48.9,75156.0,1289.0,47.9,41.7
06037542501,,,20.9,50.4,83305.0,1431.0,47.9,42.1
06037542200,,,37.6,25.9,71923.0,1694.0,47.8,47.0
06037408004,,,27.0,46.2,91020.0,2126.0,47.8,43.9
06037901009,,,38.2,34.2,94597.0,2096.0,47.7,47.1
06037900506,,,25.9,42.6,79345.0,1606.0,47.7,43.5
06037408628,,,34.3,36.0,87361.0,1945.0,47.7,46.0
06037406701,,,33.7,39.7,95400.0,2551.0,47.7,45.8
06037113323,Chatsworth - Porter Ranch,12,13.9,64.0,97064.0,1789.0,47.7,39.9
06037535802,,,25.4,49.2,94583.0,1617.0,47.7,43.3
06037536202,,,16.9,50.6,73625.0,1205.0,47.7,40.8
06037102105,Sun Valley - La Tuna Canyon,2,32.9,41.1,96167.0,1856.0,47.7,45.6
06037541402,,,26.3,41.1,78024.0,2131.0,47.6,43.5
06037143602,Sherman Oaks-Studio City-Toluca Lake-Cahuenga Pass,2,21.1,58.6,105542.0,1862.0,47.6,42.0
06037433307,,,20.7,51.1,86058.0,1986.0,47.6,41.9
06037900602,,,24.1,33.9,53666.0,1303.0,47.6,42.9
06037460900,,,30.8,42.1,93083.0,2182.0,47.6,44.9
06037570701,,,27.6,49.0,101333.0,2205.0,47.5,43.8
06037197200,Silver Lake - Echo Park - Elysian Valley,13,19.3,57.4,98053.0,1914.0,47.5,41.4
06037503302,,,20.4,52.5,89500.0,1826.0,47.5,41.7
06037431400,,,39.9,28.2,86538.0,1560.0,47.5,47.5
06037900103,,,29.2,30.7,61184.0,1255.0,47.5,44.3
06037104204,Arleta - Pacoima,7,30.4,31.2,66167.0,1375.0,47.5,44.7
06037134901,Reseda - West Van Nuys,3,27.2,41.5,82435.0,1402.0,47.5,43.7
06037481603,,,15.3,55.4,81974.0,1688.0,47.5,40.2
06037103102,Sunland-E LaTuna Cyn-Lakevw Ter-Shadow Hls-Tujunga,7,31.7,31.8,71754.0,1709.0,47.5,45.0
06037480302,,,22.2,57.4,106607.0,1855.0,47.5,42.2
06037461501,,,29.6,44.1,96313.0,2233.0,47.4,44.3
06037602601,,,36.3,36.4,96607.0,1656.0,47.4,46.4
06037404203,,,19.4,51.5,85250.0,1730.0,47.4,41.3
06037106520,Sylmar,7,38.2,30.1,87029.0,1944.0,47.4,46.9
06037530801,,,15.2,57.6,87478.0,1645.0,47.4,40.1
06037504101,,,34.7,35.6,90341.0,1723.0,47.4,45.8
06037403500,,,51.6,28.0,120341.0,2219.0,47.4,50.9
06037480601,,,6.8,84.5,129500.0,2311.0,47.4,37.6
06037603500,,,35.8,33.1,87857.0,1987.0,47.3,46.1
06037406500,,,37.4,36.0,99901.0,2596.0,47.3,46.6
06037550601,,,28.9,46.3,100430.0,1831.0,47.3,44.1
06037187300,Silver Lake - Echo Park - Elysian Valley,13,19.0,64.0,115000.0,2257.0,47.3,41.1
06037481500,,,34.2,31.1,78479.0,2102.0,47.3,45.7
06037401203,,,44.8,29.9,106592.0,2295.0,47.2,48.8
06037195201,Hollywood,4,12.1,72.9,118455.0,2070.0,47.1,38.9
06037650605,,,9.1,71.6,106719.0,2193.0,47.1,38.0
06037104103,Sunland-E LaTuna Cyn-Lakevw Ter-Shadow Hls-Tujunga,7,56.6,16.5,109688.0,2309.0,47.0,52.1
06037189400,Hollywood,4,40.7,47.1,138444.0,2684.0,47.0,47.4
06037572001,,,43.5,29.5,103578.0,1929.0,47.0,48.2
06037482600,,,44.9,28.2,104503.0,2175.0,47.0,48.6
06037201501,Northeast Los Angeles,14,16.5,56.0,90074.0,1694.0,47.0,40.2
06037573402,,,7.6,62.9,81131.0,1756.0,47.0,37.5
06037540902,,,30.1,42.3,95904.0,1549.0,47.0,44.2
06037275400,Palms - Mar Vista - Del Rey,11,31.6,59.2,141780.0,3501.0,47.0,44.7
06037237300,South Los Angeles,8,29.9,40.6,91250.0,1857.0,47.0,44.2
06037310201,,,33.1,41.0,101677.0,2467.0,47.0,45.1
06037651102,,,26.9,42.5,87647.0,2115.0,47.0,43.2
06037408302,,,38.1,25.9,79412.0,2452.0,47.0,46.6
06037104704,Arleta - Pacoima,7,27.8,35.1,72784.0,2276.0,46.9,43.4
06037920035,,,46.2,28.5,109355.0,2377.0,46.9,48.9
06037216301,Wilshire,5,37.6,33.3,97282.0,3036.0,46.8,46.3
06037401311,,,35.0,34.8,93036.0,2139.0,46.8,45.5
06037311601,,,23.1,53.5,105095.0,2290.0,46.8,42.0
06037236400,West Adams - Baldwin Hills - Leimert,8,28.4,47.7,106107.0,1858.0,46.8,43.5
06037555107,,,35.0,34.5,92212.0,2089.0,46.8,45.5
06037552100,,,27.5,36.7,76141.0,1294.0,46.8,43.3
06037540901,,,23.5,39.3,71450.0,1715.0,46.8,42.1
06037271100,West Los Angeles,5,34.8,40.4,106618.0,1754.0,46.8,45.5
06037405500,,,39.3,29.3,92382.0,1866.0,46.8,46.8
06037143302,Sherman Oaks-Studio City-Toluca Lake-Cahuenga Pass,2,24.9,55.6,115875.0,2153.0,46.7,42.4
06037542401,,,33.5,24.7,65357.0,1830.0,46.7,45.0
06037113235,,,36.5,31.2,89744.0,2632.0,46.7,45.9
06037701501,,,15.0,78.9,145142.0,2277.0,46.6,39.4
06037620521,,,26.7,53.1,115829.0,2304.0,46.6,42.8
06037320102,,,39.5,26.3,87039.0,1885.0,46.6,46.7
06037404702,,,19.4,46.6,78786.0,1883.0,46.6,40.7
06037670003,,,27.7,43.6,94917.0,1928.0,46.6,43.2
06037540300,,,24.4,37.8,71875.0,1715.0,46.6,42.2
06037480803,,,37.3,35.3,102619.0,1808.0,46.6,46.1
06037267202,West Los Angeles,5,20.0,61.9,117933.0,3053.0,46.6,40.9
06037543803,,,28.5,41.4,93205.0,,46.5,43.3
06037296300,San Pedro,15,31.9,33.0,82349.0,1811.0,46.5,44.3
06037800204,Canoga Park-West Hills-Winnetka-Woodland Hills,3,78.9,17.7,180375.0,3453.0,46.5,58.4
06037403319,,,30.1,35.2,82554.0,2496.0,46.5,43.8
06037432501,,,15.3,50.1,76250.0,1772.0,46.5,39.4
06037480602,,,14.5,69.2,120188.0,2235.0,46.5,39.2
06037408213,,,19.2,44.5,74028.0,1896.0,46.4,40.5
06037910608,,,24.4,37.2,71384.0,2022.0,46.4,42.1
06037403721,,,27.6,40.7,89435.0,1760.0,46.4,43.0
06037534700,,,33.7,32.8,87756.0,1585.0,46.4,44.8
06037119400,Arleta - Pacoima,6,51.1,17.1,99875.0,2430.0,46.4,50.0
06037553504,,,29.0,34.0,77685.0,1701.0,46.3,43.4
06037183620,Northeast Los Angeles,1,21.5,55.4,108256.0,2032.0,46.3,41.2
06037530603,,,22.3,46.9,89718.0,1489.0,46.3,41.4
06037121600,Sun Valley - La Tuna Canyon,2,51.8,14.3,95250.0,2191.0,46.3,50.2
06037186100,Northeast Los Angeles,13,27.4,45.9,102429.0,1816.0,46.3,42.9
06037900104,,,30.3,25.5,60977.0,1450.0,46.3,43.7
06037503502,,,45.5,20.2,91981.0,2681.0,46.2,48.2
06037570100,,,40.4,30.8,103227.0,2291.0,46.2,46.7
06037480012,,,25.2,49.1,104097.0,1834.0,46.2,42.2
06037271704,Palms - Mar Vista - Del Rey,5,20.0,75.3,153750.0,2644.0,46.2,40.6
06037604200,,,13.5,50.8,74819.0,1703.0,46.2,38.7
06037541802,,,34.2,25.3,72435.0,1729.0,46.2,44.8
06037431002,,,28.4,33.9,76316.0,1236.0,46.2,43.1
06037541300,,,48.8,16.9,94053.0,1679.0,46.2,49.1
06037407400,,,62.2,14.5,126458.0,3125.0,46.2,53.2
06037570306,,,36.6,37.3,108500.0,1686.0,46.2,45.5
06037531000,,,13.9,53.2,82531.0,1332.0,46.1,38.7
06037702400,,,25.9,66.9,150909.0,2769.0,46.1,42.3
06037106020,Sylmar,7,49.6,27.7,123250.0,2816.0,46.1,49.3
06037910504,,,23.5,37.0,70938.0,2149.0,46.1,41.5
06037576700,,,11.2,62.8,97891.0,1946.0,46.1,37.9
06037553201,,,32.6,37.6,98587.0,2230.0,46.1,44.3
06037264303,Brentwood - Pacific Palisades,11,16.2,78.8,152944.0,3038.0,46.0,39.3
06037311000,,,28.1,49.1,114516.0,2061.0,46.0,42.8
06037910505,,,34.0,23.9,69792.0,2082.0,46.0,44.6
06037403321,,,46.4,21.3,99409.0,2387.0,46.0,48.3
06037571504,,,25.2,40.9,86333.0,1738.0,46.0,42.0
06037185202,Northeast Los Angeles,1,29.2,49.0,117667.0,1957.0,45.9,43.1
06037603400,,,25.3,40.1,84821.0,1650.0,45.9,42.0
06037551801,,,32.6,39.1,103396.0,1836.0,45.9,44.2
06037139001,Encino - Tarzana,4,23.9,53.5,113972.0,2401.0,45.9,41.5
06037503106,,,28.3,37.2,86568.0,1806.0,45.9,42.9
06037300602,,,37.3,43.2,127583.0,2616.0,45.9,45.5
06037183401,Northeast Los Angeles,1,24.3,49.7,105701.0,1903.0,45.9,41.6
06037402902,,,17.0,45.6,75119.0,1608.0,45.8,39.4
06037402904,,,37.6,26.0,86974.0,2290.0,45.8,45.5
06037555001,,,22.9,45.0,90733.0,1776.0,45.8,41.1
06037910215,,,30.2,35.1,87500.0,1599.0,45.8,43.3
06037480802,,,44.2,25.8,106447.0,1439.0,45.7,47.4
06037650901,,,22.5,51.3,106250.0,1868.0,45.7,41.0
06037265701,Westwood,5,32.4,58.6,152250.0,2250.0,45.7,43.9
06037402200,,,36.0,30.3,93393.0,1589.0,45.7,45.0
06037501301,,,42.9,20.2,89432.0,1775.0,45.6,46.9
06037195400,Silver Lake - Echo Park - Elysian Valley,13,24.7,54.1,120000.0,2008.0,45.6,41.5
06037900608,,,30.8,29.3,76220.0,1938.0,45.6,43.4
06037430302,,,28.7,38.9,94058.0,1839.0,45.6,42.7
06037104620,Arleta - Pacoima,7,31.5,33.4,88972.0,1660.0,45.6,43.6
06037920330,,,42.4,26.7,103839.0,2260.0,45.6,46.8
06037113423,Chatsworth - Porter Ranch,3,40.1,27.3,99000.0,1709.0,45.5,46.1
06037403305,,,52.1,23.4,124432.0,2764.0,45.5,49.7
06037554406,,,16.8,49.8,87091.0,1856.0,45.5,39.1
06037134421,Canoga Park-West Hills-Winnetka-Woodland Hills,12,69.8,10.9,145048.0,3501.0,45.5,54.9
06037264103,Brentwood - Pacific Palisades,11,21.1,71.2,151563.0,2722.0,45.5,40.4
06037901300,,,18.0,38.7,63333.0,1567.0,45.5,39.5
06037980035,,,11.0,48.1,65750.0,1482.0,45.5,37.4
06037197410,Silver Lake - Echo Park - Elysian Valley,13,24.6,44.6,97480.0,2119.0,45.4,41.4
06037461300,,,31.8,34.5,93264.0,1796.0,45.4,43.5
06037183702,Northeast Los Angeles,14,25.3,45.9,103026.0,1908.0,45.4,41.6
06037920322,,,45.8,21.9,103906.0,1902.0,45.3,47.6
06037432202,,,21.5,41.5,81528.0,1726.0,45.3,40.4
06037117202,Mission Hills - Panorama City - North Hills,12,32.4,35.6,98438.0,,45.3,43.6
06037463400,,,25.9,54.4,126225.0,2268.0,45.3,41.7
06037121010,Sun Valley - La Tuna Canyon,2,32.4,26.2,76133.0,2050.0,45.3,43.6
06037206051,Central City North,14,28.5,63.6,156250.0,2760.0,45.3,42.4
06037481103,,,22.1,38.8,76930.0,1628.0,45.3,40.6
06037143401,Sherman Oaks-Studio City-Toluca Lake-Cahuenga Pass,4,17.7,59.2,114750.0,2450.0,45.2,39.2
06037571202,,,23.2,42.8,90881.0,1900.0,45.2,40.8
06037128400,Van Nuys - North Sherman Oaks,4,33.3,48.1,132931.0,2196.0,45.2,43.8
06037404902,,,37.1,22.5,81161.0,2333.0,45.2,44.9
06037571505,,,19.8,48.3,93720.0,1962.0,45.2,39.8
06037201601,Northeast Los Angeles,14,22.8,34.3,68594.0,1689.0,45.2,40.7
06037571502,,,23.0,47.6,101629.0,1872.0,45.2,40.7
06037920046,,,23.8,44.1,95273.0,2062.0,45.2,41.0
06037700501,,,16.0,59.7,111014.0,2117.0,45.2,38.7
06037503701,,,27.3,42.5,102043.0,1668.0,45.2,42.0
06037300800,,,23.4,51.6,113509.0,2304.0,45.1,40.8
06037503501,,,27.5,41.9,101520.0,1752.0,45.1,42.0
06037119004,Arleta - Pacoima,6,34.3,29.1,90417.0,1944.0,45.0,44.0
06037900509,,,11.1,47.3,67880.0,1360.0,45.0,37.1
06037276605,Westchester - Playa del Rey,11,13.2,62.3,110714.0,2917.0,45.0,37.7
06037651401,,,18.1,45.6,85114.0,1249.0,44.9,39.0
06037552602,,,28.8,44.2,112218.0,2137.0,44.9,42.2
06037572202,,,38.3,35.2,117270.0,1725.0,44.9,45.1
06037141202,Sherman Oaks-Studio City-Toluca Lake-Cahuenga Pass,4,21.5,51.4,109297.0,2460.0,44.9,40.1
06037311700,,,29.0,44.9,115000.0,1947.0,44.9,42.3
06037403802,,,26.4,37.4,89030.0,2076.0,44.9,41.5
06037503401,,,38.4,29.8,105712.0,2373.0,44.8,45.0
06037402301,,,26.7,38.2,92578.0,1863.0,44.8,41.5
06037201602,Northeast Los Angeles,14,18.0,47.7,90114.0,1875.0,44.8,39.0
06037541700,,,33.1,30.2,91625.0,1490.0,44.8,43.4
06037536201,,,27.0,33.3,81346.0,1589.0,44.8,41.6
06037311500,,,24.4,56.8,131071.0,2251.0,44.8,40.9
06037543321,,,49.0,22.4,118295.0,,44.8,48.2
06037101400,Sunland-E LaTuna Cyn-Lakevw Ter-Shadow Hls-Tujunga,7,32.0,27.4,81154.0,1727.0,44.8,43.1
06037106510,Sylmar,7,50.6,22.1,121935.0,2704.0,44.8,48.7
06037192410,Wilshire,13,18.0,62.2,126250.0,2243.0,44.7,38.9
06037117101,Mission Hills - Panorama City - North Hills,7,37.3,33.0,110761.0,1731.0,44.7,44.7
06037270300,West Adams - Baldwin Hills - Leimert,10,21.5,34.2,68709.0,1488.0,44.6,39.9
06037181400,Northeast Los Angeles,14,13.6,58.7,105968.0,1853.0,44.6,37.5
06037111303,Granada Hills - Knollwood,12,29.5,41.7,110469.0,2525.0,44.6,42.2
06037293301,Wilmington - Harbor City,15,40.7,25.5,103375.0,1769.0,44.6,45.5
06037430721,,,20.5,47.5,98333.0,1785.0,44.6,39.6
06037601301,,,28.5,40.1,104239.0,1850.0,44.5,41.9
06037901014,,,42.7,25.4,109643.0,2086.0,44.5,46.1
06037104403,Arleta - Pacoima,7,33.3,31.8,98400.0,2345.0,44.4,43.2
06037201200,Northeast Los Angeles,14,21.8,43.3,93309.0,1461.0,44.4,39.8
06037143402,Sherman Oaks-Studio City-Toluca Lake-Cahuenga Pass,4,22.6,55.9,127083.0,2282.0,44.4,40.0
06037104824,Arleta - Pacoima,7,48.4,19.5,112375.0,1836.0,44.4,47.7
06037111205,Northridge,12,25.8,44.2,107028.0,1993.0,44.4,41.0
06037119900,Mission Hills - Panorama City - North Hills,6,37.7,21.3,86500.0,2337.0,44.3,44.4
06037542700,,,26.8,31.4,79864.0,1772.0,44.3,41.2
06037201402,Northeast Los Angeles,14,27.6,30.1,78750.0,1828.0,44.3,41.4
06037431300,,,32.7,37.0,110769.0,2196.0,44.3,42.9
06037400602,,,15.9,46.8,85369.0,1721.0,44.3,38.0
06037183221,Northeast Los Angeles,14,30.5,40.5,112574.0,1848.0,44.3,42.3
06037503202,,,29.5,33.9,93482.0,1300.0,44.3,42.0
06037121802,Sun Valley - La Tuna Canyon,6,28.3,36.1,96304.0,1125.0,44.2,41.6
06037431502,,,27.0,39.8,101792.0,2305.0,44.2,41.2
06037106645,Granada Hills - Knollwood,12,67.1,12.9,151389.0,3501.0,44.2,53.1
06037217001,Wilshire,5,15.6,63.2,126250.0,2401.0,44.1,37.7
06037502500,,,21.9,41.5,91563.0,1827.0,44.1,39.6
06037900508,,,41.7,19.9,95587.0,2242.0,44.1,45.5
06037540101,,,28.5,32.5,88668.0,1811.0,44.1,41.6
06037403902,,,27.9,31.5,84301.0,2205.0,44.1,41.4
06037403000,,,38.8,23.1,95403.0,2345.0,44.1,44.6
06037405701,,,19.8,42.4,88023.0,2098.0,44.1,38.9
06037297002,San Pedro,15,19.2,50.7,107260.0,2114.0,44.0,38.7
06037577606,,,17.9,64.1,136094.0,2424.0,44.0,38.3
06037139600,Encino - Tarzana,4,19.5,43.8,90900.0,2236.0,44.0,38.8
06037119202,Arleta - Pacoima,6,22.3,34.3,75930.0,1838.0,44.0,39.6
06037920328,,,26.6,49.2,124274.0,2745.0,44.0,40.9
06037901011,,,17.2,47.3,93934.0,2048.0,43.9,38.0
06037199110,Northeast Los Angeles,14,17.5,38.6,73500.0,1632.0,43.9,38.1
06037407902,,,31.7,26.8,85450.0,2173.0,43.9,42.4
06037543501,,,23.5,44.7,105518.0,1648.0,43.9,39.9
06037272100,Palms - Mar Vista - Del Rey,11,38.6,36.0,128125.0,2672.0,43.9,44.4
06037294301,Wilmington - Harbor City,15,43.3,18.8,99549.0,1241.0,43.9,45.8
06037482002,,,26.8,40.3,105272.0,2129.0,43.8,40.8
06037910605,,,21.5,30.6,66190.0,1510.0,43.8,39.2
06037543704,,,37.3,26.4,101204.0,2169.0,43.8,44.0
06037910714,,,37.7,16.2,77167.0,2367.0,43.8,44.1
06037920303,,,31.0,49.2,138750.0,3035.0,43.8,42.1
06037271703,Palms - Mar Vista - Del Rey,5,12.8,67.2,130559.0,2424.0,43.8,36.7
06037920114,,,28.3,44.2,119668.0,2877.0,43.7,41.2
06037104610,Arleta - Pacoima,7,19.5,40.8,86220.0,1843.0,43.7,38.6
06037408140,,,22.1,33.2,74663.0,1577.0,43.7,39.4
06037109400,Mission Hills - Panorama City - North Hills,7,31.8,31.7,99718.0,2125.0,43.6,42.2
06037552002,,,12.2,55.3,100954.0,2121.0,43.6,36.3
06037195500,Silver Lake - Echo Park - Elysian Valley,13,18.3,56.3,120909.0,1776.0,43.6,38.2
06037111202,Granada Hills - Knollwood,12,29.2,38.4,109137.0,2961.0,43.6,41.4
06037430502,,,17.8,54.3,114815.0,2075.0,43.6,38.0
06037620002,,,20.3,63.5,145325.0,2591.0,43.5,38.6
06037532102,,,38.5,29.2,113977.0,2190.0,43.5,44.1
06037403402,,,38.9,26.7,109333.0,3501.0,43.5,44.2
06037551501,,,22.1,46.3,108278.0,2055.0,43.5,39.2
06037541003,,,34.9,19.3,79940.0,1101.0,43.4,42.9
06037131802,Reseda - West Van Nuys,4,36.2,24.7,96742.0,1590.0,43.4,43.3
06037408705,,,25.8,26.0,70000.0,2154.0,43.4,40.3
06037133101,Reseda - West Van Nuys,3,28.0,39.4,109211.0,1822.0,43.4,40.9
06037574800,,,20.1,41.7,92214.0,1725.0,43.4,38.5
06037501302,,,16.9,49.3,101000.0,1865.0,43.4,37.6
06037189802,Hollywood,13,16.0,58.0,120694.0,2253.0,43.3,37.2
06037577400,,,16.4,57.3,119911.0,2096.0,43.3,37.4
06037554802,,,23.3,43.8,107270.0,1965.0,43.3,39.4
06037273200,Venice,11,13.9,66.0,134067.0,3200.0,43.3,36.6
06037186302,Northeast Los Angeles,1,26.6,32.9,89880.0,1970.0,43.3,40.4
06037235100,West Adams - Baldwin Hills - Leimert,8,36.4,23.5,95958.0,1944.0,43.2,43.3
06037267102,West Los Angeles,5,33.9,43.1,136677.0,2867.0,43.2,42.5
06037402406,,,26.0,31.1,84750.0,1432.0,43.2,40.1
06037702202,,,28.8,50.4,139625.0,2327.0,43.2,41.0
06037408141,,,39.0,21.6,98824.0,1856.0,43.2,44.0
06037551203,,,30.3,31.5,97857.0,2056.0,43.2,41.4
06037602402,,,14.3,54.5,108368.0,1920.0,43.2,36.6
06037109500,Arleta - Pacoima,7,33.5,21.9,83561.0,2382.0,43.2,42.3
06037404401,,,11.5,46.3,79931.0,1826.0,43.2,35.8
06037500600,,,32.2,29.9,100375.0,2441.0,43.1,41.9
06037408212,,,31.5,20.2,74425.0,2650.0,43.1,41.7
06037550201,,,19.0,40.0,86642.0,1627.0,43.1,38.0
06037272301,Palms - Mar Vista - Del Rey,11,17.0,58.2,125618.0,2364.0,43.1,37.4
06037541200,,,32.3,23.9,86184.0,2027.0,43.1,41.9
06037570503,,,18.8,40.0,86379.0,1718.0,43.1,37.9
06037432002,,,26.1,33.0,90991.0,1815.0,43.0,40.0
06037103401,Sunland-E LaTuna Cyn-Lakevw Ter-Shadow Hls-Tujunga,7,38.4,22.5,100893.0,2192.0,43.0,43.7
06037901102,,,30.5,27.9,91417.0,1596.0,43.0,41.3
06037650001,,,29.2,34.4,103352.0,2227.0,43.0,40.9
06037267800,West Los Angeles,5,22.0,48.9,117738.0,3501.0,43.0,38.8
06037571800,,,33.8,37.3,123750.0,2272.0,43.0,42.3
06037603302,,,14.1,41.5,76929.0,1799.0,43.0,36.5
06037503801,,,34.2,28.1,102813.0,2739.0,43.0,42.4
06037407301,,,29.2,24.6,79153.0,2633.0,43.0,41.0
06037554600,,,23.5,37.5,94922.0,2212.0,42.9,39.2
06037139502,Encino - Tarzana,3,31.1,41.3,126875.0,2570.0,42.9,41.4
06037111401,Granada Hills - Knollwood,12,32.8,39.5,127115.0,2450.0,42.9,41.9
06037135111,Canoga Park-West Hills-Winnetka-Woodland Hills,3,14.8,50.1,101157.0,2316.0,42.9,36.6
06037600703,,,47.9,12.6,104595.0,2000.0,42.9,46.5
06037300701,,,54.4,18.9,138631.0,2317.0,42.9,48.4
06037111206,Northridge,12,67.6,7.5,148929.0,3370.0,42.9,52.3
06037600912,,,12.6,42.2,75781.0,1601.0,42.8,35.9
06037432902,,,22.2,32.6,80486.0,1737.0,42.8,38.7
06037463200,,,18.2,42.5,93073.0,2156.0,42.8,37.5
06037104322,Arleta - Pacoima,7,24.0,33.7,88125.0,1532.0,42.8,39.2
06037500500,,,16.9,34.8,70585.0,1731.0,42.7,37.1
06037901013,,,45.3,25.0,129087.0,2349.0,42.7,45.5
06037401500,,,21.9,37.5,92708.0,1952.0,42.6,38.5
06037405202,,,7.8,43.7,67022.0,1678.0,42.6,34.3
06037199300,Northeast Los Angeles,1,24.1,38.4,102408.0,1469.0,42.5,39.0
06037310400,,,21.5,44.8,110197.0,2039.0,42.5,38.3
06037273902,Venice,11,28.5,54.5,155281.0,2681.0,42.4,40.3
06037430701,,,23.7,41.7,109702.0,2067.0,42.4,38.8
06037541100,,,24.8,32.9,91282.0,1158.0,42.4,39.2
06037543804,,,32.6,35.7,121743.0,1813.0,42.3,41.4
06037405203,,,21.8,34.8,87692.0,2351.0,42.3,38.2
06037543100,,,35.5,16.1,82000.0,2086.0,42.3,42.3
06037430200,,,32.6,38.1,127730.0,3501.0,42.3,41.4
06037920109,,,34.0,29.9,111886.0,2403.0,42.2,41.8
06037408504,,,16.8,46.2,102222.0,2266.0,42.2,36.7
06037111100,Granada Hills - Knollwood,12,25.7,38.7,109600.0,2637.0,42.2,39.3
06037106641,Granada Hills - Knollwood,12,47.2,16.8,118387.0,3501.0,42.2,45.7
06037670101,,,8.8,51.9,93400.0,1948.0,42.2,34.3
06037402706,,,28.5,33.2,104500.0,2378.0,42.2,40.1
06037405302,,,16.3,44.1,95956.0,1886.0,42.2,36.5
06037620102,,,9.8,75.0,153482.0,2689.0,42.1,34.5
06037403801,,,8.7,50.6,90250.0,2108.0,42.1,34.2
06037183104,Northeast Los Angeles,14,22.0,39.5,101563.0,1803.0,42.1,38.2
06037405900,,,24.4,28.0,80357.0,1850.0,42.1,38.8
06037901008,,,14.0,47.5,97788.0,2068.0,42.1,35.7
06037431600,,,37.0,24.2,107446.0,2159.0,42.1,42.6
06037570902,,,41.7,28.7,133056.0,2661.0,42.0,43.9
06037402703,,,25.9,30.2,90486.0,2161.0,42.0,39.2
06037701202,,,22.1,55.3,141495.0,3065.0,42.0,38.1
06037405600,,,24.2,32.6,91838.0,1193.0,42.0,38.7
06037600702,,,29.6,33.6,110417.0,1789.0,41.9,40.2
06037501002,,,44.7,16.7,113222.0,2199.0,41.9,44.7
06037481300,,,14.8,36.5,75549.0,1583.0,41.8,35.8
06037535607,,,14.8,34.8,71398.0,1684.0,41.8,35.8
06037264102,Brentwood - Pacific Palisades,11,19.2,68.6,167188.0,2991.0,41.8,37.0
06037572700,,,20.5,34.9,88194.0,1803.0,41.8,37.4
06037481901,,,35.9,29.2,119110.0,1969.0,41.8,42.0
06037463000,,,20.8,47.9,120845.0,2797.0,41.8,37.5
06037106649,Sylmar,7,47.0,10.3,104773.0,3501.0,41.8,45.3
06037463103,,,32.9,27.4,105714.0,2038.0,41.8,41.1
06037400603,,,23.3,34.9,96845.0,1846.0,41.7,38.2
06037143101,Sherman Oaks-Studio City-Toluca Lake-Cahuenga Pass,2,24.3,37.1,105254.0,2202.0,41.7,38.5
06037543400,,,41.5,14.9,100667.0,2191.0,41.7,43.6
06037920332,,,37.6,18.5,98333.0,2277.0,41.7,42.4
06037621104,,,13.7,60.7,132366.0,2875.0,41.7,35.4
06037408139,,,41.9,16.1,104861.0,2938.0,41.7,43.7
06037131600,Reseda - West Van Nuys,3,30.7,21.2,84773.0,1793.0,41.7,40.4
06037201504,Northeast Los Angeles,14,19.2,42.9,104750.0,1327.0,41.7,37.0
06037275603,Palms - Mar Vista - Del Rey,11,27.6,42.3,127727.0,2214.0,41.7,39.5
06037901209,,,15.2,32.4,68333.0,1199.0,41.6,35.7
06037543201,,,25.4,31.3,94773.0,1733.0,41.6,38.8
06037409100,,,19.1,38.9,95795.0,2035.0,41.6,36.9
06037131200,Reseda - West Van Nuys,12,49.5,17.2,130500.0,1970.0,41.6,45.9
06037135202,Canoga Park-West Hills-Winnetka-Woodland Hills,12,41.0,28.7,133839.0,3501.0,41.6,43.4
06037620601,,,10.5,58.8,120326.0,2452.0,41.5,34.2
06037543703,,,31.4,34.2,119980.0,1752.0,41.5,40.5
06037106403,Sylmar,7,33.8,23.5,101346.0,1738.0,41.5,41.2
06037552001,,,27.1,27.1,91188.0,2270.0,41.4,39.1
06037113428,Chatsworth - Porter Ranch,3,51.2,15.6,132614.0,2921.0,41.4,46.3
06037461100,,,33.0,31.7,119375.0,1943.0,41.4,40.9
06037264305,Brentwood - Pacific Palisades,11,23.3,47.9,130656.0,3477.0,41.4,38.0
06037920111,,,46.9,21.6,135850.0,3011.0,41.3,44.9
06037402403,,,29.3,23.0,88099.0,1472.0,41.3,39.7
06037269700,West Adams - Baldwin Hills - Leimert,10,15.4,53.2,122237.0,2047.0,41.3,35.5
06037551700,,,22.6,32.0,91107.0,1809.0,41.3,37.7
06037408303,,,51.1,10.6,121250.0,2367.0,41.3,46.2
06037243002,Southeast Los Angeles,15,19.7,29.9,78029.0,2022.0,41.2,36.8
06037408401,,,21.7,36.1,98578.0,1754.0,41.2,37.4
06037183222,Northeast Los Angeles,14,14.6,43.9,97361.0,1408.0,41.2,35.3
06037554517,,,35.1,38.2,142688.0,2636.0,41.2,41.4
06037121210,Sun Valley - La Tuna Canyon,6,15.9,34.0,77195.0,1413.0,41.2,35.6
06037128910,Van Nuys - North Sherman Oaks,4,10.9,52.5,108321.0,2143.0,41.2,34.1
06037407201,,,16.1,37.8,87279.0,,41.2,35.7
06037137203,Canoga Park-West Hills-Winnetka-Woodland Hills,3,37.1,38.6,149519.0,2351.0,41.2,42.0
06037113322,Chatsworth - Porter Ranch,12,39.9,23.2,120364.0,2051.0,41.1,42.7
06037181600,Northeast Los Angeles,14,9.6,54.6,109688.0,1735.0,41.1,33.7
06037113101,Chatsworth - Porter Ranch,12,53.1,10.9,129038.0,3250.0,41.1,46.6
06037910606,,,16.6,33.9,79375.0,1641.0,41.1,35.8
06037552301,,,28.4,27.6,98780.0,2542.0,41.0,39.2
06037275604,Westchester - Playa del Rey,11,22.1,68.1,180246.0,3501.0,41.0,37.3
06037403409,,,37.9,26.9,125078.0,2360.0,41.0,42.0
06037195902,Silver Lake - Echo Park - Elysian Valley,13,11.1,62.0,133542.0,2120.0,40.9,34.0
06037296401,San Pedro,15,44.3,14.8,114514.0,1668.0,40.9,43.9
06037554801,,,26.2,34.0,109375.0,1833.0,40.9,38.5
06037301000,,,15.9,50.3,118843.0,2190.0,40.9,35.4
06037273700,Venice,11,15.6,57.4,135766.0,2639.0,40.9,35.3
06037403404,,,57.6,10.3,141591.0,3501.0,40.9,47.8
06037650802,,,28.5,38.7,128295.0,3354.0,40.8,39.1
06037910713,,,30.1,18.3,82917.0,1904.0,40.8,39.5
06037310900,,,33.0,26.9,112883.0,1978.0,40.7,40.3
06037199202,Northeast Los Angeles,1,14.0,43.3,98083.0,1500.0,40.7,34.7
06037297300,San Pedro,15,13.3,48.5,108261.0,3228.0,40.7,34.5
06037910719,,,25.4,29.0,95577.0,1934.0,40.7,38.1
06037119802,Arleta - Pacoima,6,22.8,31.3,94063.0,1917.0,40.7,37.3
06037404901,,,24.0,35.5,107276.0,2012.0,40.7,37.7
06037554201,,,17.8,39.7,100833.0,2126.0,40.6,35.8
06037183510,Northeast Los Angeles,1,29.4,29.5,109250.0,2025.0,40.6,39.2
06037407602,,,25.1,32.7,104597.0,1900.0,40.6,37.9
06037109700,Granada Hills - Knollwood,12,32.8,28.6,117104.0,2455.0,40.6,40.2
06037577501,,,31.6,35.7,131765.0,1991.0,40.5,39.8
06037404100,,,17.4,31.9,81602.0,2186.0,40.5,35.5
06037434004,,,17.8,41.3,105663.0,1496.0,40.5,35.7
06037291130,Harbor Gateway,15,18.3,32.6,85938.0,1911.0,40.5,35.8
06037311300,,,21.7,40.8,115776.0,2213.0,40.5,36.8
06037271300,Palms - Mar Vista - Del Rey,11,14.4,44.9,104231.0,2588.0,40.5,34.7
06037103402,Sunland-E LaTuna Cyn-Lakevw Ter-Shadow Hls-Tujunga,7,24.3,33.5,106161.0,1416.0,40.4,37.5
06037702502,West Adams - Baldwin Hills - Leimert,10,31.1,29.3,115144.0,2676.0,40.4,39.6
06037119001,Sun Valley - La Tuna Canyon,6,41.2,16.5,113114.0,2790.0,40.4,42.6
06037571900,,,19.8,48.1,128289.0,1857.0,40.4,36.2
06037275313,Palms - Mar Vista - Del Rey,11,34.0,27.2,118257.0,2964.0,40.4,40.4
06037501200,,,19.1,34.8,94032.0,2011.0,40.4,36.0
06037910716,,,31.5,19.1,92587.0,2132.0,40.3,39.6
06037570504,,,25.9,24.4,89348.0,1471.0,40.3,37.9
06037577602,,,26.8,31.5,109177.0,2816.0,40.3,38.2
06037651304,,,16.4,47.2,117211.0,2229.0,40.3,35.1
06037104124,Sunland-E LaTuna Cyn-Lakevw Ter-Shadow Hls-Tujunga,7,33.0,16.5,90469.0,1210.0,40.3,40.0
06037920329,,,16.7,40.5,101821.0,2728.0,40.3,35.2
06037276500,Westchester - Playa del Rey,11,37.6,38.1,156853.0,2539.0,40.2,41.4
06037920110,,,29.0,38.9,134181.0,2782.0,40.2,38.8
06037109604,Mission Hills - Panorama City - North Hills,7,35.5,19.4,105015.0,1294.0,40.2,40.7
06037101122,Sunland-E LaTuna Cyn-Lakevw Ter-Shadow Hls-Tujunga,7,30.9,22.1,99583.0,3479.0,40.1,39.2
06037480500,,,25.4,36.7,119167.0,2165.0,40.1,37.6
06037104201,Arleta - Pacoima,7,30.4,23.6,101509.0,2138.0,40.1,39.1
06037189202,Hollywood,4,21.1,58.9,161354.0,2354.0,40.1,36.3
06037139402,Encino - Tarzana,3,66.0,5.2,159926.0,3501.0,40.0,49.7
06037554521,,,30.7,31.0,121313.0,2439.0,40.0,39.1
06037482801,,,17.2,33.1,87182.0,1687.0,40.0,35.2
06037482522,,,19.6,29.4,85417.0,2037.0,40.0,35.8
06037143902,Sherman Oaks-Studio City-Toluca Lake-Cahuenga Pass,4,32.0,42.9,155045.0,2514.0,39.9,39.4
06037920029,,,26.8,31.0,110590.0,2320.0,39.9,37.9
06037574202,,,16.9,46.8,120417.0,2072.0,39.9,35.0
06037542900,,,15.0,33.2,81892.0,1588.0,39.9,34.4
06037503201,,,41.1,10.3,101750.0,2434.0,39.9,42.1
06037402102,,,24.3,30.9,103006.0,1688.0,39.9,37.2
06037702300,,,19.0,48.0,130179.0,2227.0,39.8,35.5
06037910601,,,16.5,30.5,80709.0,1832.0,39.8,34.7
06037188300,Northeast Los Angeles,13,10.5,55.7,124728.0,2558.0,39.8,33.0
06037293204,Harbor Gateway,15,2.6,58.4,108385.0,1846.0,39.8,30.7
06037602900,,,12.2,44.1,101186.0,1277.0,39.8,33.5
06037106603,Granada Hills - Knollwood,12,54.1,11.1,142500.0,2420.0,39.7,45.8
06037234001,West Adams - Baldwin Hills - Leimert,10,10.7,38.5,84271.0,2090.0,39.7,32.9
06037430803,,,28.6,31.8,119265.0,2366.0,39.7,38.3
06037650603,,,27.4,32.1,117019.0,1893.0,39.6,37.9
06037109601,Mission Hills - Panorama City - North Hills,7,42.6,14.8,119063.0,2563.0,39.6,42.4
06037401705,,,53.9,8.0,135339.0,1969.0,39.6,45.7
06037400605,,,32.5,18.7,98850.0,2072.0,39.6,39.4
06037405001,,,21.8,23.4,79851.0,1611.0,39.6,36.2
06037192002,Hollywood,5,17.9,45.3,122143.0,2467.0,39.6,35.0
06037620201,,,9.5,71.3,161563.0,3205.0,39.6,32.5
06037670001,,,16.6,40.2,106250.0,2019.0,39.6,34.6
06037920048,,,32.6,20.7,104545.0,1799.0,39.6,39.4
06037920044,,,32.4,20.2,102500.0,2746.0,39.6,39.3
06037404701,,,15.3,37.2,95143.0,2004.0,39.6,34.2
06037236001,West Adams - Baldwin Hills - Leimert,10,37.9,23.0,126029.0,3126.0,39.5,40.9
06037543705,,,18.1,36.4,101971.0,1813.0,39.5,35.0
06037503402,,,23.6,28.5,98016.0,2135.0,39.5,36.7
06037603901,,,11.3,49.3,113500.0,1889.0,39.5,33.0
06037134303,Canoga Park-West Hills-Winnetka-Woodland Hills,3,23.7,32.6,109063.0,2658.0,39.4,36.6
06037188202,Hollywood,4,41.9,45.0,192140.0,2440.0,39.4,42.0
06037297001,San Pedro,15,50.0,29.7,178333.0,3063.0,39.4,44.4
06037920042,,,20.5,43.1,125909.0,2614.0,39.4,35.7
06037311100,,,13.2,40.8,99472.0,2144.0,39.3,33.4
06037432201,,,21.0,38.1,115648.0,1953.0,39.3,35.8
06037106113,Sylmar,7,48.1,10.2,126190.0,1804.0,39.3,43.8
06037134302,Canoga Park-West Hills-Winnetka-Woodland Hills,12,37.2,22.6,124779.0,3501.0,39.3,40.5
06037650801,,,23.2,43.7,136827.0,3390.0,39.2,36.3
06037194200,Hollywood,4,53.1,25.5,178532.0,2711.0,39.2,45.2
06037301501,,,39.8,16.7,118125.0,2841.0,39.2,41.3
06037406602,,,25.3,28.4,105350.0,1598.0,39.2,36.9
06037920013,,,44.6,10.6,117903.0,3501.0,39.1,42.6
06037463900,,,16.1,49.9,131630.0,3384.0,39.1,34.1
06037502005,,,19.7,28.9,91617.0,1846.0,39.0,35.1
06037320101,,,35.3,18.4,110967.0,2016.0,39.0,39.8
06037401202,,,34.6,18.0,107750.0,2718.0,39.0,39.5
06037403601,,,28.1,28.8,115858.0,1920.0,39.0,37.6
06037406801,,,24.6,30.2,108894.0,2666.0,39.0,36.6
06037535902,,,17.9,29.0,86659.0,1297.0,39.0,34.6
06037408623,,,19.9,32.4,100900.0,2301.0,39.0,35.2
06037407102,,,24.6,22.3,90927.0,2090.0,38.9,36.5
06037128704,Van Nuys - North Sherman Oaks,4,19.0,44.1,127422.0,2054.0,38.9,34.8
06037480102,,,21.0,36.3,114743.0,2463.0,38.9,35.4
06037300400,,,37.5,23.6,130799.0,2788.0,38.9,40.4
06037901101,,,18.6,34.0,101641.0,2524.0,38.9,34.7
06037502100,,,24.2,21.9,88021.0,1367.0,38.9,36.4
06037183220,Northeast Los Angeles,14,20.3,41.9,126000.0,1934.0,38.9,35.2
06037195202,Hollywood,4,29.5,47.4,166016.0,2842.0,38.9,38.0
06037403328,,,27.8,23.4,102853.0,2629.0,38.9,37.4
06037134101,Canoga Park-West Hills-Winnetka-Woodland Hills,3,19.1,29.3,92130.0,2168.0,38.8,34.8
06037108102,Chatsworth - Porter Ranch,12,45.3,14.0,131014.0,3501.0,38.8,42.6
06037133000,Reseda - West Van Nuys,3,24.7,26.0,100385.0,2300.0,38.8,36.5
06037407901,,,37.3,12.4,104375.0,2315.0,38.7,40.1
06037201110,Northeast Los Angeles,14,16.7,34.0,97664.0,1482.0,38.7,34.0
06037401601,,,14.2,37.1,98786.0,2257.0,38.6,33.2
06037920016,,,49.5,18.0,154018.0,1936.0,38.6,43.7
06037553400,,,8.9,45.1,103553.0,1946.0,38.5,31.6
06037543605,,,29.9,20.1,103034.0,2195.0,38.5,37.8
06037430004,,,13.4,36.8,96397.0,2130.0,38.5,32.9
06037137401,Canoga Park-West Hills-Winnetka-Woodland Hills,3,29.8,38.0,146406.0,3072.0,38.5,37.8
06037701304,,,21.3,46.3,142155.0,2471.0,38.5,35.2
06037502603,,,46.5,9.0,123885.0,1817.0,38.5,42.7
06037554001,,,7.2,39.9,86757.0,1720.0,38.4,31.0
06037407502,,,16.4,38.7,110625.0,2126.0,38.4,33.7
06037402101,,,26.7,23.2,102162.0,1850.0,38.4,36.7
06037670405,,,41.6,24.0,147143.0,3059.0,38.4,41.2
06037542000,,,18.1,31.7,98406.0,1507.0,38.4,34.2
06037189704,Hollywood,4,23.3,52.2,164233.0,2343.0,38.3,35.7
06037113213,Chatsworth - Porter Ranch,12,25.9,35.4,130446.0,2240.0,38.3,36.4
06037554518,,,35.7,19.3,119211.0,3380.0,38.3,39.3
06037650904,,,13.3,51.2,132986.0,2366.0,38.3,32.7
06037502401,,,11.8,33.1,84511.0,1808.0,38.2,32.2
06037406000,,,26.5,25.2,107958.0,2405.0,38.2,36.6
06037216901,Wilshire,10,13.7,39.8,106579.0,2417.0,38.2,32.8
06037295103,San Pedro,15,29.3,26.4,120089.0,3145.0,38.1,37.3
06037602802,,,37.3,11.7,106793.0,2500.0,38.1,39.7
06037125102,North Hollywood - Valley Village,2,22.9,52.2,164313.0,2211.0,38.1,35.4
06037800104,,,35.4,29.1,144309.0,3501.0,38.1,39.1
06037267901,West Los Angeles,5,25.6,37.1,135533.0,3501.0,38.1,36.2
06037402705,,,29.1,19.8,103401.0,2218.0,38.0,37.2
06037401303,,,41.8,18.0,136019.0,3501.0,38.0,40.9
06037577700,,,10.3,36.8,91612.0,1747.0,37.9,31.5
06037275312,Palms - Mar Vista - Del Rey,11,22.1,58.1,177963.0,3501.0,37.9,35.0
06037460302,,,18.7,27.0,92009.0,2543.0,37.9,34.0
06037408722,,,38.9,16.3,124565.0,2570.0,37.9,40.0
06037463300,,,22.7,41.3,138542.0,2127.0,37.9,35.2
06037406601,,,36.3,19.0,123268.0,2686.0,37.9,39.3
06037403901,,,20.7,35.3,118523.0,2679.0,37.8,34.5
06037602201,,,24.6,41.7,146225.0,3171.0,37.8,35.7
06037143802,Sherman Oaks-Studio City-Toluca Lake-Cahuenga Pass,4,21.1,50.1,156439.0,2522.0,37.8,34.6
06037543503,,,15.0,32.1,94362.0,1818.0,37.8,32.8
06037503104,,,21.2,20.4,83750.0,1494.0,37.8,34.7
06037501600,,,17.2,36.9,112614.0,1848.0,37.8,33.5
06037621005,,,20.4,48.4,150152.0,2828.0,37.8,34.4
06037113424,Chatsworth - Porter Ranch,12,21.6,31.6,113472.0,2528.0,37.7,34.7
06037216100,Wilshire,10,25.8,44.5,157917.0,2312.0,37.6,35.9
06037573102,,,10.7,43.7,112054.0,1649.0,37.6,31.4
06037108103,Chatsworth - Porter Ranch,12,51.5,10.1,147893.0,3501.0,37.6,43.5
06037621301,,,25.7,29.4,120750.0,2761.0,37.6,35.8
06037543502,,,25.3,28.6,117260.0,1815.0,37.6,35.7
06037544002,,,22.4,29.2,110179.0,2000.0,37.6,34.9
06037408505,,,25.6,25.0,109787.0,2978.0,37.5,35.8
06037910706,,,30.5,17.7,106585.0,1924.0,37.5,37.2
06037408631,,,23.1,23.4,99609.0,2206.0,37.4,35.0
06037406300,,,18.3,29.7,101565.0,2178.0,37.4,33.5
06037276601,Westchester - Playa del Rey,11,32.3,40.6,168011.0,2720.0,37.4,37.7
06037109300,Granada Hills - Knollwood,12,40.5,11.9,121750.0,3190.0,37.4,40.1
06037135201,Canoga Park-West Hills-Winnetka-Woodland Hills,12,43.0,11.5,127917.0,3182.0,37.4,40.8
06037106405,Sylmar,7,8.1,36.4,88651.0,1329.0,37.3,30.4
06037194102,Hollywood,4,48.2,25.1,177697.0,2206.0,37.2,42.3
06037550602,,,27.7,23.0,113750.0,2609.0,37.2,36.1
06037550202,,,26.0,23.9,110865.0,2189.0,37.2,35.6
06037267902,West Los Angeles,5,12.9,54.1,146534.0,3420.0,37.2,31.8
06037910709,,,30.1,14.7,100781.0,2767.0,37.1,36.8
06037482521,,,13.4,25.9,80000.0,2140.0,37.1,31.8
06037551001,,,11.0,29.6,82198.0,2245.0,37.1,31.1
06037135205,Canoga Park-West Hills-Winnetka-Woodland Hills,12,30.6,20.8,117031.0,3501.0,37.1,36.9
06037276000,Westchester - Playa del Rey,11,23.3,45.9,157366.0,3140.0,37.1,34.8
06037502402,,,26.7,14.8,91856.0,2375.0,37.0,35.7
06037408138,,,21.5,20.5,90764.0,1851.0,37.0,34.2
06037293302,Wilmington - Harbor City,15,15.1,34.3,107107.0,2413.0,36.9,32.2
06037540102,,,22.6,23.6,102850.0,1659.0,36.9,34.4
06037552700,,,24.0,24.7,109088.0,2642.0,36.9,34.8
06037480201,,,46.5,12.5,144000.0,2843.0,36.9,41.5
06037482702,,,16.5,28.8,97379.0,2091.0,36.9,32.6
06037310300,,,45.3,11.3,137955.0,3501.0,36.9,41.2
06037571400,,,16.8,36.6,117951.0,2059.0,36.8,32.6
06037119700,Mission Hills - Panorama City - North Hills,6,19.6,22.2,90994.0,997.0,36.8,33.4
06037910212,,,19.2,30.1,109281.0,,36.8,33.3
06037503702,,,15.0,36.8,113173.0,1788.0,36.8,32.1
06037463700,,,10.7,67.2,175230.0,3064.0,36.8,30.8
06037502200,,,14.8,36.6,112851.0,1844.0,36.7,32.0
06037404402,,,13.9,30.9,96392.0,2268.0,36.7,31.7
06037132001,Reseda - West Van Nuys,6,14.9,37.8,116167.0,2058.0,36.7,32.0
06037311400,,,14.7,46.0,136354.0,2262.0,36.6,31.9
06037542800,,,12.0,21.9,69719.0,2307.0,36.6,31.0
06037920339,,,19.8,43.2,144876.0,3003.0,36.5,33.3
06037407302,,,19.0,20.2,86154.0,2702.0,36.5,33.1
06037651101,,,15.2,40.4,125028.0,2463.0,36.5,31.9
06037143500,Sherman Oaks-Studio City-Toluca Lake-Cahuenga Pass,4,13.1,55.8,156825.0,2732.0,36.5,31.3
06037402405,,,28.8,12.7,96500.0,2705.0,36.5,35.9
06037901012,,,43.6,10.6,133913.0,2664.0,36.5,40.3
06037431701,,,19.8,31.8,117138.0,2039.0,36.5,33.3
06037117404,Mission Hills - Panorama City - North Hills,12,32.6,21.5,130034.0,3063.0,36.4,37.0
06037503601,,,19.9,26.3,104940.0,1889.0,36.4,33.2
06037461700,,,40.0,11.3,126250.0,2536.0,36.4,39.2
06037406413,,,23.5,21.0,102278.0,1935.0,36.4,34.3
06037181000,Northeast Los Angeles,14,31.6,27.6,142943.0,1876.0,36.3,36.6
06037462400,,,24.6,37.8,147727.0,2277.0,36.3,34.5
06037502700,,,8.4,34.1,91673.0,2007.0,36.3,29.7
06037920031,,,20.8,11.6,72434.0,2081.0,36.3,33.4
06037543903,,,26.9,27.2,128125.0,,36.3,35.2
06037405800,,,16.6,27.0,97896.0,2384.0,36.3,32.1
06037404903,,,8.1,31.0,82847.0,2048.0,36.3,29.6
06037277000,Westchester - Playa del Rey,11,41.8,28.1,173750.0,3462.0,36.2,39.6
06037621400,,,24.7,48.5,174667.0,2440.0,36.2,34.5
06037911001,,,21.1,14.3,80222.0,995.0,36.2,33.5
06037404503,,,20.4,23.6,101188.0,1856.0,36.2,33.2
06037433803,,,13.1,25.8,85517.0,2029.0,36.2,31.1
06037407202,,,27.5,10.9,90682.0,2064.0,36.2,35.3
06037117302,Northridge,12,24.6,24.6,115708.0,1892.0,36.2,34.5
06037552800,,,25.4,25.3,119471.0,2006.0,36.2,34.7
06037278102,Westchester - Playa del Rey,11,18.6,54.6,172153.0,2983.0,36.1,32.6
06037181300,Northeast Los Angeles,14,28.9,31.1,145125.0,2052.0,36.1,35.7
06037404000,,,11.9,37.8,112830.0,2207.0,36.0,30.5
06037574602,,,43.1,12.4,141000.0,3118.0,36.0,39.8
06037500700,,,15.4,24.7,90761.0,1913.0,36.0,31.6
06037900807,,,10.4,25.8,79302.0,2159.0,36.0,30.1
06037602301,,,28.1,25.1,128221.0,1723.0,36.0,35.4
06037106646,Granada Hills - Knollwood,12,34.9,14.6,122734.0,1833.0,36.0,37.4
06037500404,,,24.1,19.4,102880.0,2156.0,36.0,34.2
06037403326,,,31.0,24.8,136875.0,3136.0,35.9,36.2
06037574300,,,13.7,38.4,120594.0,2173.0,35.9,31.0
06037920030,,,31.3,22.3,131558.0,2369.0,35.9,36.2
06037503705,,,30.9,15.2,113169.0,1190.0,35.9,36.1
06037431200,,,13.2,32.6,104412.0,1863.0,35.9,30.9
06037910216,,,25.9,20.6,112724.0,2333.0,35.8,34.5
06037121221,Sun Valley - La Tuna Canyon,6,15.8,23.3,90417.0,1714.0,35.8,31.5
06037910809,,,58.6,4.4,167083.0,,35.8,44.3
06037571101,,,34.4,13.1,119028.0,2725.0,35.8,37.1
06037291300,Harbor Gateway,15,20.9,21.3,100682.0,1651.0,35.7,33.0
06037400403,,,24.0,34.6,141667.0,2234.0,35.7,33.9
06037910302,,,28.9,10.4,97412.0,2361.0,35.7,35.3
06037300901,,,53.5,7.0,160425.0,3402.0,35.6,42.6
06037408134,,,28.3,16.9,111667.0,2587.0,35.6,35.2
06037500800,,,25.8,20.9,114310.0,1860.0,35.6,34.4
06037920028,,,39.6,15.0,139805.0,3177.0,35.6,38.5
06037482404,,,6.8,25.1,71000.0,2592.0,35.5,28.6
06037211000,Wilshire,4,34.3,39.1,184034.0,3501.0,35.5,36.9
06037500100,,,74.4,3.8,213897.0,3501.0,35.5,48.8
06037620101,,,11.2,43.4,127941.0,2637.0,35.5,30.0
06037219500,West Adams - Baldwin Hills - Leimert,10,8.2,37.7,105625.0,1754.0,35.5,29.1
06037530202,,,19.1,28.7,114550.0,1788.0,35.5,32.3
06037119801,Arleta - Pacoima,6,28.2,18.8,117708.0,2719.0,35.4,34.9
06037300301,,,37.2,13.2,130262.0,3223.0,35.4,37.6
06037650102,,,16.8,30.9,114531.0,3025.0,35.4,31.5
06037702501,,,19.0,44.1,153382.0,2722.0,35.4,32.2
06037262604,Brentwood - Pacific Palisades,11,30.4,32.9,159079.0,2779.0,35.3,35.5
06037271400,Palms - Mar Vista - Del Rey,11,52.8,11.7,172500.0,3501.0,35.3,42.2
06037503103,,,14.5,30.8,108475.0,2322.0,35.2,30.7
06037651001,,,26.7,24.7,129143.0,1839.0,35.2,34.3
06037262706,Brentwood - Pacific Palisades,11,34.7,29.1,163643.0,3501.0,35.1,36.7
06037551002,,,12.1,31.0,104280.0,2154.0,35.0,29.8
06037910214,,,25.6,19.8,115308.0,2635.0,35.0,33.9
06037920040,,,28.8,16.8,118000.0,2706.0,34.9,34.7
06037600801,,,17.2,27.4,110625.0,2157.0,34.9,31.3
06037650200,,,31.5,21.9,138438.0,2813.0,34.9,35.6
06037651002,,,11.9,40.9,128293.0,1815.0,34.9,29.7
06037119201,Arleta - Pacoima,6,24.4,18.0,108807.0,2443.0,34.8,33.4
06037432001,,,12.9,25.5,94071.0,1910.0,34.8,30.0
06037800325,,,35.4,22.3,152232.0,3501.0,34.7,36.6
06037550801,,,1.3,40.0,96790.0,1649.0,34.7,26.4
06037910814,,,38.3,6.4,122159.0,1778.0,34.6,37.3
06037135204,Canoga Park-West Hills-Winnetka-Woodland Hills,12,32.0,16.2,128359.0,3501.0,34.6,35.4
06037310100,,,56.0,4.8,169705.0,3501.0,34.6,42.6
06037621201,,,18.1,45.3,160201.0,2638.0,34.5,31.2
06037113211,Chatsworth - Porter Ranch,12,22.6,20.4,111806.0,2860.0,34.5,32.6
06037277100,Westchester - Playa del Rey,11,37.3,23.0,161875.0,3501.0,34.4,36.9
06037106010,Sylmar,7,34.6,19.1,144375.0,2667.0,34.4,36.1
06037910301,,,19.5,25.7,116974.0,1218.0,34.4,31.6
06037405702,,,3.3,33.0,87959.0,1803.0,34.4,26.8
06037920121,,,36.3,24.1,161364.0,3263.0,34.4,36.6
06037501700,,,12.4,35.9,121042.0,1801.0,34.4,29.5
06037300200,,,24.3,29.4,140417.0,2092.0,34.3,32.9
06037603200,,,9.5,35.1,111153.0,2266.0,34.3,28.6
06037554700,,,22.5,18.2,108533.0,2353.0,34.2,32.4
06037620701,,,21.8,47.0,176613.0,2375.0,34.2,32.2
06037920314,,,22.9,28.7,135795.0,2654.0,34.1,32.4
06037503802,,,11.5,29.7,105732.0,2538.0,34.1,29.0
06037900610,,,0.0,13.4,32386.0,730.0,34.1,25.6
06037620522,,,21.7,41.1,162778.0,2784.0,34.1,32.1
06037543601,,,9.9,32.9,109811.0,1766.0,34.0,28.4
06037400402,,,26.4,29.1,147670.0,2169.0,34.0,33.4
06037800504,,,38.1,37.7,202763.0,3501.0,34.0,36.8
06037107010,Sylmar,7,3.6,33.3,92788.0,2152.0,33.9,26.5
06037408005,,,19.6,28.7,128260.0,2291.0,33.9,31.2
06037102104,Sun Valley - La Tuna Canyon,2,16.9,23.2,107656.0,3349.0,33.8,30.4
06037544001,,,13.1,21.3,92135.0,1899.0,33.8,29.2
06037503105,,,8.3,38.9,120890.0,1845.0,33.8,27.9
06037554511,,,22.0,33.7,147794.0,2968.0,33.8,31.9
06037403325,,,18.7,24.0,115461.0,2381.0,33.7,30.8
06037407702,,,15.0,23.2,102607.0,2184.0,33.7,29.8
06037432102,,,25.3,15.0,112302.0,2492.0,33.7,32.8
06037920331,,,21.2,23.6,121343.0,3143.0,33.7,31.6
06037550101,,,29.6,11.1,115443.0,1647.0,33.7,34.1
06037401802,,,32.1,15.5,133676.0,2310.0,33.7,34.8
06037101300,Sunland-E LaTuna Cyn-Lakevw Ter-Shadow Hls-Tujunga,7,24.7,20.9,125675.0,2870.0,33.6,32.6
06037670407,,,12.7,41.8,142306.0,2977.0,33.6,29.0
06037621001,,,22.9,39.9,167260.0,2572.0,33.6,32.0
06037262802,Brentwood - Pacific Palisades,11,42.6,13.1,159353.0,2393.0,33.5,37.8
06037407801,,,18.8,16.5,100500.0,1792.0,33.3,30.6
06037430003,,,36.4,10.1,135250.0,3160.0,33.3,35.8
06037113303,Chatsworth - Porter Ranch,12,21.2,18.5,111893.0,2871.0,33.3,31.3
06037108202,Chatsworth - Porter Ranch,12,37.8,29.0,185852.0,3359.0,33.3,36.2
06037501001,,,9.1,30.4,106500.0,1911.0,33.3,27.7
06037403324,,,12.3,25.0,102025.0,2430.0,33.3,28.7
06037900805,,,9.8,24.4,94552.0,2080.0,33.2,27.8
06037552400,,,13.8,12.2,75694.0,2167.0,33.2,29.0
06037401304,,,40.2,5.1,134516.0,1865.0,33.2,36.9
06037530005,,,24.6,20.3,127417.0,,33.1,32.2
06037500300,,,26.7,15.0,120694.0,1688.0,33.1,32.8
06037104310,Arleta - Pacoima,7,16.9,20.7,106250.0,2227.0,33.1,29.9
06037111201,Granada Hills - Knollwood,12,25.7,13.2,114489.0,2891.0,33.0,32.4
06037408625,,,26.5,16.9,125417.0,2988.0,33.0,32.7
06037620305,,,23.8,43.3,182775.0,3501.0,33.0,31.8
06037577604,,,22.4,14.3,108571.0,3306.0,32.8,31.3
06037920106,,,18.6,19.1,109268.0,1686.0,32.8,30.2
06037800324,,,41.8,11.7,158351.0,3501.0,32.8,37.1
06037408629,,,28.4,16.4,131250.0,2500.0,32.8,33.1
06037131300,Reseda - West Van Nuys,4,12.6,19.7,93594.0,1620.0,32.8,28.4
06037703100,,,12.6,34.2,129269.0,1759.0,32.8,28.4
06037137502,Canoga Park-West Hills-Winnetka-Woodland Hills,3,24.6,26.0,144450.0,3270.0,32.7,31.9
06037403318,,,20.6,20.2,119620.0,2363.0,32.6,30.6
06037554513,,,19.2,23.8,125417.0,2943.0,32.5,30.1
06037555300,,,26.6,12.1,117708.0,2278.0,32.5,32.3
06037603600,,,11.3,19.8,92552.0,1585.0,32.5,27.7
06037920104,,,32.2,7.0,122383.0,3501.0,32.4,33.8
06037296402,San Pedro,15,24.1,22.6,137083.0,2298.0,32.4,31.5
06037134422,Canoga Park-West Hills-Winnetka-Woodland Hills,12,34.4,23.5,168889.0,3501.0,32.4,34.6
06037432502,,,12.3,27.3,114688.0,2089.0,32.4,27.9
06037273100,Venice,11,8.6,54.9,171005.0,3454.0,32.4,26.9
06037408402,,,19.5,14.9,105789.0,2604.0,32.3,30.0
06037262704,Brentwood - Pacific Palisades,11,24.5,31.0,159219.0,2993.0,32.3,31.5
06037262400,Brentwood - Pacific Palisades,11,71.3,12.6,250001.0,3501.0,32.3,45.4
06037620001,,,10.1,49.7,163510.0,2239.0,32.3,27.2
06037400207,,,33.0,14.0,143000.0,3501.0,32.2,34.0
06037407802,,,16.4,24.7,121194.0,2506.0,32.2,29.1
06037106112,Sylmar,7,14.6,18.3,100758.0,2589.0,32.2,28.5
06037620501,,,19.9,37.4,162674.0,2723.0,32.2,30.1
06037106406,Sylmar,7,12.0,23.0,104598.0,2539.0,32.2,27.7
06037543306,,,13.2,19.8,100993.0,2550.0,32.1,28.0
06037405400,,,17.4,18.9,111121.0,1784.0,32.1,29.2
06037117301,Mission Hills - Panorama City - North Hills,12,24.1,25.7,146696.0,3501.0,32.1,31.3
06037113231,Chatsworth - Porter Ranch,12,30.2,12.5,132981.0,2310.0,32.0,33.0
06037134201,Canoga Park-West Hills-Winnetka-Woodland Hills,3,14.2,17.4,99545.0,2536.0,31.9,28.1
06037543801,,,12.4,20.8,102472.0,,31.9,27.6
06037577605,,,16.3,24.9,123986.0,2472.0,31.9,28.8
06037131900,Reseda - West Van Nuys,6,25.8,18.6,135442.0,2898.0,31.9,31.6
06037103101,Sunland-E LaTuna Cyn-Lakevw Ter-Shadow Hls-Tujunga,7,23.7,13.3,117857.0,2185.0,31.8,30.9
06037501900,,,12.9,19.3,101042.0,2563.0,31.8,27.7
06037185102,Northeast Los Angeles,1,21.2,23.6,135506.0,3501.0,31.8,30.2
06037185204,Northeast Los Angeles,1,14.1,26.6,123500.0,,31.7,28.0
06037408003,,,11.8,21.3,103472.0,2280.0,31.7,27.3
06037502901,,,22.7,16.4,123143.0,2716.0,31.7,30.5
06037460200,,,32.1,17.5,153750.0,2220.0,31.6,33.2
06037408624,,,22.7,16.4,123438.0,2159.0,31.6,30.5
06037570901,,,28.9,7.5,120469.0,3090.0,31.5,32.2
06037500202,,,31.1,13.9,142868.0,2173.0,31.5,32.9
06037301400,,,28.3,10.5,126442.0,3174.0,31.5,32.0
06037920017,,,26.6,20.0,145037.0,2314.0,31.4,31.5
06037403317,,,19.1,15.7,112697.0,2686.0,31.4,29.3
06037102107,Sun Valley - La Tuna Canyon,7,11.1,21.4,104500.0,2182.0,31.3,26.8
06037403702,,,20.0,17.3,120391.0,2182.0,31.3,29.4
06037482102,,,12.4,20.9,107664.0,2506.0,31.2,27.1
06037293306,Wilmington - Harbor City,15,10.4,26.3,116979.0,1868.0,31.0,26.3
06037543304,,,17.1,15.0,108468.0,2485.0,31.0,28.3
06037139301,Encino - Tarzana,3,31.8,19.6,162708.0,3501.0,30.9,32.6
06037103300,Sunland-E LaTuna Cyn-Lakevw Ter-Shadow Hls-Tujunga,7,32.0,13.3,148036.0,2767.0,30.9,32.7
06037702600,,,19.5,21.4,133194.0,2545.0,30.7,28.8
06037651302,,,24.8,25.2,158958.0,2951.0,30.6,30.3
06037113237,Chatsworth - Porter Ranch,12,16.2,28.7,142917.0,2419.0,30.5,27.7
06037108203,Chatsworth - Porter Ranch,12,21.7,25.5,151250.0,3501.0,30.5,29.3
06037460401,,,2.9,36.8,124167.0,2357.0,30.5,23.8
06037703002,,,11.7,35.5,146786.0,3089.0,30.5,26.3
06037400208,,,40.9,4.3,154238.0,,30.5,35.1
06037143700,Sherman Oaks-Studio City-Toluca Lake-Cahuenga Pass,4,28.5,27.5,176534.0,1954.0,30.4,31.3
06037139704,Encino - Tarzana,4,23.2,17.6,136913.0,3501.0,30.4,29.7
06037261200,Bel Air - Beverly Crest,5,46.4,13.9,194917.0,1805.0,30.4,36.6
06037550700,,,14.9,26.5,134511.0,2080.0,30.4,27.2
06037910717,,,3.5,20.7,87969.0,2047.0,30.3,23.8
06037462600,,,13.2,29.7,138500.0,2628.0,30.3,26.6
06037620303,,,31.5,34.4,202875.0,3501.0,30.3,32.1
06037602700,,,15.7,18.4,118710.0,2334.0,30.2,27.3
06037800506,,,45.2,24.1,217893.0,3501.0,30.2,36.1
06037554514,,,10.3,35.1,144284.0,2510.0,30.1,25.6
06037901214,,,12.0,18.9,109459.0,3137.0,30.1,26.2
06037554515,,,14.7,13.6,105568.0,3263.0,30.0,26.9
06037464000,,,8.6,38.0,147632.0,2341.0,30.0,25.0
06037407002,,,16.7,10.9,105508.0,2188.0,29.9,27.4
06037408503,,,25.9,11.0,131838.0,3500.0,29.9,30.2
06037480703,,,15.3,42.5,178200.0,2250.0,29.9,27.0
06037297400,San Pedro,15,19.4,16.1,126192.0,2164.0,29.8,28.2
06037430005,,,5.0,31.5,122595.0,3189.0,29.8,23.8
06037464200,,,38.5,13.9,176389.0,3501.0,29.8,33.8
06037901007,,,9.0,11.0,83864.0,1783.0,29.8,25.1
06037461000,,,14.9,20.5,125302.0,2025.0,29.6,26.7
06037195100,Silver Lake - Echo Park - Elysian Valley,4,19.9,29.2,162066.0,1980.0,29.5,28.1
06037570703,,,21.0,12.9,125938.0,2838.0,29.5,28.4
06037574100,,,17.8,21.4,136964.0,3011.0,29.5,27.4
06037670416,,,14.0,36.6,164250.0,3285.0,29.4,26.2
06037572600,,,9.5,23.2,118152.0,1473.0,29.4,24.9
06037800335,,,22.2,14.7,134167.0,2894.0,29.4,28.7
06037407001,,,2.0,20.5,89844.0,1913.0,29.4,22.7
06037143801,Sherman Oaks-Studio City-Toluca Lake-Cahuenga Pass,4,12.3,40.1,169097.0,2837.0,29.2,25.6
06037930400,,,5.2,25.8,113929.0,,29.2,23.4
06037650701,,,26.4,16.3,153750.0,3501.0,28.9,29.5
06037400209,,,30.3,9.2,147500.0,3501.0,28.9,30.7
06037620400,,,21.1,31.5,175469.0,2852.0,28.9,28.0
06037900611,,,12.2,8.3,92938.0,2088.0,28.9,25.3
06037800412,,,30.8,17.4,169244.0,3500.0,28.9,30.8
06037620802,,,14.7,41.3,181518.0,2259.0,28.9,26.0
06037573800,,,17.8,10.4,115250.0,2896.0,28.8,26.9
06037400801,,,10.6,22.4,124401.0,2292.0,28.7,24.7
06037404600,,,10.5,18.0,113250.0,2083.0,28.7,24.7
06037401201,,,21.1,16.2,139450.0,2819.0,28.7,27.8
06037603702,,,15.1,12.2,113464.0,2483.0,28.6,26.0
06037186203,Northeast Los Angeles,1,16.1,24.7,147833.0,2983.0,28.4,26.1
06037408627,,,7.4,14.1,97434.0,3364.0,28.4,23.5
06037109200,Granada Hills - Knollwood,12,15.2,14.0,120016.0,3213.0,28.3,25.8
06037553300,,,4.3,18.8,100256.0,1288.0,28.3,22.5
06037430802,,,23.8,17.2,152564.0,2032.0,28.3,28.3
06037900902,,,0.0,10.4,68276.0,,28.2,21.2
06037462500,,,11.1,21.1,126488.0,2618.0,28.2,24.4
06037292002,Harbor Gateway,15,3.8,24.3,114239.0,2450.0,28.1,22.2
06037502801,,,11.3,9.7,100074.0,2354.0,28.1,24.4
06037571300,,,21.7,11.4,134200.0,2175.0,28.1,27.5
06037462900,,,10.2,19.9,121176.0,2264.0,28.1,24.1
06037115101,Northridge,12,28.0,13.8,157829.0,2114.0,28.1,29.4
06037920034,,,26.6,16.1,160580.0,2239.0,28.0,28.9
06037269000,West Los Angeles,5,15.2,36.2,177750.0,2301.0,27.9,25.4
06037650502,,,13.9,24.2,145369.0,2403.0,27.8,25.0
06037262200,Bel Air - Beverly Crest,5,23.9,31.7,192588.0,2630.0,27.7,27.9
06037570001,,,14.2,18.7,132875.0,1836.0,27.7,25.0
06037570800,,,12.2,16.7,122357.0,2373.0,27.7,24.4
06037432101,,,12.3,19.9,130142.0,2754.0,27.7,24.5
06037403703,,,13.0,15.8,122628.0,2150.0,27.7,24.7
06037800410,,,22.0,21.0,161875.0,3250.0,27.6,27.3
06037701601,,,18.9,42.5,206012.0,2633.0,27.6,26.3
06037297501,San Pedro,15,23.0,18.8,160179.0,3083.0,27.5,27.5
06037670603,,,46.0,7.6,199000.0,3501.0,27.5,34.3
06037620301,,,49.1,19.7,237798.0,3501.0,27.5,35.2
06037554519,,,14.5,9.9,113633.0,3501.0,27.5,25.0
06037137104,Canoga Park-West Hills-Winnetka-Woodland Hills,3,9.7,12.6,107153.0,2163.0,27.4,23.5
06037920118,,,25.9,9.3,146167.0,3158.0,27.4,28.3
06037137402,Canoga Park-West Hills-Winnetka-Woodland Hills,3,8.7,28.4,143672.0,3175.0,27.3,23.1
06037261104,Bel Air - Beverly Crest,5,26.1,25.2,186765.0,3501.0,27.2,28.2
06037106642,Granada Hills - Knollwood,12,22.1,9.5,139145.0,3501.0,26.9,26.8
06037480202,,,7.2,22.5,128000.0,2296.0,26.9,22.4
06037571102,,,14.0,18.2,136968.0,2775.0,26.9,24.3
06037543701,,,13.2,20.3,140000.0,2801.0,26.9,24.1
06037554516,,,23.3,18.0,163235.0,3059.0,26.9,27.1
06037910804,,,24.7,6.8,140726.0,1690.0,26.8,27.5
06037201302,Northeast Los Angeles,14,2.8,23.5,118831.0,2276.0,26.8,20.9
06037800411,,,32.6,19.3,194223.0,3501.0,26.8,29.8
06037482001,,,13.7,13.4,126083.0,3188.0,26.7,24.1
06037143901,Sherman Oaks-Studio City-Toluca Lake-Cahuenga Pass,4,43.6,10.8,206509.0,3501.0,26.6,32.9
06037571000,,,19.4,12.1,140478.0,2836.0,26.6,25.7
06037670417,,,25.2,14.5,163088.0,3501.0,26.6,27.4
06037480702,,,14.6,28.6,167452.0,2449.0,26.5,24.2
06037800101,,,44.0,7.6,201313.0,3256.0,26.4,32.9
06037570003,,,10.2,14.0,119402.0,2313.0,26.4,22.8
06037265410,Brentwood - Pacific Palisades,11,19.6,39.7,212625.0,2646.0,26.0,25.3
06037300902,,,20.5,15.0,154722.0,3501.0,26.0,25.6
06037574201,,,11.7,20.5,143147.0,3147.0,25.9,22.9
06037408707,,,17.5,8.1,130313.0,2295.0,25.9,24.6
06037800334,,,34.1,13.2,191101.0,1825.0,25.8,29.5
06037543305,,,0.0,14.0,94117.0,1222.0,25.8,19.4
06037574901,,,6.3,30.7,153304.0,2685.0,25.8,21.3
06037910815,,,3.8,9.2,93767.0,,25.8,20.5
06037138000,Canoga Park-West Hills-Winnetka-Woodland Hills,3,14.6,15.0,139855.0,3501.0,25.7,23.6
06037573902,,,26.9,11.2,166019.0,1882.0,25.7,27.3
06037408703,,,19.7,6.8,134545.0,3501.0,25.7,25.1
06037460002,,,29.9,17.0,189491.0,2379.0,25.6,28.1
06037570002,,,5.6,15.7,116357.0,1744.0,25.6,20.9
06037910807,,,14.3,16.2,142583.0,2780.0,25.6,23.5
06037980036,,,17.9,23.9,172829.0,1434.0,25.5,24.5
06037408136,,,5.5,18.1,122813.0,2706.0,25.4,20.7
06037910712,,,0.0,14.1,98977.0,2098.0,25.2,18.9
06037300702,,,15.4,15.2,146541.0,3501.0,25.2,23.5
06037403401,,,0.0,22.7,120027.0,3195.0,25.2,18.9
06037577800,,,3.3,15.8,113235.0,2359.0,25.1,19.8
06037141600,Sherman Oaks-Studio City-Toluca Lake-Cahuenga Pass,4,38.3,12.9,207841.0,3501.0,25.0,30.2
06037135102,Canoga Park-West Hills-Winnetka-Woodland Hills,12,11.0,22.7,154070.0,3341.0,24.9,22.0
06037910210,,,11.6,12.0,129757.0,2692.0,24.9,22.1
06037920116,,,18.4,4.8,132008.0,3501.0,24.9,24.1
06037401801,,,9.0,26.5,158189.0,2299.0,24.8,21.3
06037910718,,,4.8,8.2,101218.0,1920.0,24.8,20.1
06037800328,,,47.3,18.6,250001.0,3501.0,24.7,32.6
06037460301,,,15.9,17.1,156250.0,3228.0,24.7,23.2
06037139701,Encino - Tarzana,4,18.6,25.1,183688.0,2391.0,24.7,24.0
06037403320,,,19.1,13.2,156250.0,2743.0,24.6,24.2
06037137301,Canoga Park-West Hills-Winnetka-Woodland Hills,3,36.4,5.7,188857.0,3501.0,24.5,29.2
06037620602,,,8.9,24.4,155342.0,2322.0,24.5,21.0
06037137000,Canoga Park-West Hills-Winnetka-Woodland Hills,3,6.6,14.9,125938.0,3501.0,24.4,20.3
06037901210,,,0.0,13.7,104000.0,1833.0,24.4,18.3
06037189300,Hollywood,4,30.9,9.1,182614.0,1730.0,24.3,27.4
06037920043,,,17.7,15.2,159762.0,3500.0,24.2,23.4
06037920039,,,16.2,6.9,135385.0,3060.0,24.2,23.0
06037700600,Bel Air - Beverly Crest,4,47.2,7.6,227382.0,3501.0,24.1,32.1
06037108204,Chatsworth - Porter Ranch,12,30.4,7.0,177283.0,3501.0,24.1,27.1
06037554512,,,9.6,29.6,173063.0,3221.0,24.1,20.9
06037670324,,,45.4,12.4,234338.0,3292.0,24.1,31.6
06037573700,,,12.9,13.2,143117.0,2646.0,24.0,21.8
06037574500,,,7.5,10.8,122101.0,3165.0,23.9,20.2
06037920020,,,0.0,12.9,106648.0,2338.0,23.8,17.8
06037461200,,,22.1,13.8,172917.0,3036.0,23.7,24.4
06037117303,Mission Hills - Panorama City - North Hills,12,7.9,11.8,129211.0,2071.0,23.4,19.9
06037550502,,,3.2,17.7,130399.0,2579.0,23.4,18.5
06037504002,,,6.5,15.4,134786.0,,23.3,19.4
06037503902,,,5.1,13.0,124821.0,2556.0,23.3,19.0
06037403327,,,12.3,6.7,131563.0,2379.0,23.1,21.0
06037571201,,,0.0,29.9,152955.0,1749.0,23.1,17.3
06037500403,,,0.0,1.9,86134.0,1944.0,22.9,17.2
06037910213,,,6.0,17.9,142237.0,2734.0,22.9,19.0
06037650401,,,12.0,14.7,151923.0,2302.0,22.9,20.8
06037574400,,,7.5,11.8,132953.0,3170.0,22.8,19.3
06037430301,,,11.0,14.9,151530.0,3085.0,22.6,20.3
06037602302,,,19.4,13.3,172097.0,3497.0,22.6,22.8
06037430400,,,22.6,17.6,191685.0,2051.0,22.6,23.7
06037430501,,,14.8,24.0,186213.0,2181.0,22.5,21.3
06037503602,,,9.9,12.7,144191.0,2225.0,22.5,19.8
06037262501,Brentwood - Pacific Palisades,11,49.2,9.4,250001.0,3501.0,22.4,31.5
06037194300,Hollywood,4,34.1,18.5,228462.0,3501.0,22.4,27.0
06037702700,,,12.4,20.8,171875.0,2317.0,22.4,20.5
06037503901,,,9.6,11.8,142500.0,2732.0,22.3,19.6
06037920045,,,6.3,11.9,133194.0,3387.0,22.3,18.6
06037554522,,,0.0,17.8,130388.0,3014.0,22.1,16.6
06037463800,,,36.9,11.0,220750.0,2657.0,22.1,27.6
06037620704,,,9.9,29.9,189095.0,2327.0,22.1,19.5
06037670328,,,46.8,10.0,247568.0,3222.0,22.0,30.4
06037269300,West Los Angeles,5,37.3,14.1,230893.0,2727.0,21.9,27.6
06037480002,,,4.8,17.2,144219.0,3501.0,21.9,17.9
06037403408,,,5.8,13.3,137936.0,3150.0,21.9,18.2
06037262302,Brentwood - Pacific Palisades,11,11.9,27.7,191316.0,2431.0,21.8,19.9
06037108104,Chatsworth - Porter Ranch,12,6.0,14.9,144167.0,3501.0,21.7,18.0
06037670413,,,17.5,24.6,201116.0,3501.0,21.7,21.5
06037500203,,,9.9,9.5,141955.0,3229.0,21.7,19.3
06037701201,,,25.0,15.3,199609.0,2709.0,21.7,23.7
06037265420,Westwood,5,24.4,36.2,250001.0,3501.0,21.6,23.5
06037139705,Encino - Tarzana,4,50.0,6.0,250001.0,,21.6,31.1
06037460001,,,48.1,8.0,249861.0,2302.0,21.6,30.5
06037501501,,,0.0,17.1,132857.0,2313.0,21.6,16.2
06037502604,,,0.0,7.6,110250.0,2103.0,21.5,16.1
06037620904,,,7.7,41.5,215694.0,3501.0,21.5,18.4
06037670701,,,20.5,8.2,171522.0,2759.0,21.4,22.2
06037573403,,,0.0,17.7,136438.0,2296.0,21.3,16.0
06037555202,,,8.3,12.7,149125.0,3404.0,21.2,18.4
06037481800,,,0.0,13.2,126875.0,2073.0,21.1,15.8
06037650702,,,8.6,13.7,153164.0,3501.0,21.1,18.4
06037573601,,,3.5,9.7,128856.0,2192.0,21.1,16.9
06037403403,,,10.6,10.4,151094.0,3501.0,21.0,18.9
06037113232,Chatsworth - Porter Ranch,12,8.8,11.8,150678.0,2917.0,20.9,18.3
06037503301,,,0.0,12.0,125568.0,2178.0,20.9,15.7
06037901216,,,0.0,7.0,113833.0,,20.8,15.6
06037920119,,,36.4,2.2,208289.0,3501.0,20.7,26.3
06037400206,,,19.3,10.4,179474.0,3501.0,20.6,21.2
06037403407,,,14.5,8.4,161667.0,3501.0,20.5,19.7
06037621102,,,3.4,37.4,200250.0,3112.0,20.5,16.4
06037276400,Westchester - Playa del Rey,11,26.1,23.6,233009.0,3501.0,20.4,23.0
06037103202,Sunland-E LaTuna Cyn-Lakevw Ter-Shadow Hls-Tujunga,7,0.0,6.9,117338.0,,20.3,15.2
06037651201,,,5.6,16.0,156722.0,3501.0,20.2,16.8
06037134424,Canoga Park-West Hills-Winnetka-Woodland Hills,12,9.6,9.9,153946.0,3501.0,20.1,17.9
06037920018,,,9.8,7.2,148259.0,3194.0,20.0,18.0
06037920049,,,23.9,7.9,191058.0,3501.0,20.0,22.1
06037670202,,,37.5,8.9,234750.0,3501.0,19.7,26.0
06037603703,,,0.0,7.3,122609.0,3501.0,19.7,14.8
06037920338,,,14.6,11.9,176667.0,3501.0,19.6,19.1
06037106111,Sylmar,7,0.0,4.0,115357.0,,19.6,14.7
06037910808,,,0.0,3.3,113889.0,2350.0,19.5,14.7
06037460101,,,17.7,8.2,177364.0,2215.0,19.5,19.9
06037400501,,,0.0,6.7,122083.0,1455.0,19.5,14.7
06037574000,,,6.5,6.3,140160.0,3107.0,19.5,16.6
06037920120,,,31.5,9.0,220884.0,3501.0,19.3,23.9
06037800202,,,38.3,7.7,237750.0,3501.0,19.2,25.8
06037300100,,,4.4,18.4,166716.0,2400.0,19.1,15.6
06037262100,Bel Air - Beverly Crest,5,33.6,12.2,238250.0,,18.8,24.1
06037800406,,,23.2,16.0,217679.0,3501.0,18.8,21.0
06037264000,Brentwood - Pacific Palisades,11,16.4,18.5,205227.0,3284.0,18.6,18.8
06037543322,,,0.0,6.2,127614.0,3391.0,18.6,14.0
06037620901,,,35.4,13.9,250001.0,2971.0,18.5,24.4
06037670201,,,8.7,20.3,191063.0,3316.0,18.1,16.2
06037553000,,,0.0,10.8,143750.0,2578.0,18.0,13.5
06037650501,,,10.7,13.0,181154.0,2982.0,17.8,16.5
06037261103,Bel Air - Beverly Crest,4,24.4,16.1,230602.0,2363.0,17.5,20.4
06037500204,,,0.0,14.7,158207.0,1151.0,17.3,13.0
06037464102,,,4.2,31.7,212014.0,3501.0,17.3,14.2
06037111204,Northridge,12,8.7,12.7,178706.0,3501.0,17.2,15.5
06037920313,,,6.5,8.1,163636.0,3279.0,16.9,14.6
06037670702,,,20.3,7.1,203039.0,3501.0,16.6,18.5
06037901217,,,0.0,0.7,129659.0,,16.5,12.4
06037108101,Chatsworth - Porter Ranch,12,0.0,8.7,151027.0,3501.0,16.3,12.2
06037262301,Brentwood - Pacific Palisades,11,33.0,10.0,250001.0,3501.0,16.2,22.0
06037700700,,,23.5,14.5,236250.0,3501.0,15.8,18.9
06037139802,Encino - Tarzana,3,26.4,7.9,229792.0,3501.0,15.7,19.6
06037400205,,,15.6,7.6,199583.0,3501.0,15.4,16.2
06037800338,,,16.5,12.8,214833.0,3501.0,15.4,16.5
06037137302,Canoga Park-West Hills-Winnetka-Woodland Hills,3,4.3,10.5,176523.0,3501.0,15.1,12.6
06037400404,,,7.6,7.8,180757.0,3372.0,14.9,13.4
06037460601,,,5.1,20.5,208533.0,2530.0,14.4,12.3
06037430600,,,1.7,16.8,190070.0,3103.0,14.3,11.2
06037141700,Sherman Oaks-Studio City-Toluca Lake-Cahuenga Pass,4,27.1,10.7,250001.0,3501.0,14.1,18.6
06037460700,,,7.7,10.5,196471.0,2468.0,13.7,12.6
06037670604,,,0.0,10.8,175972.0,3501.0,13.6,10.2
06037139703,Encino - Tarzana,4,27.5,4.3,240083.0,3501.0,13.5,18.3
06037800336,,,13.2,7.6,208500.0,3136.0,13.2,13.9
06037261102,Bel Air - Beverly Crest,5,25.6,9.1,250001.0,3133.0,13.0,17.3
06037670326,,,27.4,5.4,250001.0,3501.0,12.4,17.5
06037620801,,,9.5,12.8,218036.0,2750.0,12.2,12.0
06037910211,,,0.0,16.3,201979.0,3501.0,11.8,8.9
06037464101,,,0.0,4.6,182206.0,2422.0,10.6,8.0
06037920015,,,0.0,3.5,186295.0,3501.0,9.7,7.3
06037670418,,,7.0,8.6,221205.0,3501.0,9.4,9.1
06037620703,,,3.5,21.2,244257.0,3109.0,9.1,7.9
06037301300,,,0.0,2.0,191750.0,,8.4,6.3
06037106643,Granada Hills - Knollwood,12,0.0,4.3,201250.0,2321.0,7.9,5.9
06037460502,,,13.0,8.3,250001.0,3501.0,7.7,9.7
06037137504,Canoga Park-West Hills-Winnetka-Woodland Hills,3,0.0,5.7,208750.0,,7.3,5.5
06037670406,,,0.0,7.9,217917.0,3501.0,6.8,5.1
06037670500,,,11.1,7.7,250001.0,3501.0,6.7,8.4
06037139801,Encino - Tarzana,3,0.0,1.6,205000.0,,6.5,4.9
06037141500,Encino - Tarzana,4,0.0,4.1,215272.0,,5.9,4.4
06037113102,Chatsworth - Porter Ranch,12,0.0,3.0,215756.0,,5.5,4.1
06037460501,,,0.0,6.2,229276.0,3501.0,4.7,3.5
06037460800,,,6.6,6.4,250001.0,3420.0,4.5,5.3
06037800206,,,0.0,9.8,250001.0,3333.0,3.1,2.3
06037262601,Brentwood - Pacific Palisades,11,1.2,6.4,250001.0,3501.0,2.4,2.1
06037262303,Brentwood - Pacific Palisades,11,0.0,3.7,244450.0,,1.8,1.3
06037269500,West Los Angeles,5,0.0,4.4,250001.0,,1.2,0.9
