tract_geoid,community_plan_area,council_district,year,residential_permit_count,prior_year_count,pct_change_yoy
06037101110,Sunland-E LaTuna Cyn-Lakevw Ter-Shadow Hls-Tujunga,7,2020,51,,
06037101122,Sunland-E LaTuna Cyn-Lakevw Ter-Shadow Hls-Tujunga,7,2020,48,,
06037101220,Sunland-E LaTuna Cyn-Lakevw Ter-Shadow Hls-Tujunga,7,2020,32,,
06037101300,Sunland-E LaTuna Cyn-Lakevw Ter-Shadow Hls-Tujunga,7,2020,79,,
06037101400,Sunland-E LaTuna Cyn-Lakevw Ter-Shadow Hls-Tujunga,7,2020,60,,
06037102103,Sun Valley - La Tuna Canyon,2,2020,31,,
06037102104,Sun Valley - La Tuna Canyon,2,2020,27,,
06037102105,Sun Valley - La Tuna Canyon,2,2020,20,,
06037102107,Sun Valley - La Tuna Canyon,7,2020,37,,
06037103101,Sunland-E LaTuna Cyn-Lakevw Ter-Shadow Hls-Tujunga,7,2020,44,,
06037103102,Sunland-E LaTuna Cyn-Lakevw Ter-Shadow Hls-Tujunga,7,2020,62,,
06037103300,Sunland-E LaTuna Cyn-Lakevw Ter-Shadow Hls-Tujunga,7,2020,67,,
06037104103,Sunland-E LaTuna Cyn-Lakevw Ter-Shadow Hls-Tujunga,7,2020,22,,
06037104105,Arleta - Pacoima,7,2020,18,,
06037104108,Arleta - Pacoima,7,2020,16,,
06037104124,Sunland-E LaTuna Cyn-Lakevw Ter-Shadow Hls-Tujunga,7,2020,42,,
06037104201,Arleta - Pacoima,7,2020,22,,
06037104203,Arleta - Pacoima,7,2020,13,,
06037104204,Arleta - Pacoima,7,2020,51,,
06037104310,Arleta - Pacoima,7,2020,21,,
06037104401,Arleta - Pacoima,7,2020,25,,
06037104403,Arleta - Pacoima,7,2020,10,,
06037104404,Arleta - Pacoima,7,2020,13,,
06037104500,Arleta - Pacoima,7,2020,21,,
06037104610,Arleta - Pacoima,7,2020,14,,
06037104620,Arleta - Pacoima,7,2020,12,,
06037104701,Arleta - Pacoima,7,2020,10,,
06037104703,Arleta - Pacoima,7,2020,8,,
06037104704,Arleta - Pacoima,7,2020,7,,
06037104821,Arleta - Pacoima,7,2020,9,,
06037104822,Arleta - Pacoima,7,2020,6,,
06037106010,Sylmar,7,2020,22,,
06037106020,Sylmar,7,2020,57,,
06037106111,Sylmar,7,2020,30,,
06037106112,Sylmar,7,2020,34,,
06037106113,Sylmar,7,2020,77,,
06037106114,Sylmar,7,2020,33,,
06037106403,Sylmar,7,2020,37,,
06037106405,Sylmar,7,2020,16,,
06037106406,Sylmar,7,2020,26,,
06037106408,Sylmar,7,2020,3,,
06037106510,Sylmar,7,2020,30,,
06037106520,Sylmar,7,2020,41,,
06037106603,Granada Hills - Knollwood,12,2020,26,,
06037106604,Sylmar,7,2020,51,,
06037106641,Granada Hills - Knollwood,12,2020,35,,
06037106642,Granada Hills - Knollwood,12,2020,54,,
06037106643,Granada Hills - Knollwood,12,2020,36,,
06037106645,Granada Hills - Knollwood,12,2020,50,,
06037106646,Granada Hills - Knollwood,12,2020,60,,
06037106648,Sylmar,7,2020,9,,
06037106649,Sylmar,7,2020,27,,
06037107010,Sylmar,7,2020,32,,
06037107020,Sylmar,7,2020,31,,
06037108101,Chatsworth - Porter Ranch,12,2020,24,,
06037108102,Chatsworth - Porter Ranch,12,2020,36,,
06037108103,Chatsworth - Porter Ranch,12,2020,59,,
06037108104,Chatsworth - Porter Ranch,12,2020,24,,
06037108202,Chatsworth - Porter Ranch,12,2020,465,,
06037109100,Mission Hills - Panorama City - North Hills,7,2020,93,,
06037109200,Granada Hills - Knollwood,12,2020,53,,
06037109300,Granada Hills - Knollwood,12,2020,49,,
06037109400,Mission Hills - Panorama City - North Hills,7,2020,16,,
06037109500,Arleta - Pacoima,7,2020,33,,
06037109601,Mission Hills - Panorama City - North Hills,7,2020,59,,
06037109603,Mission Hills - Panorama City - North Hills,7,2020,44,,
06037109604,Mission Hills - Panorama City - North Hills,7,2020,36,,
06037109700,Granada Hills - Knollwood,12,2020,64,,
06037109800,Granada Hills - Knollwood,12,2020,55,,
06037111100,Granada Hills - Knollwood,12,2020,44,,
06037111201,Granada Hills - Knollwood,12,2020,62,,
06037111202,Granada Hills - Knollwood,12,2020,66,,
06037111204,Northridge,12,2020,87,,
06037111205,Northridge,12,2020,19,,
06037111206,Northridge,12,2020,85,,
06037111302,Northridge,12,2020,47,,
06037113101,Chatsworth - Porter Ranch,12,2020,47,,
06037113102,Chatsworth - Porter Ranch,12,2020,73,,
06037113211,Chatsworth - Porter Ranch,12,2020,24,,
06037113212,Chatsworth - Porter Ranch,12,2020,34,,
06037113213,Chatsworth - Porter Ranch,12,2020,42,,
06037113231,Chatsworth - Porter Ranch,12,2020,33,,
06037113232,Chatsworth - Porter Ranch,12,2020,59,,
06037113234,Chatsworth - Porter Ranch,3,2020,7,,
06037113237,Chatsworth - Porter Ranch,12,2020,33,,
06037113301,Chatsworth - Porter Ranch,12,2020,34,,
06037113303,Chatsworth - Porter Ranch,12,2020,54,,
06037113322,Chatsworth - Porter Ranch,12,2020,63,,
06037115101,Northridge,12,2020,76,,
06037115104,Northridge,12,2020,18,,
06037115202,Northridge,12,2020,61,,
06037115301,Northridge,12,2020,32,,
06037115302,Northridge,12,2020,24,,
06037115401,Northridge,12,2020,42,,
06037115403,Northridge,12,2020,90,,
06037115404,Northridge,12,2020,35,,
06037117101,Mission Hills - Panorama City - North Hills,7,2020,42,,
06037117102,Mission Hills - Panorama City - North Hills,7,2020,17,,
06037117201,Mission Hills - Panorama City - North Hills,7,2020,13,,
06037117202,Mission Hills - Panorama City - North Hills,12,2020,17,,
06037117301,Mission Hills - Panorama City - North Hills,12,2020,38,,
06037117302,Northridge,12,2020,67,,
06037117303,Mission Hills - Panorama City - North Hills,12,2020,57,,
06037117404,Mission Hills - Panorama City - North Hills,12,2020,52,,
06037117405,Mission Hills - Panorama City - North Hills,7,2020,12,,
06037117407,Mission Hills - Panorama City - North Hills,6,2020,11,,
06037117408,Mission Hills - Panorama City - North Hills,6,2020,4,,
06037117510,Mission Hills - Panorama City - North Hills,7,2020,9,,
06037117520,Mission Hills - Panorama City - North Hills,6,2020,17,,
06037117530,Mission Hills - Panorama City - North Hills,6,2020,16,,
06037119001,Sun Valley - La Tuna Canyon,6,2020,38,,
06037119201,Arleta - Pacoima,6,2020,27,,
06037119202,Arleta - Pacoima,6,2020,38,,
06037119310,Mission Hills - Panorama City - North Hills,6,2020,18,,
06037119320,Mission Hills - Panorama City - North Hills,6,2020,8,,
06037119340,Mission Hills - Panorama City - North Hills,6,2020,5,,
06037119341,Mission Hills - Panorama City - North Hills,6,2020,1,,
06037119342,Mission Hills - Panorama City - North Hills,6,2020,9,,
06037119400,Arleta - Pacoima,6,2020,46,,
06037119700,Mission Hills - Panorama City - North Hills,6,2020,41,,
06037119900,Mission Hills - Panorama City - North Hills,6,2020,57,,
06037120010,Mission Hills - Panorama City - North Hills,6,2020,27,,
06037120020,Mission Hills - Panorama City - North Hills,6,2020,16,,
06037120030,Mission Hills - Panorama City - North Hills,6,2020,23,,
06037120103,Mission Hills - Panorama City - North Hills,6,2020,9,,
06037120104,Mission Hills - Panorama City - North Hills,6,2020,10,,
06037120105,Mission Hills - Panorama City - North Hills,6,2020,11,,
06037120106,Mission Hills - Panorama City - North Hills,6,2020,10,,
06037120107,Mission Hills - Panorama City - North Hills,6,2020,12,,
06037120108,Mission Hills - Panorama City - North Hills,6,2020,5,,
06037120300,Mission Hills - Panorama City - North Hills,6,2020,46,,
06037120400,Mission Hills - Panorama City - North Hills,6,2020,30,,
06037121010,Sun Valley - La Tuna Canyon,2,2020,48,,
06037121020,Sun Valley - La Tuna Canyon,2,2020,43,,
06037121101,Sun Valley - La Tuna Canyon,6,2020,14,,
06037121102,Sun Valley - La Tuna Canyon,6,2020,30,,
06037121210,Sun Valley - La Tuna Canyon,6,2020,18,,
06037121221,Sun Valley - La Tuna Canyon,6,2020,21,,
06037121222,Sun Valley - La Tuna Canyon,6,2020,21,,
06037121600,Sun Valley - La Tuna Canyon,2,2020,37,,
06037121801,Sun Valley - La Tuna Canyon,6,2020,23,,
06037121802,Sun Valley - La Tuna Canyon,6,2020,33,,
06037121900,Sun Valley - La Tuna Canyon,6,2020,17,,
06037122000,Sun Valley - La Tuna Canyon,2,2020,52,,
06037122120,Sun Valley - La Tuna Canyon,6,2020,44,,
06037122121,Sun Valley - La Tuna Canyon,2,2020,14,,
06037122122,Sun Valley - La Tuna Canyon,6,2020,7,,
06037122200,Sun Valley - La Tuna Canyon,2,2020,23,,
06037122410,Sun Valley - La Tuna Canyon,2,2020,27,,
06037122420,Sun Valley - La Tuna Canyon,2,2020,25,,
06037123010,Sun Valley - La Tuna Canyon,2,2020,19,,
06037123020,Sun Valley - La Tuna Canyon,2,2020,30,,
06037123103,North Hollywood - Valley Village,2,2020,39,,
06037123104,North Hollywood - Valley Village,2,2020,55,,
06037123203,North Hollywood - Valley Village,2,2020,22,,
06037123204,North Hollywood - Valley Village,2,2020,15,,
06037123205,North Hollywood - Valley Village,2,2020,21,,
06037123206,North Hollywood - Valley Village,2,2020,13,,
06037123301,North Hollywood - Valley Village,2,2020,25,,
06037123303,North Hollywood - Valley Village,2,2020,23,,
06037123304,North Hollywood - Valley Village,2,2020,34,,
06037123410,North Hollywood - Valley Village,2,2020,26,,
06037123420,North Hollywood - Valley Village,2,2020,21,,
06037123510,Van Nuys - North Sherman Oaks,2,2020,32,,
06037123520,Van Nuys - North Sherman Oaks,2,2020,30,,
06037123601,Van Nuys - North Sherman Oaks,2,2020,31,,
06037123602,Van Nuys - North Sherman Oaks,2,2020,57,,
06037123700,North Hollywood - Valley Village,2,2020,53,,
06037123800,North Hollywood - Valley Village,2,2020,89,,
06037123901,North Hollywood - Valley Village,2,2020,46,,
06037123902,North Hollywood - Valley Village,2,2020,43,,
06037124000,North Hollywood - Valley Village,2,2020,84,,
06037124102,North Hollywood - Valley Village,2,2020,54,,
06037124103,North Hollywood - Valley Village,2,2020,12,,
06037124104,North Hollywood - Valley Village,2,2020,15,,
06037124105,North Hollywood - Valley Village,2,2020,24,,
06037124201,North Hollywood - Valley Village,2,2020,43,,
06037124203,North Hollywood - Valley Village,2,2020,31,,
06037124204,North Hollywood - Valley Village,2,2020,21,,
06037124300,North Hollywood - Valley Village,2,2020,76,,
06037124400,North Hollywood - Valley Village,2,2020,71,,
06037124500,Van Nuys - North Sherman Oaks,4,2020,50,,
06037124600,Van Nuys - North Sherman Oaks,4,2020,77,,
06037124700,Van Nuys - North Sherman Oaks,4,2020,77,,
06037124902,North Hollywood - Valley Village,2,2020,26,,
06037124903,North Hollywood - Valley Village,2,2020,53,,
06037125200,North Hollywood - Valley Village,2,2020,52,,
06037125310,North Hollywood - Valley Village,2,2020,37,,
06037125402,North Hollywood - Valley Village,2,2020,36,,
06037125501,North Hollywood - Valley Village,2,2020,68,,
06037125502,North Hollywood - Valley Village,2,2020,75,,
06037125600,North Hollywood - Valley Village,2,2020,39,,
06037127102,Van Nuys - North Sherman Oaks,2,2020,58,,
06037127103,Van Nuys - North Sherman Oaks,2,2020,6,,
06037127104,Van Nuys - North Sherman Oaks,2,2020,38,,
06037127210,Van Nuys - North Sherman Oaks,6,2020,23,,
06037127220,Van Nuys - North Sherman Oaks,6,2020,37,,
06037127300,Van Nuys - North Sherman Oaks,6,2020,29,,
06037127400,Van Nuys - North Sherman Oaks,6,2020,23,,
06037127520,Reseda - West Van Nuys,6,2020,7,,
06037127603,Van Nuys - North Sherman Oaks,6,2020,11,,
06037127604,Van Nuys - North Sherman Oaks,6,2020,15,,
06037127605,Van Nuys - North Sherman Oaks,6,2020,22,,
06037127606,Van Nuys - North Sherman Oaks,6,2020,30,,
06037127711,Van Nuys - North Sherman Oaks,6,2020,59,,
06037127712,Van Nuys - North Sherman Oaks,6,2020,39,,
06037127803,Van Nuys - North Sherman Oaks,6,2020,37,,
06037127804,Van Nuys - North Sherman Oaks,6,2020,36,,
06037127805,Van Nuys - North Sherman Oaks,6,2020,28,,
06037127806,Van Nuys - North Sherman Oaks,6,2020,42,,
06037127910,Van Nuys - North Sherman Oaks,6,2020,23,,
06037127920,Van Nuys - North Sherman Oaks,2,2020,26,,
06037128101,Van Nuys - North Sherman Oaks,2,2020,35,,
06037128102,Van Nuys - North Sherman Oaks,2,2020,45,,
06037128210,Van Nuys - North Sherman Oaks,6,2020,27,,
06037128220,Van Nuys - North Sherman Oaks,2,2020,22,,
06037128302,Van Nuys - North Sherman Oaks,6,2020,29,,
06037128303,Van Nuys - North Sherman Oaks,6,2020,17,,
06037128400,Van Nuys - North Sherman Oaks,4,2020,94,,
06037128500,Van Nuys - North Sherman Oaks,4,2020,47,,
06037128601,Van Nuys - North Sherman Oaks,4,2020,40,,
06037128602,Van Nuys - North Sherman Oaks,2,2020,49,,
06037128801,Van Nuys - North Sherman Oaks,4,2020,21,,
06037128802,Van Nuys - North Sherman Oaks,4,2020,69,,
06037128910,Van Nuys - North Sherman Oaks,4,2020,75,,
06037131100,Reseda - West Van Nuys,6,2020,75,,
06037131200,Reseda - West Van Nuys,12,2020,43,,
06037131300,Reseda - West Van Nuys,4,2020,55,,
06037131400,Reseda - West Van Nuys,4,2020,72,,
06037131600,Reseda - West Van Nuys,3,2020,50,,
06037131701,Reseda - West Van Nuys,3,2020,42,,
06037131702,Reseda - West Van Nuys,3,2020,23,,
06037131900,Reseda - West Van Nuys,6,2020,68,,
06037132001,Reseda - West Van Nuys,6,2020,73,,
06037132002,Reseda - West Van Nuys,6,2020,46,,
06037132101,Reseda - West Van Nuys,6,2020,40,,
06037132102,Reseda - West Van Nuys,6,2020,47,,
06037132501,Reseda - West Van Nuys,3,2020,35,,
06037132502,Reseda - West Van Nuys,3,2020,14,,
06037132700,Reseda - West Van Nuys,4,2020,63,,
06037132900,Reseda - West Van Nuys,3,2020,55,,
06037133000,Reseda - West Van Nuys,3,2020,53,,
06037134001,Canoga Park-West Hills-Winnetka-Woodland Hills,3,2020,29,,
06037134002,Canoga Park-West Hills-Winnetka-Woodland Hills,3,2020,22,,
06037134101,Canoga Park-West Hills-Winnetka-Woodland Hills,3,2020,36,,
06037134103,Canoga Park-West Hills-Winnetka-Woodland Hills,3,2020,45,,
06037134104,Canoga Park-West Hills-Winnetka-Woodland Hills,3,2020,27,,
06037134201,Canoga Park-West Hills-Winnetka-Woodland Hills,3,2020,61,,
06037134302,Canoga Park-West Hills-Winnetka-Woodland Hills,12,2020,49,,
06037134303,Canoga Park-West Hills-Winnetka-Woodland Hills,3,2020,55,,
06037134304,Canoga Park-West Hills-Winnetka-Woodland Hills,3,2020,28,,
06037134305,Canoga Park-West Hills-Winnetka-Woodland Hills,3,2020,12,,
06037134306,Canoga Park-West Hills-Winnetka-Woodland Hills,3,2020,31,,
06037134421,Canoga Park-West Hills-Winnetka-Woodland Hills,12,2020,77,,
06037134422,Canoga Park-West Hills-Winnetka-Woodland Hills,12,2020,142,,
06037134423,Canoga Park-West Hills-Winnetka-Woodland Hills,12,2020,61,,
06037134424,Canoga Park-West Hills-Winnetka-Woodland Hills,12,2020,52,,
06037134520,Canoga Park-West Hills-Winnetka-Woodland Hills,3,2020,19,,
06037134521,Canoga Park-West Hills-Winnetka-Woodland Hills,3,2020,9,,
06037134522,Canoga Park-West Hills-Winnetka-Woodland Hills,3,2020,26,,
06037134710,Canoga Park-West Hills-Winnetka-Woodland Hills,3,2020,27,,
06037134720,Canoga Park-West Hills-Winnetka-Woodland Hills,3,2020,37,,
06037134901,Reseda - West Van Nuys,3,2020,54,,
06037134904,Canoga Park-West Hills-Winnetka-Woodland Hills,3,2020,35,,
06037134905,Canoga Park-West Hills-Winnetka-Woodland Hills,3,2020,12,,
06037135102,Canoga Park-West Hills-Winnetka-Woodland Hills,12,2020,64,,
06037135111,Canoga Park-West Hills-Winnetka-Woodland Hills,3,2020,45,,
06037135113,Canoga Park-West Hills-Winnetka-Woodland Hills,3,2020,1,,
06037135201,Canoga Park-West Hills-Winnetka-Woodland Hills,12,2020,48,,
06037135202,Canoga Park-West Hills-Winnetka-Woodland Hills,12,2020,64,,
06037137103,Canoga Park-West Hills-Winnetka-Woodland Hills,3,2020,36,,
06037137104,Canoga Park-West Hills-Winnetka-Woodland Hills,3,2020,60,,
06037137301,Canoga Park-West Hills-Winnetka-Woodland Hills,3,2020,34,,
06037137302,Canoga Park-West Hills-Winnetka-Woodland Hills,3,2020,76,,
06037137401,Canoga Park-West Hills-Winnetka-Woodland Hills,3,2020,73,,
06037137402,Canoga Park-West Hills-Winnetka-Woodland Hills,3,2020,84,,
06037137501,Canoga Park-West Hills-Winnetka-Woodland Hills,3,2020,51,,
06037137502,Canoga Park-West Hills-Winnetka-Woodland Hills,3,2020,92,,
06037137504,Canoga Park-West Hills-Winnetka-Woodland Hills,3,2020,45,,
06037138000,Canoga Park-West Hills-Winnetka-Woodland Hills,3,2020,105,,
06037139001,Encino - Tarzana,4,2020,89,,
06037139200,Encino - Tarzana,4,2020,81,,
06037139301,Encino - Tarzana,3,2020,96,,
06037139302,Encino - Tarzana,3,2020,15,,
06037139303,Encino - Tarzana,3,2020,31,,
06037139401,Encino - Tarzana,3,2020,28,,
06037139402,Encino - Tarzana,3,2020,46,,
06037139502,Encino - Tarzana,3,2020,30,,
06037139504,Encino - Tarzana,4,2020,25,,
06037139600,Encino - Tarzana,4,2020,84,,
06037139701,Encino - Tarzana,4,2020,92,,
06037139703,Encino - Tarzana,4,2020,57,,
06037139801,Encino - Tarzana,3,2020,63,,
06037139802,Encino - Tarzana,3,2020,72,,
06037141101,Sherman Oaks-Studio City-Toluca Lake-Cahuenga Pass,4,2020,51,,
06037141102,Sherman Oaks-Studio City-Toluca Lake-Cahuenga Pass,4,2020,31,,
06037141201,Sherman Oaks-Studio City-Toluca Lake-Cahuenga Pass,4,2020,30,,
06037141202,Sherman Oaks-Studio City-Toluca Lake-Cahuenga Pass,4,2020,34,,
06037141303,Sherman Oaks-Studio City-Toluca Lake-Cahuenga Pass,4,2020,25,,
06037141304,Sherman Oaks-Studio City-Toluca Lake-Cahuenga Pass,4,2020,45,,
06037141400,Encino - Tarzana,4,2020,77,,
06037141500,Encino - Tarzana,4,2020,65,,
06037141600,Sherman Oaks-Studio City-Toluca Lake-Cahuenga Pass,4,2020,116,,
06037141700,Sherman Oaks-Studio City-Toluca Lake-Cahuenga Pass,4,2020,100,,
06037143200,Sherman Oaks-Studio City-Toluca Lake-Cahuenga Pass,2,2020,37,,
06037143500,Sherman Oaks-Studio City-Toluca Lake-Cahuenga Pass,4,2020,79,,
06037143602,Sherman Oaks-Studio City-Toluca Lake-Cahuenga Pass,2,2020,55,,
06037143603,Sherman Oaks-Studio City-Toluca Lake-Cahuenga Pass,2,2020,28,,
06037143700,Sherman Oaks-Studio City-Toluca Lake-Cahuenga Pass,4,2020,111,,
06037143901,Sherman Oaks-Studio City-Toluca Lake-Cahuenga Pass,4,2020,123,,
06037143902,Sherman Oaks-Studio City-Toluca Lake-Cahuenga Pass,4,2020,48,,
06037181000,Northeast Los Angeles,14,2020,123,,
06037181300,Northeast Los Angeles,14,2020,78,,
06037181400,Northeast Los Angeles,14,2020,48,,
06037181500,Northeast Los Angeles,14,2020,57,,
06037181600,Northeast Los Angeles,14,2020,36,,
06037183101,Northeast Los Angeles,14,2020,57,,
06037183103,Northeast Los Angeles,14,2020,32,,
06037183104,Northeast Los Angeles,14,2020,29,,
06037183220,Northeast Los Angeles,14,2020,25,,
06037183221,Northeast Los Angeles,14,2020,53,,
06037183222,Northeast Los Angeles,14,2020,52,,
06037183300,Northeast Los Angeles,14,2020,63,,
06037183401,Northeast Los Angeles,1,2020,50,,
06037183402,Northeast Los Angeles,14,2020,71,,
06037183510,Northeast Los Angeles,1,2020,50,,
06037183520,Northeast Los Angeles,1,2020,29,,
06037183610,Northeast Los Angeles,1,2020,13,,
06037183620,Northeast Los Angeles,1,2020,25,,
06037183701,Northeast Los Angeles,1,2020,19,,
06037183702,Northeast Los Angeles,14,2020,38,,
06037183810,Northeast Los Angeles,1,2020,12,,
06037183820,Northeast Los Angeles,1,2020,19,,
06037185202,Northeast Los Angeles,1,2020,75,,
06037185203,Northeast Los Angeles,1,2020,25,,
06037185204,Northeast Los Angeles,1,2020,42,,
06037185310,Northeast Los Angeles,1,2020,11,,
06037185320,Northeast Los Angeles,1,2020,23,,
06037186100,Northeast Los Angeles,13,2020,83,,
06037186201,Northeast Los Angeles,1,2020,41,,
06037186202,Northeast Los Angeles,1,2020,8,,
06037186203,Northeast Los Angeles,1,2020,78,,
06037186301,Northeast Los Angeles,13,2020,18,,
06037186302,Northeast Los Angeles,1,2020,66,,
06037186401,Northeast Los Angeles,13,2020,99,,
06037186403,Northeast Los Angeles,1,2020,37,,
06037186404,Northeast Los Angeles,1,2020,16,,
06037187101,Northeast Los Angeles,13,2020,73,,
06037187102,Northeast Los Angeles,13,2020,47,,
06037187200,Silver Lake - Echo Park - Elysian Valley,13,2020,67,,
06037187300,Silver Lake - Echo Park - Elysian Valley,13,2020,67,,
06037188100,Northeast Los Angeles,13,2020,66,,
06037188201,Hollywood,4,2020,71,,
06037188202,Hollywood,4,2020,57,,
06037188300,Northeast Los Angeles,13,2020,66,,
06037189101,Hollywood,4,2020,28,,
06037189102,Hollywood,4,2020,26,,
06037189201,Hollywood,4,2020,23,,
06037189202,Hollywood,4,2020,63,,
06037189300,Hollywood,4,2020,119,,
06037189400,Hollywood,4,2020,83,,
06037189600,Hollywood,4,2020,55,,
06037189702,Hollywood,4,2020,42,,
06037189903,Hollywood,4,2020,13,,
06037189904,Hollywood,4,2020,14,,
06037189905,Hollywood,4,2020,11,,
06037190201,Hollywood,13,2020,3,,
06037190202,Hollywood,13,2020,12,,
06037190401,Hollywood,4,2020,18,,
06037190402,Hollywood,13,2020,4,,
06037190510,Hollywood,13,2020,13,,
06037190520,Hollywood,13,2020,14,,
06037190801,Hollywood,13,2020,25,,
06037190802,Hollywood,13,2020,27,,
06037190901,Hollywood,13,2020,25,,
06037190902,Hollywood,13,2020,38,,
06037191000,Hollywood,13,2020,25,,
06037191110,Hollywood,13,2020,15,,
06037191120,Hollywood,13,2020,21,,
06037191201,Hollywood,13,2020,16,,
06037191203,Hollywood,13,2020,14,,
06037191204,Hollywood,13,2020,22,,
06037191301,Hollywood,13,2020,19,,
06037191302,Hollywood,13,2020,14,,
06037191410,Hollywood,13,2020,32,,
06037191420,Hollywood,13,2020,21,,
06037191500,Hollywood,13,2020,45,,
06037191610,Hollywood,13,2020,25,,
06037191620,Hollywood,13,2020,23,,
06037191710,Hollywood,13,2020,22,,
06037191720,Hollywood,13,2020,19,,
06037191810,Hollywood,13,2020,32,,
06037191820,Hollywood,13,2020,24,,
06037191901,Hollywood,4,2020,41,,
06037191902,Hollywood,5,2020,58,,
06037192001,Hollywood,5,2020,38,,
06037192002,Hollywood,5,2020,75,,
06037192300,Wilshire,4,2020,36,,
06037192410,Wilshire,13,2020,75,,
06037192420,Wilshire,4,2020,45,,
06037192510,Wilshire,13,2020,40,,
06037192520,Wilshire,13,2020,31,,
06037192610,Wilshire,13,2020,25,,
06037192620,Wilshire,13,2020,22,,
06037192700,Wilshire,13,2020,25,,
06037194101,Hollywood,4,2020,65,,
06037194102,Hollywood,4,2020,110,,
06037194200,Hollywood,4,2020,112,,
06037194300,Hollywood,4,2020,164,,
06037194401,Hollywood,5,2020,51,,
06037194402,Hollywood,5,2020,62,,
06037194500,Wilshire,5,2020,40,,
06037195100,Silver Lake - Echo Park - Elysian Valley,4,2020,122,,
06037195201,Hollywood,4,2020,50,,
06037195202,Hollywood,4,2020,70,,
06037195300,Hollywood,4,2020,29,,
06037195400,Silver Lake - Echo Park - Elysian Valley,13,2020,123,,
06037195500,Silver Lake - Echo Park - Elysian Valley,13,2020,71,,
06037195600,Silver Lake - Echo Park - Elysian Valley,13,2020,37,,
06037195710,Silver Lake - Echo Park - Elysian Valley,13,2020,21,,
06037195720,Silver Lake - Echo Park - Elysian Valley,13,2020,28,,
06037195802,Silver Lake - Echo Park - Elysian Valley,13,2020,45,,
06037195803,Silver Lake - Echo Park - Elysian Valley,13,2020,33,,
06037195804,Silver Lake - Echo Park - Elysian Valley,13,2020,30,,
06037195901,Silver Lake - Echo Park - Elysian Valley,13,2020,37,,
06037195902,Silver Lake - Echo Park - Elysian Valley,13,2020,32,,
06037195903,Silver Lake - Echo Park - Elysian Valley,13,2020,28,,
06037197200,Silver Lake - Echo Park - Elysian Valley,13,2020,64,,
06037197300,Silver Lake - Echo Park - Elysian Valley,13,2020,75,,
06037197410,Silver Lake - Echo Park - Elysian Valley,13,2020,70,,
06037197420,Silver Lake - Echo Park - Elysian Valley,13,2020,55,,
06037197500,Silver Lake - Echo Park - Elysian Valley,1,2020,38,,
06037197600,Silver Lake - Echo Park - Elysian Valley,1,2020,30,,
06037197700,Silver Lake - Echo Park - Elysian Valley,1,2020,48,,
06037199110,Northeast Los Angeles,14,2020,24,,
06037199120,Northeast Los Angeles,14,2020,20,,
06037199201,Northeast Los Angeles,1,2020,19,,
06037199202,Northeast Los Angeles,1,2020,25,,
06037199300,Northeast Los Angeles,1,2020,54,,
06037199400,Northeast Los Angeles,1,2020,28,,
06037199700,Northeast Los Angeles,1,2020,3,,
06037199900,Northeast Los Angeles,14,2020,2,,
06037201110,Northeast Los Angeles,14,2020,28,,
06037201120,Northeast Los Angeles,14,2020,37,,
06037201200,Northeast Los Angeles,14,2020,20,,
06037201301,Northeast Los Angeles,14,2020,15,,
06037201302,Northeast Los Angeles,14,2020,33,,
06037201401,Northeast Los Angeles,14,2020,58,,
06037201402,Northeast Los Angeles,14,2020,38,,
06037201501,Northeast Los Angeles,14,2020,38,,
06037201503,Northeast Los Angeles,14,2020,19,,
06037201504,Northeast Los Angeles,14,2020,14,,
06037201601,Northeast Los Angeles,14,2020,23,,
06037201602,Northeast Los Angeles,14,2020,24,,
06037201700,Northeast Los Angeles,14,2020,30,,
06037203100,Northeast Los Angeles,14,2020,12,,
06037203200,Boyle Heights,14,2020,23,,
06037203300,Northeast Los Angeles,14,2020,15,,
06037203500,Boyle Heights,14,2020,8,,
06037203710,Boyle Heights,14,2020,9,,
06037203720,Boyle Heights,14,2020,21,,
06037203800,Boyle Heights,14,2020,10,,
06037203900,Boyle Heights,14,2020,17,,
06037204110,Boyle Heights,14,2020,3,,
06037204120,Boyle Heights,14,2020,13,,
06037204200,Boyle Heights,14,2020,7,,
06037204300,Boyle Heights,14,2020,21,,
06037204410,Boyle Heights,14,2020,3,,
06037204420,Boyle Heights,14,2020,5,,
06037204600,Boyle Heights,14,2020,10,,
06037204700,Boyle Heights,14,2020,27,,
06037204810,Boyle Heights,14,2020,14,,
06037204820,Boyle Heights,14,2020,8,,
06037204910,Boyle Heights,14,2020,17,,
06037204920,Boyle Heights,14,2020,8,,
06037205120,Boyle Heights,14,2020,3,,
06037206010,Central City North,1,2020,9,,
06037206050,Boyle Heights,14,2020,4,,
06037207101,Central City North,1,2020,20,,
06037207102,Central City North,1,2020,10,,
06037207103,Central City North,1,2020,8,,
06037207400,Central City,14,2020,2,,
06037207501,Central City,14,2020,10,,
06037207502,Central City,14,2020,1,,
06037208301,Westlake,1,2020,4,,
06037208302,Westlake,13,2020,20,,
06037208401,Westlake,1,2020,18,,
06037208402,Westlake,13,2020,22,,
06037208501,Westlake,13,2020,25,,
06037208502,Westlake,13,2020,17,,
06037208610,Westlake,13,2020,44,,
06037208620,Westlake,13,2020,24,,
06037208710,Westlake,1,2020,8,,
06037208720,Westlake,1,2020,7,,
06037208802,Westlake,1,2020,3,,
06037208902,Westlake,1,2020,1,,
06037208903,Westlake,1,2020,3,,
06037208904,Westlake,1,2020,1,,
06037209103,Westlake,1,2020,7,,
06037209300,Westlake,1,2020,4,,
06037209401,Westlake,1,2020,8,,
06037209402,Westlake,1,2020,5,,
06037209403,Westlake,1,2020,1,,
06037209510,Westlake,1,2020,2,,
06037209520,Westlake,1,2020,10,,
06037209810,Westlake,1,2020,6,,
06037209820,Westlake,1,2020,4,,
06037210010,Westlake,1,2020,15,,
06037211000,Wilshire,4,2020,111,,
06037211121,Wilshire,13,2020,4,,
06037211122,Wilshire,13,2020,5,,
06037211201,Wilshire,10,2020,13,,
06037211202,Wilshire,10,2020,9,,
06037211310,Wilshire,10,2020,11,,
06037211320,Wilshire,10,2020,16,,
06037211410,Wilshire,10,2020,12,,
06037211420,Wilshire,10,2020,21,,
06037211500,Wilshire,13,2020,63,,
06037211701,Wilshire,13,2020,32,,
06037211703,Wilshire,13,2020,6,,
06037211704,Wilshire,10,2020,8,,
06037211802,Wilshire,10,2020,13,,
06037211803,Wilshire,10,2020,6,,
06037211804,Wilshire,10,2020,11,,
06037211910,Wilshire,10,2020,10,,
06037211921,Wilshire,10,2020,1,,
06037211922,Wilshire,10,2020,2,,
06037212102,Wilshire,10,2020,3,,
06037212202,Wilshire,1,2020,7,,
06037212203,Wilshire,10,2020,1,,
06037212204,Wilshire,1,2020,2,,
06037212303,Wilshire,10,2020,1,,
06037212304,Wilshire,10,2020,5,,
06037212305,Wilshire,10,2020,6,,
06037212306,Wilshire,10,2020,10,,
06037212410,Wilshire,10,2020,11,,
06037212420,Wilshire,10,2020,9,,
06037212502,Wilshire,10,2020,6,,
06037212610,Wilshire,4,2020,11,,
06037212620,Wilshire,4,2020,26,,
06037212701,Wilshire,5,2020,22,,
06037212702,Wilshire,5,2020,40,,
06037212800,Wilshire,10,2020,45,,
06037212900,Wilshire,10,2020,15,,
06037213100,Wilshire,10,2020,20,,
06037213201,Wilshire,10,2020,13,,
06037213202,Wilshire,10,2020,22,,
06037213310,Wilshire,1,2020,36,,
06037213320,Wilshire,10,2020,10,,
06037213401,Wilshire,1,2020,8,,
06037213402,Wilshire,1,2020,17,,
06037214000,Wilshire,5,2020,50,,
06037214100,Wilshire,5,2020,51,,
06037214400,Wilshire,5,2020,13,,
06037214501,Wilshire,5,2020,5,,
06037214503,Wilshire,5,2020,1,,
06037214600,Wilshire,5,2020,48,,
06037214700,Wilshire,5,2020,50,,
06037214800,Wilshire,5,2020,53,,
06037214902,Wilshire,5,2020,24,,
06037215101,Wilshire,5,2020,9,,
06037215102,Wilshire,5,2020,2,,
06037216100,Wilshire,10,2020,42,,
06037216401,Wilshire,5,2020,38,,
06037216402,Wilshire,5,2020,25,,
06037216700,Wilshire,10,2020,74,,
06037216800,Wilshire,5,2020,48,,
06037217001,Wilshire,5,2020,48,,
06037217002,Wilshire,5,2020,70,,
06037217200,Wilshire,10,2020,45,,
06037218110,West Adams - Baldwin Hills - Leimert,10,2020,25,,
06037218120,West Adams - Baldwin Hills - Leimert,10,2020,39,,
06037218210,West Adams - Baldwin Hills - Leimert,10,2020,49,,
06037218220,West Adams - Baldwin Hills - Leimert,10,2020,69,,
06037218300,West Adams - Baldwin Hills - Leimert,10,2020,60,,
06037218400,West Adams - Baldwin Hills - Leimert,10,2020,68,,
06037218500,West Adams - Baldwin Hills - Leimert,10,2020,29,,
06037218600,West Adams - Baldwin Hills - Leimert,10,2020,44,,
06037218701,West Adams - Baldwin Hills - Leimert,10,2020,27,,
06037218702,West Adams - Baldwin Hills - Leimert,10,2020,24,,
06037218800,West Adams - Baldwin Hills - Leimert,10,2020,24,,
06037218900,West Adams - Baldwin Hills - Leimert,10,2020,32,,
06037219010,West Adams - Baldwin Hills - Leimert,10,2020,24,,
06037219020,West Adams - Baldwin Hills - Leimert,10,2020,34,,
06037219300,West Adams - Baldwin Hills - Leimert,10,2020,41,,
06037219500,West Adams - Baldwin Hills - Leimert,10,2020,43,,
06037219700,West Adams - Baldwin Hills - Leimert,10,2020,60,,
06037219800,West Adams - Baldwin Hills - Leimert,10,2020,55,,
06037219901,West Adams - Baldwin Hills - Leimert,10,2020,48,,
06037219902,West Adams - Baldwin Hills - Leimert,10,2020,47,,
06037220000,West Adams - Baldwin Hills - Leimert,10,2020,112,,
06037220100,West Adams - Baldwin Hills - Leimert,10,2020,46,,
06037221110,South Los Angeles,1,2020,9,,
06037221120,South Los Angeles,1,2020,9,,
06037221210,South Los Angeles,10,2020,10,,
06037221220,South Los Angeles,1,2020,28,,
06037221302,South Los Angeles,10,2020,33,,
06037221303,South Los Angeles,10,2020,13,,
06037221304,South Los Angeles,10,2020,15,,
06037221401,South Los Angeles,10,2020,18,,
06037221402,South Los Angeles,10,2020,14,,
06037221500,South Los Angeles,8,2020,24,,
06037221601,South Los Angeles,8,2020,13,,
06037221602,South Los Angeles,1,2020,13,,
06037221710,South Los Angeles,8,2020,39,,
06037221810,South Los Angeles,8,2020,11,,
06037221820,South Los Angeles,9,2020,10,,
06037221900,South Los Angeles,9,2020,25,,
06037222001,South Los Angeles,10,2020,42,,
06037222002,South Los Angeles,8,2020,42,,
06037222100,South Los Angeles,8,2020,21,,
06037222200,South Los Angeles,8,2020,43,,
06037222500,South Los Angeles,8,2020,61,,
06037222600,South Los Angeles,8,2020,55,,
06037224010,Central City,14,2020,1,,
06037224020,Southeast Los Angeles,9,2020,10,,
06037224200,Westlake,1,2020,10,,
06037224310,Westlake,1,2020,1,,
06037224320,Westlake,1,2020,7,,
06037224410,South Los Angeles,1,2020,30,,
06037224420,South Los Angeles,1,2020,9,,
06037224600,Southeast Los Angeles,9,2020,10,,
06037226001,Southeast Los Angeles,9,2020,6,,
06037226002,Central City,14,2020,1,,
06037226410,Southeast Los Angeles,9,2020,1,,
06037226420,Southeast Los Angeles,9,2020,8,,
06037227010,Southeast Los Angeles,9,2020,9,,
06037227020,Southeast Los Angeles,9,2020,4,,
06037228100,Southeast Los Angeles,9,2020,25,,
06037228210,Southeast Los Angeles,9,2020,7,,
06037228220,Southeast Los Angeles,9,2020,17,,
06037228310,Southeast Los Angeles,9,2020,8,,
06037228320,Southeast Los Angeles,9,2020,8,,
06037228410,Southeast Los Angeles,9,2020,9,,
06037228420,Southeast Los Angeles,9,2020,13,,
06037228500,Southeast Los Angeles,9,2020,13,,
06037228600,Southeast Los Angeles,9,2020,11,,
06037228710,Southeast Los Angeles,9,2020,15,,
06037228720,Southeast Los Angeles,9,2020,6,,
06037228800,Southeast Los Angeles,9,2020,9,,
06037228900,Southeast Los Angeles,9,2020,1,,
06037229100,Southeast Los Angeles,9,2020,19,,
06037229200,Southeast Los Angeles,9,2020,10,,
06037229300,Southeast Los Angeles,9,2020,15,,
06037229410,Southeast Los Angeles,9,2020,7,,
06037229420,Southeast Los Angeles,9,2020,4,,
06037231100,Southeast Los Angeles,9,2020,10,,
06037231210,South Los Angeles,8,2020,42,,
06037231220,South Los Angeles,9,2020,17,,
06037231400,South Los Angeles,8,2020,40,,
06037231500,South Los Angeles,8,2020,58,,
06037231710,South Los Angeles,9,2020,10,,
06037231720,South Los Angeles,9,2020,19,,
06037231800,Southeast Los Angeles,9,2020,15,,
06037232110,South Los Angeles,9,2020,10,,
06037232120,South Los Angeles,9,2020,39,,
06037232200,South Los Angeles,9,2020,18,,
06037232300,South Los Angeles,9,2020,28,,
06037232500,South Los Angeles,8,2020,25,,
06037232800,Southeast Los Angeles,9,2020,15,,
06037234200,West Adams - Baldwin Hills - Leimert,10,2020,71,,
06037234501,West Adams - Baldwin Hills - Leimert,8,2020,35,,
06037234502,West Adams - Baldwin Hills - Leimert,8,2020,34,,
06037234600,West Adams - Baldwin Hills - Leimert,8,2020,71,,
06037234700,West Adams - Baldwin Hills - Leimert,8,2020,37,,
06037234800,West Adams - Baldwin Hills - Leimert,8,2020,58,,
06037234901,West Adams - Baldwin Hills - Leimert,8,2020,15,,
06037234902,West Adams - Baldwin Hills - Leimert,8,2020,47,,
06037235100,West Adams - Baldwin Hills - Leimert,8,2020,125,,
06037235201,West Adams - Baldwin Hills - Leimert,8,2020,46,,
06037235202,West Adams - Baldwin Hills - Leimert,8,2020,33,,
06037236203,West Adams - Baldwin Hills - Leimert,10,2020,14,,
06037236204,West Adams - Baldwin Hills - Leimert,10,2020,25,,
06037236400,West Adams - Baldwin Hills - Leimert,8,2020,60,,
06037237101,South Los Angeles,9,2020,19,,
06037237102,South Los Angeles,9,2020,6,,
06037237201,South Los Angeles,9,2020,27,,
06037237202,South Los Angeles,8,2020,27,,
06037237300,South Los Angeles,8,2020,59,,
06037237401,South Los Angeles,8,2020,15,,
06037237402,South Los Angeles,8,2020,28,,
06037237500,South Los Angeles,8,2020,24,,
06037237600,South Los Angeles,8,2020,9,,
06037237710,South Los Angeles,8,2020,33,,
06037237720,South Los Angeles,8,2020,17,,
06037237800,South Los Angeles,8,2020,37,,
06037237900,South Los Angeles,8,2020,58,,
06037238000,South Los Angeles,8,2020,81,,
06037238100,South Los Angeles,8,2020,55,,
06037238200,South Los Angeles,8,2020,46,,
06037238310,South Los Angeles,8,2020,27,,
06037238320,South Los Angeles,8,2020,12,,
06037238400,South Los Angeles,8,2020,65,,
06037239201,Southeast Los Angeles,9,2020,3,,
06037239202,Southeast Los Angeles,9,2020,30,,
06037239310,Southeast Los Angeles,9,2020,16,,
06037239320,Southeast Los Angeles,9,2020,7,,
06037239330,Southeast Los Angeles,9,2020,9,,
06037239501,Southeast Los Angeles,9,2020,8,,
06037239502,Southeast Los Angeles,9,2020,14,,
06037239601,Southeast Los Angeles,9,2020,12,,
06037239602,Southeast Los Angeles,9,2020,10,,
06037239701,Southeast Los Angeles,9,2020,18,,
06037239702,Southeast Los Angeles,9,2020,17,,
06037239801,Southeast Los Angeles,9,2020,9,,
06037239802,Southeast Los Angeles,9,2020,22,,
06037240010,Southeast Los Angeles,9,2020,13,,
06037240020,Southeast Los Angeles,9,2020,30,,
06037240200,Southeast Los Angeles,8,2020,13,,
06037240401,South Los Angeles,8,2020,19,,
06037240402,South Los Angeles,8,2020,26,,
06037240500,Southeast Los Angeles,8,2020,24,,
06037240600,Southeast Los Angeles,8,2020,18,,
06037240700,Southeast Los Angeles,8,2020,24,,
06037240800,Southeast Los Angeles,8,2020,13,,
06037241001,Southeast Los Angeles,15,2020,40,,
06037241002,Southeast Los Angeles,15,2020,33,,
06037241110,Southeast Los Angeles,8,2020,18,,
06037241120,Southeast Los Angeles,8,2020,23,,
06037241201,South Los Angeles,8,2020,32,,
06037241202,South Los Angeles,8,2020,30,,
06037241300,South Los Angeles,15,2020,14,,
06037241400,Southeast Los Angeles,15,2020,13,,
06037242000,Southeast Los Angeles,15,2020,11,,
06037242100,Southeast Los Angeles,15,2020,25,,
06037242300,Southeast Los Angeles,15,2020,33,,
06037242600,Southeast Los Angeles,15,2020,2,,
06037242700,Southeast Los Angeles,15,2020,21,,
06037243100,Southeast Los Angeles,15,2020,14,,
06037261102,Bel Air - Beverly Crest,5,2020,169,,
06037261200,Bel Air - Beverly Crest,5,2020,93,,
06037262100,Bel Air - Beverly Crest,5,2020,190,,
06037262200,Bel Air - Beverly Crest,5,2020,147,,
06037262301,Brentwood - Pacific Palisades,11,2020,89,,
06037262302,Brentwood - Pacific Palisades,11,2020,97,,
06037262303,Brentwood - Pacific Palisades,11,2020,109,,
06037262400,Brentwood - Pacific Palisades,11,2020,81,,
06037262501,Brentwood - Pacific Palisades,11,2020,99,,
06037262601,Brentwood - Pacific Palisades,11,2020,86,,
06037262604,Brentwood - Pacific Palisades,11,2020,172,,
06037262704,Brentwood - Pacific Palisades,11,2020,59,,
06037262706,Brentwood - Pacific Palisades,11,2020,75,,
06037262802,Brentwood - Pacific Palisades,11,2020,87,,
06037264000,Brentwood - Pacific Palisades,11,2020,88,,
06037264102,Brentwood - Pacific Palisades,11,2020,51,,
06037264103,Brentwood - Pacific Palisades,11,2020,30,,
06037265100,Westwood,5,2020,72,,
06037265201,Westwood,5,2020,32,,
06037265303,Westwood,5,2020,6,,
06037265304,Westwood,5,2020,10,,
06037265410,Brentwood - Pacific Palisades,11,2020,34,,
06037265420,Westwood,5,2020,80,,
06037265601,Westwood,5,2020,40,,
06037265602,Westwood,5,2020,42,,
06037267300,West Los Angeles,11,2020,27,,
06037267403,West Los Angeles,11,2020,34,,
06037267404,West Los Angeles,11,2020,15,,
06037267502,West Los Angeles,11,2020,52,,
06037267600,West Los Angeles,11,2020,40,,
06037267700,West Los Angeles,11,2020,48,,
06037267800,West Los Angeles,5,2020,56,,
06037267901,West Los Angeles,5,2020,54,,
06037267902,West Los Angeles,5,2020,58,,
06037269000,West Los Angeles,5,2020,80,,
06037269100,West Los Angeles,5,2020,67,,
06037269300,West Los Angeles,5,2020,75,,
06037269500,West Los Angeles,5,2020,95,,
06037269601,West Adams - Baldwin Hills - Leimert,10,2020,40,,
06037269602,West Adams - Baldwin Hills - Leimert,10,2020,28,,
06037269700,West Adams - Baldwin Hills - Leimert,10,2020,90,,
06037269800,West Los Angeles,5,2020,39,,
06037269903,Palms - Mar Vista - Del Rey,5,2020,54,,
06037269905,Palms - Mar Vista - Del Rey,5,2020,17,,
06037269906,Palms - Mar Vista - Del Rey,5,2020,17,,
06037269907,Palms - Mar Vista - Del Rey,5,2020,53,,
06037270200,West Adams - Baldwin Hills - Leimert,10,2020,62,,
06037270300,West Adams - Baldwin Hills - Leimert,10,2020,71,,
06037271100,West Los Angeles,5,2020,52,,
06037271200,Palms - Mar Vista - Del Rey,11,2020,36,,
06037271300,Palms - Mar Vista - Del Rey,11,2020,79,,
06037271400,Palms - Mar Vista - Del Rey,11,2020,96,,
06037271500,Palms - Mar Vista - Del Rey,11,2020,50,,
06037271600,Palms - Mar Vista - Del Rey,11,2020,48,,
06037271702,Palms - Mar Vista - Del Rey,5,2020,45,,
06037271801,Palms - Mar Vista - Del Rey,5,2020,32,,
06037271901,Palms - Mar Vista - Del Rey,11,2020,29,,
06037271902,Palms - Mar Vista - Del Rey,11,2020,61,,
06037272100,Palms - Mar Vista - Del Rey,11,2020,87,,
06037272201,Palms - Mar Vista - Del Rey,11,2020,28,,
06037272202,Palms - Mar Vista - Del Rey,11,2020,33,,
06037272301,Palms - Mar Vista - Del Rey,11,2020,37,,
06037272302,Palms - Mar Vista - Del Rey,11,2020,47,,
06037273100,Venice,11,2020,55,,
06037273200,Venice,11,2020,37,,
06037273300,Venice,11,2020,43,,
06037273502,Venice,11,2020,43,,
06037273600,Venice,11,2020,33,,
06037273700,Venice,11,2020,44,,
06037273800,Venice,11,2020,42,,
06037273902,Venice,11,2020,70,,
06037274100,Venice,11,2020,34,,
06037274202,Venice,11,2020,92,,
06037275101,Palms - Mar Vista - Del Rey,11,2020,16,,
06037275102,Palms - Mar Vista - Del Rey,11,2020,51,,
06037275200,Palms - Mar Vista - Del Rey,11,2020,34,,
06037275311,Palms - Mar Vista - Del Rey,11,2020,76,,
06037275400,Palms - Mar Vista - Del Rey,11,2020,69,,
06037275500,Palms - Mar Vista - Del Rey,11,2020,53,,
06037275603,Palms - Mar Vista - Del Rey,11,2020,47,,
06037276000,Westchester - Playa del Rey,11,2020,111,,
06037276400,Westchester - Playa del Rey,11,2020,98,,
06037276500,Westchester - Playa del Rey,11,2020,25,,
06037276601,Westchester - Playa del Rey,11,2020,85,,
06037277000,Westchester - Playa del Rey,11,2020,114,,
06037277100,Westchester - Playa del Rey,11,2020,68,,
06037277200,Westchester - Playa del Rey,11,2020,8,,
06037278001,Westchester - Playa del Rey,11,2020,33,,
06037278102,Westchester - Playa del Rey,11,2020,47,,
06037291110,Harbor Gateway,15,2020,17,,
06037291120,Harbor Gateway,15,2020,9,,
06037291130,Harbor Gateway,15,2020,23,,
06037291210,Harbor Gateway,15,2020,24,,
06037291220,Harbor Gateway,15,2020,14,,
06037291300,Harbor Gateway,15,2020,32,,
06037293301,Wilmington - Harbor City,15,2020,22,,
06037293302,Wilmington - Harbor City,15,2020,37,,
06037293304,Wilmington - Harbor City,15,2020,19,,
06037293306,Wilmington - Harbor City,15,2020,16,,
06037293307,Wilmington - Harbor City,15,2020,13,,
06037294110,Wilmington - Harbor City,15,2020,16,,
06037294120,Wilmington - Harbor City,15,2020,6,,
06037294200,Wilmington - Harbor City,15,2020,21,,
06037294301,Wilmington - Harbor City,15,2020,23,,
06037294302,Wilmington - Harbor City,15,2020,12,,
06037294410,Wilmington - Harbor City,15,2020,10,,
06037294421,Wilmington - Harbor City,15,2020,16,,
06037294510,Wilmington - Harbor City,15,2020,13,,
06037294520,Wilmington - Harbor City,15,2020,7,,
06037294610,Wilmington - Harbor City,15,2020,15,,
06037294620,Wilmington - Harbor City,15,2020,14,,
06037294701,Wilmington - Harbor City,15,2020,9,,
06037294810,Wilmington - Harbor City,15,2020,11,,
06037294820,Wilmington - Harbor City,15,2020,11,,
06037294830,Wilmington - Harbor City,15,2020,15,,
06037294900,Wilmington - Harbor City,15,2020,9,,
06037295103,San Pedro,15,2020,36,,
06037296210,San Pedro,15,2020,6,,
06037296220,San Pedro,15,2020,7,,
06037296300,San Pedro,15,2020,43,,
06037296401,San Pedro,15,2020,30,,
06037296402,San Pedro,15,2020,31,,
06037296500,San Pedro,15,2020,28,,
06037296600,San Pedro,15,2020,23,,
06037296901,San Pedro,15,2020,15,,
06037296902,San Pedro,15,2020,34,,
06037297110,San Pedro,15,2020,15,,
06037297120,San Pedro,15,2020,25,,
06037297201,San Pedro,15,2020,34,,
06037297202,San Pedro,15,2020,35,,
06037297300,San Pedro,15,2020,21,,
06037297400,San Pedro,15,2020,57,,
06037297601,San Pedro,15,2020,19,,
06037297602,San Pedro,15,2020,32,,
06037700600,Bel Air - Beverly Crest,4,2020,1,,
06037800204,Canoga Park-West Hills-Winnetka-Woodland Hills,3,2020,35,,
06037980010,Silver Lake - Echo Park - Elysian Valley,1,2020,1,,
06037980015,Wilmington - Harbor City,15,2020,22,,
06037980019,Brentwood - Pacific Palisades,11,2020,1,,
06037980021,Sunland-E LaTuna Cyn-Lakevw Ter-Shadow Hls-Tujunga,7,2020,1,,
06037980024,Encino - Tarzana,6,2020,2,,
06037101110,Sunland-E LaTuna Cyn-Lakevw Ter-Shadow Hls-Tujunga,7,2021,54,51,5.9
06037101122,Sunland-E LaTuna Cyn-Lakevw Ter-Shadow Hls-Tujunga,7,2021,40,48,-16.7
06037101220,Sunland-E LaTuna Cyn-Lakevw Ter-Shadow Hls-Tujunga,7,2021,18,32,-43.8
06037101300,Sunland-E LaTuna Cyn-Lakevw Ter-Shadow Hls-Tujunga,7,2021,61,79,-22.8
06037101400,Sunland-E LaTuna Cyn-Lakevw Ter-Shadow Hls-Tujunga,7,2021,59,60,-1.7
06037102103,Sun Valley - La Tuna Canyon,2,2021,24,31,-22.6
06037102104,Sun Valley - La Tuna Canyon,2,2021,27,27,0.0
06037102105,Sun Valley - La Tuna Canyon,2,2021,20,20,0.0
06037102107,Sun Valley - La Tuna Canyon,7,2021,38,37,2.7
06037103101,Sunland-E LaTuna Cyn-Lakevw Ter-Shadow Hls-Tujunga,7,2021,48,44,9.1
06037103102,Sunland-E LaTuna Cyn-Lakevw Ter-Shadow Hls-Tujunga,7,2021,77,62,24.2
06037103300,Sunland-E LaTuna Cyn-Lakevw Ter-Shadow Hls-Tujunga,7,2021,65,67,-3.0
06037104103,Sunland-E LaTuna Cyn-Lakevw Ter-Shadow Hls-Tujunga,7,2021,38,22,72.7
06037104105,Arleta - Pacoima,7,2021,9,18,-50.0
06037104108,Arleta - Pacoima,7,2021,22,16,37.5
06037104124,Sunland-E LaTuna Cyn-Lakevw Ter-Shadow Hls-Tujunga,7,2021,37,42,-11.9
06037104201,Arleta - Pacoima,7,2021,23,22,4.5
06037104203,Arleta - Pacoima,7,2021,19,13,46.2
06037104204,Arleta - Pacoima,7,2021,20,51,-60.8
06037104310,Arleta - Pacoima,7,2021,19,21,-9.5
06037104401,Arleta - Pacoima,7,2021,21,25,-16.0
06037104403,Arleta - Pacoima,7,2021,8,10,-20.0
06037104404,Arleta - Pacoima,7,2021,24,13,84.6
06037104500,Arleta - Pacoima,7,2021,23,21,9.5
06037104610,Arleta - Pacoima,7,2021,7,14,-50.0
06037104620,Arleta - Pacoima,7,2021,9,12,-25.0
06037104701,Arleta - Pacoima,7,2021,19,10,90.0
06037104703,Arleta - Pacoima,7,2021,3,8,-62.5
06037104704,Arleta - Pacoima,7,2021,11,7,57.1
06037104821,Arleta - Pacoima,7,2021,22,9,144.4
06037104822,Arleta - Pacoima,7,2021,10,6,66.7
06037106010,Sylmar,7,2021,48,22,118.2
06037106020,Sylmar,7,2021,58,57,1.8
06037106111,Sylmar,7,2021,56,30,86.7
06037106112,Sylmar,7,2021,46,34,35.3
06037106113,Sylmar,7,2021,31,77,-59.7
06037106114,Sylmar,7,2021,31,33,-6.1
06037106403,Sylmar,7,2021,44,37,18.9
06037106405,Sylmar,7,2021,13,16,-18.8
06037106406,Sylmar,7,2021,50,26,92.3
06037106407,Sylmar,7,2021,8,,
06037106408,Sylmar,7,2021,5,3,66.7
06037106510,Sylmar,7,2021,32,30,6.7
06037106520,Sylmar,7,2021,33,41,-19.5
06037106603,Granada Hills - Knollwood,12,2021,32,26,23.1
06037106604,Sylmar,7,2021,26,51,-49.0
06037106641,Granada Hills - Knollwood,12,2021,26,35,-25.7
06037106642,Granada Hills - Knollwood,12,2021,76,54,40.7
06037106643,Granada Hills - Knollwood,12,2021,40,36,11.1
06037106645,Granada Hills - Knollwood,12,2021,60,50,20.0
06037106646,Granada Hills - Knollwood,12,2021,57,60,-5.0
06037106648,Sylmar,7,2021,13,9,44.4
06037106649,Sylmar,7,2021,34,27,25.9
06037107010,Sylmar,7,2021,25,32,-21.9
06037107020,Sylmar,7,2021,59,31,90.3
06037108101,Chatsworth - Porter Ranch,12,2021,20,24,-16.7
06037108102,Chatsworth - Porter Ranch,12,2021,42,36,16.7
06037108103,Chatsworth - Porter Ranch,12,2021,43,59,-27.1
06037108104,Chatsworth - Porter Ranch,12,2021,15,24,-37.5
06037108202,Chatsworth - Porter Ranch,12,2021,645,465,38.7
06037109100,Mission Hills - Panorama City - North Hills,7,2021,36,93,-61.3
06037109200,Granada Hills - Knollwood,12,2021,45,53,-15.1
06037109300,Granada Hills - Knollwood,12,2021,38,49,-22.4
06037109400,Mission Hills - Panorama City - North Hills,7,2021,39,16,143.8
06037109500,Arleta - Pacoima,7,2021,15,33,-54.5
06037109601,Mission Hills - Panorama City - North Hills,7,2021,64,59,8.5
06037109603,Mission Hills - Panorama City - North Hills,7,2021,42,44,-4.5
06037109604,Mission Hills - Panorama City - North Hills,7,2021,31,36,-13.9
06037109700,Granada Hills - Knollwood,12,2021,67,64,4.7
06037109800,Granada Hills - Knollwood,12,2021,77,55,40.0
06037111100,Granada Hills - Knollwood,12,2021,51,44,15.9
06037111201,Granada Hills - Knollwood,12,2021,50,62,-19.4
06037111202,Granada Hills - Knollwood,12,2021,67,66,1.5
06037111204,Northridge,12,2021,74,87,-14.9
06037111205,Northridge,12,2021,24,19,26.3
06037111206,Northridge,12,2021,70,85,-17.6
06037111302,Northridge,12,2021,67,47,42.6
06037113101,Chatsworth - Porter Ranch,12,2021,40,47,-14.9
06037113102,Chatsworth - Porter Ranch,12,2021,73,73,0.0
06037113211,Chatsworth - Porter Ranch,12,2021,56,24,133.3
06037113212,Chatsworth - Porter Ranch,12,2021,23,34,-32.4
06037113213,Chatsworth - Porter Ranch,12,2021,64,42,52.4
06037113231,Chatsworth - Porter Ranch,12,2021,43,33,30.3
06037113232,Chatsworth - Porter Ranch,12,2021,75,59,27.1
06037113234,Chatsworth - Porter Ranch,3,2021,21,7,200.0
06037113237,Chatsworth - Porter Ranch,12,2021,28,33,-15.2
06037113301,Chatsworth - Porter Ranch,12,2021,38,34,11.8
06037113303,Chatsworth - Porter Ranch,12,2021,58,54,7.4
06037113322,Chatsworth - Porter Ranch,12,2021,62,63,-1.6
06037115101,Northridge,12,2021,90,76,18.4
06037115104,Northridge,12,2021,39,18,116.7
06037115202,Northridge,12,2021,55,61,-9.8
06037115301,Northridge,12,2021,45,32,40.6
06037115302,Northridge,12,2021,51,24,112.5
06037115401,Northridge,12,2021,40,42,-4.8
06037115403,Northridge,12,2021,29,90,-67.8
06037115404,Northridge,12,2021,28,35,-20.0
06037117101,Mission Hills - Panorama City - North Hills,7,2021,15,42,-64.3
06037117102,Mission Hills - Panorama City - North Hills,7,2021,25,17,47.1
06037117201,Mission Hills - Panorama City - North Hills,7,2021,25,13,92.3
06037117202,Mission Hills - Panorama City - North Hills,12,2021,41,17,141.2
06037117301,Mission Hills - Panorama City - North Hills,12,2021,76,38,100.0
06037117302,Northridge,12,2021,75,67,11.9
06037117303,Mission Hills - Panorama City - North Hills,12,2021,64,57,12.3
06037117404,Mission Hills - Panorama City - North Hills,12,2021,72,52,38.5
06037117405,Mission Hills - Panorama City - North Hills,7,2021,3,12,-75.0
06037117407,Mission Hills - Panorama City - North Hills,6,2021,9,11,-18.2
06037117408,Mission Hills - Panorama City - North Hills,6,2021,3,4,-25.0
06037117510,Mission Hills - Panorama City - North Hills,7,2021,25,9,177.8
06037117520,Mission Hills - Panorama City - North Hills,6,2021,7,17,-58.8
06037117530,Mission Hills - Panorama City - North Hills,6,2021,9,16,-43.8
06037119001,Sun Valley - La Tuna Canyon,6,2021,19,38,-50.0
06037119201,Arleta - Pacoima,6,2021,31,27,14.8
06037119202,Arleta - Pacoima,6,2021,39,38,2.6
06037119310,Mission Hills - Panorama City - North Hills,6,2021,93,18,416.7
06037119320,Mission Hills - Panorama City - North Hills,6,2021,22,8,175.0
06037119340,Mission Hills - Panorama City - North Hills,6,2021,4,5,-20.0
06037119341,Mission Hills - Panorama City - North Hills,6,2021,53,1,5200.0
06037119342,Mission Hills - Panorama City - North Hills,6,2021,14,9,55.6
06037119400,Arleta - Pacoima,6,2021,44,46,-4.3
06037119700,Mission Hills - Panorama City - North Hills,6,2021,56,41,36.6
06037119900,Mission Hills - Panorama City - North Hills,6,2021,50,57,-12.3
06037120010,Mission Hills - Panorama City - North Hills,6,2021,26,27,-3.7
06037120020,Mission Hills - Panorama City - North Hills,6,2021,12,16,-25.0
06037120030,Mission Hills - Panorama City - North Hills,6,2021,5,23,-78.3
06037120103,Mission Hills - Panorama City - North Hills,6,2021,3,9,-66.7
06037120104,Mission Hills - Panorama City - North Hills,6,2021,2,10,-80.0
06037120105,Mission Hills - Panorama City - North Hills,6,2021,7,11,-36.4
06037120106,Mission Hills - Panorama City - North Hills,6,2021,9,10,-10.0
06037120107,Mission Hills - Panorama City - North Hills,6,2021,6,12,-50.0
06037120108,Mission Hills - Panorama City - North Hills,6,2021,16,5,220.0
06037120300,Mission Hills - Panorama City - North Hills,6,2021,54,46,17.4
06037120400,Mission Hills - Panorama City - North Hills,6,2021,50,30,66.7
06037121010,Sun Valley - La Tuna Canyon,2,2021,48,48,0.0
06037121020,Sun Valley - La Tuna Canyon,2,2021,35,43,-18.6
06037121101,Sun Valley - La Tuna Canyon,6,2021,26,14,85.7
06037121102,Sun Valley - La Tuna Canyon,6,2021,31,30,3.3
06037121210,Sun Valley - La Tuna Canyon,6,2021,38,18,111.1
06037121221,Sun Valley - La Tuna Canyon,6,2021,8,21,-61.9
06037121222,Sun Valley - La Tuna Canyon,6,2021,92,21,338.1
06037121600,Sun Valley - La Tuna Canyon,2,2021,45,37,21.6
06037121801,Sun Valley - La Tuna Canyon,6,2021,23,23,0.0
06037121802,Sun Valley - La Tuna Canyon,6,2021,30,33,-9.1
06037121900,Sun Valley - La Tuna Canyon,6,2021,24,17,41.2
06037122000,Sun Valley - La Tuna Canyon,2,2021,53,52,1.9
06037122120,Sun Valley - La Tuna Canyon,6,2021,41,44,-6.8
06037122121,Sun Valley - La Tuna Canyon,2,2021,17,14,21.4
06037122122,Sun Valley - La Tuna Canyon,6,2021,6,7,-14.3
06037122200,Sun Valley - La Tuna Canyon,2,2021,29,23,26.1
06037122410,Sun Valley - La Tuna Canyon,2,2021,17,27,-37.0
06037122420,Sun Valley - La Tuna Canyon,2,2021,30,25,20.0
06037123010,Sun Valley - La Tuna Canyon,2,2021,24,19,26.3
06037123020,Sun Valley - La Tuna Canyon,2,2021,22,30,-26.7
06037123103,North Hollywood - Valley Village,2,2021,33,39,-15.4
06037123104,North Hollywood - Valley Village,2,2021,33,55,-40.0
06037123203,North Hollywood - Valley Village,2,2021,14,22,-36.4
06037123204,North Hollywood - Valley Village,2,2021,22,15,46.7
06037123205,North Hollywood - Valley Village,2,2021,24,21,14.3
06037123206,North Hollywood - Valley Village,2,2021,23,13,76.9
06037123301,North Hollywood - Valley Village,2,2021,29,25,16.0
06037123303,North Hollywood - Valley Village,2,2021,30,23,30.4
06037123304,North Hollywood - Valley Village,2,2021,45,34,32.4
06037123410,North Hollywood - Valley Village,2,2021,29,26,11.5
06037123420,North Hollywood - Valley Village,2,2021,31,21,47.6
06037123510,Van Nuys - North Sherman Oaks,2,2021,33,32,3.1
06037123520,Van Nuys - North Sherman Oaks,2,2021,23,30,-23.3
06037123601,Van Nuys - North Sherman Oaks,2,2021,57,31,83.9
06037123602,Van Nuys - North Sherman Oaks,2,2021,36,57,-36.8
06037123700,North Hollywood - Valley Village,2,2021,55,53,3.8
06037123800,North Hollywood - Valley Village,2,2021,80,89,-10.1
06037123901,North Hollywood - Valley Village,2,2021,69,46,50.0
06037123902,North Hollywood - Valley Village,2,2021,41,43,-4.7
06037124000,North Hollywood - Valley Village,2,2021,97,84,15.5
06037124102,North Hollywood - Valley Village,2,2021,42,54,-22.2
06037124103,North Hollywood - Valley Village,2,2021,13,12,8.3
06037124104,North Hollywood - Valley Village,2,2021,15,15,0.0
06037124105,North Hollywood - Valley Village,2,2021,17,24,-29.2
06037124201,North Hollywood - Valley Village,2,2021,57,43,32.6
06037124203,North Hollywood - Valley Village,2,2021,31,31,0.0
06037124204,North Hollywood - Valley Village,2,2021,24,21,14.3
06037124300,North Hollywood - Valley Village,2,2021,40,76,-47.4
06037124400,North Hollywood - Valley Village,2,2021,64,71,-9.9
06037124500,Van Nuys - North Sherman Oaks,4,2021,51,50,2.0
06037124600,Van Nuys - North Sherman Oaks,4,2021,114,77,48.1
06037124700,Van Nuys - North Sherman Oaks,4,2021,66,77,-14.3
06037124902,North Hollywood - Valley Village,2,2021,17,26,-34.6
06037124903,North Hollywood - Valley Village,2,2021,11,53,-79.2
06037125200,North Hollywood - Valley Village,2,2021,47,52,-9.6
06037125310,North Hollywood - Valley Village,2,2021,44,37,18.9
06037125402,North Hollywood - Valley Village,2,2021,35,36,-2.8
06037125501,North Hollywood - Valley Village,2,2021,58,68,-14.7
06037125502,North Hollywood - Valley Village,2,2021,38,75,-49.3
06037125600,North Hollywood - Valley Village,2,2021,66,39,69.2
06037127102,Van Nuys - North Sherman Oaks,2,2021,16,58,-72.4
06037127103,Van Nuys - North Sherman Oaks,2,2021,43,6,616.7
06037127104,Van Nuys - North Sherman Oaks,2,2021,46,38,21.1
06037127210,Van Nuys - North Sherman Oaks,6,2021,25,23,8.7
06037127220,Van Nuys - North Sherman Oaks,6,2021,31,37,-16.2
06037127300,Van Nuys - North Sherman Oaks,6,2021,28,29,-3.4
06037127400,Van Nuys - North Sherman Oaks,6,2021,33,23,43.5
06037127520,Reseda - West Van Nuys,6,2021,1,7,-85.7
06037127603,Van Nuys - North Sherman Oaks,6,2021,28,11,154.5
06037127604,Van Nuys - North Sherman Oaks,6,2021,19,15,26.7
06037127605,Van Nuys - North Sherman Oaks,6,2021,10,22,-54.5
06037127606,Van Nuys - North Sherman Oaks,6,2021,29,30,-3.3
06037127711,Van Nuys - North Sherman Oaks,6,2021,72,59,22.0
06037127712,Van Nuys - North Sherman Oaks,6,2021,21,39,-46.2
06037127803,Van Nuys - North Sherman Oaks,6,2021,24,37,-35.1
06037127804,Van Nuys - North Sherman Oaks,6,2021,31,36,-13.9
06037127805,Van Nuys - North Sherman Oaks,6,2021,33,28,17.9
06037127806,Van Nuys - North Sherman Oaks,6,2021,30,42,-28.6
06037127910,Van Nuys - North Sherman Oaks,6,2021,18,23,-21.7
06037127920,Van Nuys - North Sherman Oaks,2,2021,31,26,19.2
06037128101,Van Nuys - North Sherman Oaks,2,2021,34,35,-2.9
06037128102,Van Nuys - North Sherman Oaks,2,2021,24,45,-46.7
06037128210,Van Nuys - North Sherman Oaks,6,2021,17,27,-37.0
06037128220,Van Nuys - North Sherman Oaks,2,2021,26,22,18.2
06037128302,Van Nuys - North Sherman Oaks,6,2021,26,29,-10.3
06037128303,Van Nuys - North Sherman Oaks,6,2021,25,17,47.1
06037128400,Van Nuys - North Sherman Oaks,4,2021,88,94,-6.4
06037128500,Van Nuys - North Sherman Oaks,4,2021,67,47,42.6
06037128601,Van Nuys - North Sherman Oaks,4,2021,30,40,-25.0
06037128602,Van Nuys - North Sherman Oaks,2,2021,85,49,73.5
06037128801,Van Nuys - North Sherman Oaks,4,2021,27,21,28.6
06037128802,Van Nuys - North Sherman Oaks,4,2021,69,69,0.0
06037128910,Van Nuys - North Sherman Oaks,4,2021,93,75,24.0
06037131100,Reseda - West Van Nuys,6,2021,86,75,14.7
06037131200,Reseda - West Van Nuys,12,2021,79,43,83.7
06037131300,Reseda - West Van Nuys,4,2021,49,55,-10.9
06037131400,Reseda - West Van Nuys,4,2021,67,72,-6.9
06037131600,Reseda - West Van Nuys,3,2021,65,50,30.0
06037131701,Reseda - West Van Nuys,3,2021,16,42,-61.9
06037131702,Reseda - West Van Nuys,3,2021,39,23,69.6
06037131900,Reseda - West Van Nuys,6,2021,63,68,-7.4
06037132001,Reseda - West Van Nuys,6,2021,57,73,-21.9
06037132002,Reseda - West Van Nuys,6,2021,68,46,47.8
06037132101,Reseda - West Van Nuys,6,2021,60,40,50.0
06037132102,Reseda - West Van Nuys,6,2021,43,47,-8.5
06037132501,Reseda - West Van Nuys,3,2021,35,35,0.0
06037132502,Reseda - West Van Nuys,3,2021,12,14,-14.3
06037132700,Reseda - West Van Nuys,4,2021,69,63,9.5
06037132900,Reseda - West Van Nuys,3,2021,75,55,36.4
06037133000,Reseda - West Van Nuys,3,2021,86,53,62.3
06037134001,Canoga Park-West Hills-Winnetka-Woodland Hills,3,2021,14,29,-51.7
06037134002,Canoga Park-West Hills-Winnetka-Woodland Hills,3,2021,35,22,59.1
06037134101,Canoga Park-West Hills-Winnetka-Woodland Hills,3,2021,47,36,30.6
06037134103,Canoga Park-West Hills-Winnetka-Woodland Hills,3,2021,55,45,22.2
06037134104,Canoga Park-West Hills-Winnetka-Woodland Hills,3,2021,27,27,0.0
06037134201,Canoga Park-West Hills-Winnetka-Woodland Hills,3,2021,64,61,4.9
06037134302,Canoga Park-West Hills-Winnetka-Woodland Hills,12,2021,61,49,24.5
06037134303,Canoga Park-West Hills-Winnetka-Woodland Hills,3,2021,65,55,18.2
06037134304,Canoga Park-West Hills-Winnetka-Woodland Hills,3,2021,50,28,78.6
06037134305,Canoga Park-West Hills-Winnetka-Woodland Hills,3,2021,4,12,-66.7
06037134306,Canoga Park-West Hills-Winnetka-Woodland Hills,3,2021,13,31,-58.1
06037134421,Canoga Park-West Hills-Winnetka-Woodland Hills,12,2021,86,77,11.7
06037134422,Canoga Park-West Hills-Winnetka-Woodland Hills,12,2021,88,142,-38.0
06037134423,Canoga Park-West Hills-Winnetka-Woodland Hills,12,2021,69,61,13.1
06037134424,Canoga Park-West Hills-Winnetka-Woodland Hills,12,2021,41,52,-21.2
06037134520,Canoga Park-West Hills-Winnetka-Woodland Hills,3,2021,20,19,5.3
06037134521,Canoga Park-West Hills-Winnetka-Woodland Hills,3,2021,21,9,133.3
06037134522,Canoga Park-West Hills-Winnetka-Woodland Hills,3,2021,25,26,-3.8
06037134710,Canoga Park-West Hills-Winnetka-Woodland Hills,3,2021,32,27,18.5
06037134720,Canoga Park-West Hills-Winnetka-Woodland Hills,3,2021,39,37,5.4
06037134901,Reseda - West Van Nuys,3,2021,68,54,25.9
06037134904,Canoga Park-West Hills-Winnetka-Woodland Hills,3,2021,68,35,94.3
06037134905,Canoga Park-West Hills-Winnetka-Woodland Hills,3,2021,22,12,83.3
06037135102,Canoga Park-West Hills-Winnetka-Woodland Hills,12,2021,75,64,17.2
06037135111,Canoga Park-West Hills-Winnetka-Woodland Hills,3,2021,56,45,24.4
06037135201,Canoga Park-West Hills-Winnetka-Woodland Hills,12,2021,49,48,2.1
06037135202,Canoga Park-West Hills-Winnetka-Woodland Hills,12,2021,103,64,60.9
06037137103,Canoga Park-West Hills-Winnetka-Woodland Hills,3,2021,12,36,-66.7
06037137104,Canoga Park-West Hills-Winnetka-Woodland Hills,3,2021,88,60,46.7
06037137301,Canoga Park-West Hills-Winnetka-Woodland Hills,3,2021,74,34,117.6
06037137302,Canoga Park-West Hills-Winnetka-Woodland Hills,3,2021,107,76,40.8
06037137401,Canoga Park-West Hills-Winnetka-Woodland Hills,3,2021,81,73,11.0
06037137402,Canoga Park-West Hills-Winnetka-Woodland Hills,3,2021,94,84,11.9
06037137501,Canoga Park-West Hills-Winnetka-Woodland Hills,3,2021,57,51,11.8
06037137502,Canoga Park-West Hills-Winnetka-Woodland Hills,3,2021,90,92,-2.2
06037137504,Canoga Park-West Hills-Winnetka-Woodland Hills,3,2021,41,45,-8.9
06037138000,Canoga Park-West Hills-Winnetka-Woodland Hills,3,2021,94,105,-10.5
06037139001,Encino - Tarzana,4,2021,77,89,-13.5
06037139200,Encino - Tarzana,4,2021,53,81,-34.6
06037139301,Encino - Tarzana,3,2021,111,96,15.6
06037139302,Encino - Tarzana,3,2021,16,15,6.7
06037139303,Encino - Tarzana,3,2021,9,31,-71.0
06037139401,Encino - Tarzana,3,2021,17,28,-39.3
06037139402,Encino - Tarzana,3,2021,71,46,54.3
06037139502,Encino - Tarzana,3,2021,55,30,83.3
06037139504,Encino - Tarzana,4,2021,18,25,-28.0
06037139600,Encino - Tarzana,4,2021,100,84,19.0
06037139701,Encino - Tarzana,4,2021,126,92,37.0
06037139703,Encino - Tarzana,4,2021,44,57,-22.8
06037139705,Encino - Tarzana,4,2021,1,,
06037139801,Encino - Tarzana,3,2021,78,63,23.8
06037139802,Encino - Tarzana,3,2021,78,72,8.3
06037141101,Sherman Oaks-Studio City-Toluca Lake-Cahuenga Pass,4,2021,49,51,-3.9
06037141102,Sherman Oaks-Studio City-Toluca Lake-Cahuenga Pass,4,2021,40,31,29.0
06037141201,Sherman Oaks-Studio City-Toluca Lake-Cahuenga Pass,4,2021,18,30,-40.0
06037141202,Sherman Oaks-Studio City-Toluca Lake-Cahuenga Pass,4,2021,58,34,70.6
06037141303,Sherman Oaks-Studio City-Toluca Lake-Cahuenga Pass,4,2021,15,25,-40.0
06037141304,Sherman Oaks-Studio City-Toluca Lake-Cahuenga Pass,4,2021,50,45,11.1
06037141400,Encino - Tarzana,4,2021,100,77,29.9
06037141500,Encino - Tarzana,4,2021,89,65,36.9
06037141600,Sherman Oaks-Studio City-Toluca Lake-Cahuenga Pass,4,2021,112,116,-3.4
06037141700,Sherman Oaks-Studio City-Toluca Lake-Cahuenga Pass,4,2021,92,100,-8.0
06037143200,Sherman Oaks-Studio City-Toluca Lake-Cahuenga Pass,2,2021,31,37,-16.2
06037143500,Sherman Oaks-Studio City-Toluca Lake-Cahuenga Pass,4,2021,85,79,7.6
06037143602,Sherman Oaks-Studio City-Toluca Lake-Cahuenga Pass,2,2021,73,55,32.7
06037143603,Sherman Oaks-Studio City-Toluca Lake-Cahuenga Pass,2,2021,26,28,-7.1
06037143700,Sherman Oaks-Studio City-Toluca Lake-Cahuenga Pass,4,2021,122,111,9.9
06037143901,Sherman Oaks-Studio City-Toluca Lake-Cahuenga Pass,4,2021,113,123,-8.1
06037143902,Sherman Oaks-Studio City-Toluca Lake-Cahuenga Pass,4,2021,66,48,37.5
06037181000,Northeast Los Angeles,14,2021,137,123,11.4
06037181300,Northeast Los Angeles,14,2021,68,78,-12.8
06037181400,Northeast Los Angeles,14,2021,38,48,-20.8
06037181500,Northeast Los Angeles,14,2021,79,57,38.6
06037181600,Northeast Los Angeles,14,2021,55,36,52.8
06037183101,Northeast Los Angeles,14,2021,54,57,-5.3
06037183103,Northeast Los Angeles,14,2021,40,32,25.0
06037183104,Northeast Los Angeles,14,2021,23,29,-20.7
06037183220,Northeast Los Angeles,14,2021,41,25,64.0
06037183221,Northeast Los Angeles,14,2021,63,53,18.9
06037183222,Northeast Los Angeles,14,2021,56,52,7.7
06037183300,Northeast Los Angeles,14,2021,37,63,-41.3
06037183401,Northeast Los Angeles,1,2021,45,50,-10.0
06037183402,Northeast Los Angeles,14,2021,42,71,-40.8
06037183510,Northeast Los Angeles,1,2021,34,50,-32.0
06037183520,Northeast Los Angeles,1,2021,46,29,58.6
06037183610,Northeast Los Angeles,1,2021,33,13,153.8
06037183620,Northeast Los Angeles,1,2021,32,25,28.0
06037183701,Northeast Los Angeles,1,2021,28,19,47.4
06037183702,Northeast Los Angeles,14,2021,29,38,-23.7
06037183810,Northeast Los Angeles,1,2021,35,12,191.7
06037183820,Northeast Los Angeles,1,2021,17,19,-10.5
06037185202,Northeast Los Angeles,1,2021,45,75,-40.0
06037185203,Northeast Los Angeles,1,2021,22,25,-12.0
06037185204,Northeast Los Angeles,1,2021,33,42,-21.4
06037185310,Northeast Los Angeles,1,2021,17,11,54.5
06037185320,Northeast Los Angeles,1,2021,21,23,-8.7
06037186100,Northeast Los Angeles,13,2021,71,83,-14.5
06037186201,Northeast Los Angeles,1,2021,20,41,-51.2
06037186202,Northeast Los Angeles,1,2021,23,8,187.5
06037186203,Northeast Los Angeles,1,2021,66,78,-15.4
06037186301,Northeast Los Angeles,13,2021,19,18,5.6
06037186302,Northeast Los Angeles,1,2021,93,66,40.9
06037186401,Northeast Los Angeles,13,2021,38,99,-61.6
06037186403,Northeast Los Angeles,1,2021,24,37,-35.1
06037186404,Northeast Los Angeles,1,2021,26,16,62.5
06037187101,Northeast Los Angeles,13,2021,79,73,8.2
06037187102,Northeast Los Angeles,13,2021,46,47,-2.1
06037187200,Silver Lake - Echo Park - Elysian Valley,13,2021,54,67,-19.4
06037187300,Silver Lake - Echo Park - Elysian Valley,13,2021,96,67,43.3
06037188100,Northeast Los Angeles,13,2021,67,66,1.5
06037188201,Hollywood,4,2021,69,71,-2.8
06037188202,Hollywood,4,2021,51,57,-10.5
06037188300,Northeast Los Angeles,13,2021,93,66,40.9
06037189101,Hollywood,4,2021,26,28,-7.1
06037189102,Hollywood,4,2021,42,26,61.5
06037189201,Hollywood,4,2021,16,23,-30.4
06037189202,Hollywood,4,2021,71,63,12.7
06037189300,Hollywood,4,2021,121,119,1.7
06037189400,Hollywood,4,2021,110,83,32.5
06037189600,Hollywood,4,2021,68,55,23.6
06037189702,Hollywood,4,2021,27,42,-35.7
06037189903,Hollywood,4,2021,8,13,-38.5
06037189904,Hollywood,4,2021,11,14,-21.4
06037189905,Hollywood,4,2021,28,11,154.5
06037190201,Hollywood,13,2021,4,3,33.3
06037190202,Hollywood,13,2021,5,12,-58.3
06037190401,Hollywood,4,2021,16,18,-11.1
06037190402,Hollywood,13,2021,5,4,25.0
06037190510,Hollywood,13,2021,8,13,-38.5
06037190520,Hollywood,13,2021,20,14,42.9
06037190801,Hollywood,13,2021,15,25,-40.0
06037190802,Hollywood,13,2021,55,27,103.7
06037190901,Hollywood,13,2021,30,25,20.0
06037190902,Hollywood,13,2021,45,38,18.4
06037191000,Hollywood,13,2021,18,25,-28.0
06037191110,Hollywood,13,2021,17,15,13.3
06037191120,Hollywood,13,2021,21,21,0.0
06037191201,Hollywood,13,2021,14,16,-12.5
06037191203,Hollywood,13,2021,8,14,-42.9
06037191204,Hollywood,13,2021,28,22,27.3
06037191301,Hollywood,13,2021,21,19,10.5
06037191302,Hollywood,13,2021,18,14,28.6
06037191410,Hollywood,13,2021,23,32,-28.1
06037191420,Hollywood,13,2021,35,21,66.7
06037191500,Hollywood,13,2021,42,45,-6.7
06037191610,Hollywood,13,2021,22,25,-12.0
06037191620,Hollywood,13,2021,11,23,-52.2
06037191710,Hollywood,13,2021,15,22,-31.8
06037191720,Hollywood,13,2021,19,19,0.0
06037191810,Hollywood,13,2021,26,32,-18.8
06037191820,Hollywood,13,2021,13,24,-45.8
06037191901,Hollywood,4,2021,33,41,-19.5
06037191902,Hollywood,5,2021,78,58,34.5
06037192001,Hollywood,5,2021,45,38,18.4
06037192002,Hollywood,5,2021,53,75,-29.3
06037192300,Wilshire,4,2021,43,36,19.4
06037192410,Wilshire,13,2021,66,75,-12.0
06037192420,Wilshire,4,2021,36,45,-20.0
06037192510,Wilshire,13,2021,22,40,-45.0
06037192520,Wilshire,13,2021,21,31,-32.3
06037192610,Wilshire,13,2021,27,25,8.0
06037192620,Wilshire,13,2021,16,22,-27.3
06037192700,Wilshire,13,2021,27,25,8.0
06037194101,Hollywood,4,2021,57,65,-12.3
06037194102,Hollywood,4,2021,125,110,13.6
06037194200,Hollywood,4,2021,118,112,5.4
06037194300,Hollywood,4,2021,177,164,7.9
06037194401,Hollywood,5,2021,53,51,3.9
06037194402,Hollywood,5,2021,53,62,-14.5
06037194500,Wilshire,5,2021,61,40,52.5
06037195100,Silver Lake - Echo Park - Elysian Valley,4,2021,159,122,30.3
06037195201,Hollywood,4,2021,74,50,48.0
06037195202,Hollywood,4,2021,75,70,7.1
06037195300,Hollywood,4,2021,73,29,151.7
06037195400,Silver Lake - Echo Park - Elysian Valley,13,2021,96,123,-22.0
06037195500,Silver Lake - Echo Park - Elysian Valley,13,2021,94,71,32.4
06037195600,Silver Lake - Echo Park - Elysian Valley,13,2021,51,37,37.8
06037195710,Silver Lake - Echo Park - Elysian Valley,13,2021,45,21,114.3
06037195720,Silver Lake - Echo Park - Elysian Valley,13,2021,24,28,-14.3
06037195802,Silver Lake - Echo Park - Elysian Valley,13,2021,40,45,-11.1
06037195803,Silver Lake - Echo Park - Elysian Valley,13,2021,77,33,133.3
06037195804,Silver Lake - Echo Park - Elysian Valley,13,2021,73,30,143.3
06037195901,Silver Lake - Echo Park - Elysian Valley,13,2021,70,37,89.2
06037195902,Silver Lake - Echo Park - Elysian Valley,13,2021,50,32,56.3
06037195903,Silver Lake - Echo Park - Elysian Valley,13,2021,29,28,3.6
06037197200,Silver Lake - Echo Park - Elysian Valley,13,2021,41,64,-35.9
06037197300,Silver Lake - Echo Park - Elysian Valley,13,2021,73,75,-2.7
06037197410,Silver Lake - Echo Park - Elysian Valley,13,2021,67,70,-4.3
06037197420,Silver Lake - Echo Park - Elysian Valley,13,2021,32,55,-41.8
06037197500,Silver Lake - Echo Park - Elysian Valley,1,2021,31,38,-18.4
06037197600,Silver Lake - Echo Park - Elysian Valley,1,2021,21,30,-30.0
06037197700,Silver Lake - Echo Park - Elysian Valley,1,2021,40,48,-16.7
06037199110,Northeast Los Angeles,14,2021,15,24,-37.5
06037199120,Northeast Los Angeles,14,2021,15,20,-25.0
06037199201,Northeast Los Angeles,1,2021,7,19,-63.2
06037199202,Northeast Los Angeles,1,2021,30,25,20.0
06037199300,Northeast Los Angeles,1,2021,47,54,-13.0
06037199400,Northeast Los Angeles,1,2021,25,28,-10.7
06037199700,Northeast Los Angeles,1,2021,7,3,133.3
06037199900,Northeast Los Angeles,14,2021,16,2,700.0
06037201110,Northeast Los Angeles,14,2021,32,28,14.3
06037201120,Northeast Los Angeles,14,2021,18,37,-51.4
06037201200,Northeast Los Angeles,14,2021,9,20,-55.0
06037201301,Northeast Los Angeles,14,2021,22,15,46.7
06037201302,Northeast Los Angeles,14,2021,25,33,-24.2
06037201401,Northeast Los Angeles,14,2021,30,58,-48.3
06037201402,Northeast Los Angeles,14,2021,37,38,-2.6
06037201501,Northeast Los Angeles,14,2021,53,38,39.5
06037201503,Northeast Los Angeles,14,2021,11,19,-42.1
06037201504,Northeast Los Angeles,14,2021,13,14,-7.1
06037201601,Northeast Los Angeles,14,2021,27,23,17.4
06037201602,Northeast Los Angeles,14,2021,37,24,54.2
06037201700,Northeast Los Angeles,14,2021,31,30,3.3
06037203100,Northeast Los Angeles,14,2021,4,12,-66.7
06037203200,Boyle Heights,14,2021,14,23,-39.1
06037203300,Northeast Los Angeles,14,2021,9,15,-40.0
06037203500,Boyle Heights,14,2021,13,8,62.5
06037203710,Boyle Heights,14,2021,14,9,55.6
06037203720,Boyle Heights,14,2021,23,21,9.5
06037203800,Boyle Heights,14,2021,28,10,180.0
06037203900,Boyle Heights,14,2021,13,17,-23.5
06037204110,Boyle Heights,14,2021,8,3,166.7
06037204120,Boyle Heights,14,2021,2,13,-84.6
06037204200,Boyle Heights,14,2021,12,7,71.4
06037204300,Boyle Heights,14,2021,25,21,19.0
06037204410,Boyle Heights,14,2021,8,3,166.7
06037204420,Boyle Heights,14,2021,3,5,-40.0
06037204600,Boyle Heights,14,2021,13,10,30.0
06037204700,Boyle Heights,14,2021,14,27,-48.1
06037204810,Boyle Heights,14,2021,13,14,-7.1
06037204820,Boyle Heights,14,2021,10,8,25.0
06037204910,Boyle Heights,14,2021,14,17,-17.6
06037204920,Boyle Heights,14,2021,9,8,12.5
06037205120,Boyle Heights,14,2021,2,3,-33.3
06037206010,Central City North,1,2021,18,9,100.0
06037206050,Boyle Heights,14,2021,3,4,-25.0
06037207101,Central City North,1,2021,3,20,-85.0
06037207102,Central City North,1,2021,2,10,-80.0
06037207103,Central City North,1,2021,6,8,-25.0
06037207501,Central City,14,2021,18,10,80.0
06037207502,Central City,14,2021,2,1,100.0
06037208301,Westlake,1,2021,3,4,-25.0
06037208302,Westlake,13,2021,17,20,-15.0
06037208401,Westlake,1,2021,14,18,-22.2
06037208402,Westlake,13,2021,26,22,18.2
06037208501,Westlake,13,2021,18,25,-28.0
06037208502,Westlake,13,2021,9,17,-47.1
06037208610,Westlake,13,2021,29,44,-34.1
06037208620,Westlake,13,2021,8,24,-66.7
06037208710,Westlake,1,2021,6,8,-25.0
06037208720,Westlake,1,2021,3,7,-57.1
06037208802,Westlake,1,2021,8,3,166.7
06037208902,Westlake,1,2021,1,1,0.0
06037208903,Westlake,1,2021,8,3,166.7
06037208904,Westlake,1,2021,8,1,700.0
06037209103,Westlake,1,2021,11,7,57.1
06037209300,Westlake,1,2021,9,4,125.0
06037209401,Westlake,1,2021,2,8,-75.0
06037209402,Westlake,1,2021,1,5,-80.0
06037209510,Westlake,1,2021,7,2,250.0
06037209520,Westlake,1,2021,11,10,10.0
06037209810,Westlake,1,2021,1,6,-83.3
06037209820,Westlake,1,2021,15,4,275.0
06037210010,Westlake,1,2021,7,15,-53.3
06037211000,Wilshire,4,2021,108,111,-2.7
06037211121,Wilshire,13,2021,18,4,350.0
06037211122,Wilshire,13,2021,1,5,-80.0
06037211201,Wilshire,10,2021,14,13,7.7
06037211202,Wilshire,10,2021,10,9,11.1
06037211310,Wilshire,10,2021,5,11,-54.5
06037211320,Wilshire,10,2021,15,16,-6.3
06037211410,Wilshire,10,2021,16,12,33.3
06037211420,Wilshire,10,2021,23,21,9.5
06037211500,Wilshire,13,2021,67,63,6.3
06037211701,Wilshire,13,2021,25,32,-21.9
06037211703,Wilshire,13,2021,10,6,66.7
06037211704,Wilshire,10,2021,7,8,-12.5
06037211802,Wilshire,10,2021,10,13,-23.1
06037211804,Wilshire,10,2021,6,11,-45.5
06037211910,Wilshire,10,2021,7,10,-30.0
06037211921,Wilshire,10,2021,1,1,0.0
06037211922,Wilshire,10,2021,5,2,150.0
06037212101,Wilshire,10,2021,1,,
06037212102,Wilshire,10,2021,3,3,0.0
06037212202,Wilshire,1,2021,1,7,-85.7
06037212203,Wilshire,10,2021,3,1,200.0
06037212303,Wilshire,10,2021,2,1,100.0
06037212304,Wilshire,10,2021,19,5,280.0
06037212305,Wilshire,10,2021,26,6,333.3
06037212306,Wilshire,10,2021,6,10,-40.0
06037212410,Wilshire,10,2021,4,11,-63.6
06037212420,Wilshire,10,2021,10,9,11.1
06037212502,Wilshire,10,2021,7,6,16.7
06037212610,Wilshire,4,2021,24,11,118.2
06037212620,Wilshire,4,2021,18,26,-30.8
06037212701,Wilshire,5,2021,26,22,18.2
06037212702,Wilshire,5,2021,45,40,12.5
06037212800,Wilshire,10,2021,43,45,-4.4
06037212900,Wilshire,10,2021,16,15,6.7
06037213100,Wilshire,10,2021,32,20,60.0
06037213201,Wilshire,10,2021,11,13,-15.4
06037213202,Wilshire,10,2021,39,22,77.3
06037213310,Wilshire,1,2021,23,36,-36.1
06037213320,Wilshire,10,2021,14,10,40.0
06037213401,Wilshire,1,2021,7,8,-12.5
06037213402,Wilshire,1,2021,33,17,94.1
06037214000,Wilshire,5,2021,51,50,2.0
06037214100,Wilshire,5,2021,71,51,39.2
06037214400,Wilshire,5,2021,21,13,61.5
06037214501,Wilshire,5,2021,16,5,220.0
06037214600,Wilshire,5,2021,65,48,35.4
06037214700,Wilshire,5,2021,48,50,-4.0
06037214800,Wilshire,5,2021,38,53,-28.3
06037214902,Wilshire,5,2021,22,24,-8.3
06037215101,Wilshire,5,2021,11,9,22.2
06037215102,Wilshire,5,2021,1,2,-50.0
06037216100,Wilshire,10,2021,47,42,11.9
06037216401,Wilshire,5,2021,37,38,-2.6
06037216402,Wilshire,5,2021,23,25,-8.0
06037216700,Wilshire,10,2021,88,74,18.9
06037216800,Wilshire,5,2021,49,48,2.1
06037217001,Wilshire,5,2021,54,48,12.5
06037217002,Wilshire,5,2021,121,70,72.9
06037217200,Wilshire,10,2021,43,45,-4.4
06037218110,West Adams - Baldwin Hills - Leimert,10,2021,14,25,-44.0
06037218120,West Adams - Baldwin Hills - Leimert,10,2021,36,39,-7.7
06037218210,West Adams - Baldwin Hills - Leimert,10,2021,32,49,-34.7
06037218220,West Adams - Baldwin Hills - Leimert,10,2021,74,69,7.2
06037218300,West Adams - Baldwin Hills - Leimert,10,2021,105,60,75.0
06037218400,West Adams - Baldwin Hills - Leimert,10,2021,85,68,25.0
06037218500,West Adams - Baldwin Hills - Leimert,10,2021,17,29,-41.4
06037218600,West Adams - Baldwin Hills - Leimert,10,2021,41,44,-6.8
06037218701,West Adams - Baldwin Hills - Leimert,10,2021,58,27,114.8
06037218702,West Adams - Baldwin Hills - Leimert,10,2021,20,24,-16.7
06037218800,West Adams - Baldwin Hills - Leimert,10,2021,31,24,29.2
06037218900,West Adams - Baldwin Hills - Leimert,10,2021,31,32,-3.1
06037219010,West Adams - Baldwin Hills - Leimert,10,2021,37,24,54.2
06037219020,West Adams - Baldwin Hills - Leimert,10,2021,60,34,76.5
06037219300,West Adams - Baldwin Hills - Leimert,10,2021,55,41,34.1
06037219500,West Adams - Baldwin Hills - Leimert,10,2021,71,43,65.1
06037219700,West Adams - Baldwin Hills - Leimert,10,2021,56,60,-6.7
06037219800,West Adams - Baldwin Hills - Leimert,10,2021,43,55,-21.8
06037219901,West Adams - Baldwin Hills - Leimert,10,2021,34,48,-29.2
06037219902,West Adams - Baldwin Hills - Leimert,10,2021,49,47,4.3
06037220000,West Adams - Baldwin Hills - Leimert,10,2021,110,112,-1.8
06037220100,West Adams - Baldwin Hills - Leimert,10,2021,37,46,-19.6
06037221110,South Los Angeles,1,2021,14,9,55.6
06037221120,South Los Angeles,1,2021,9,9,0.0
06037221210,South Los Angeles,10,2021,16,10,60.0
06037221220,South Los Angeles,1,2021,19,28,-32.1
06037221302,South Los Angeles,10,2021,44,33,33.3
06037221303,South Los Angeles,10,2021,14,13,7.7
06037221304,South Los Angeles,10,2021,8,15,-46.7
06037221401,South Los Angeles,10,2021,20,18,11.1
06037221402,South Los Angeles,10,2021,21,14,50.0
06037221500,South Los Angeles,8,2021,28,24,16.7
06037221601,South Los Angeles,8,2021,22,13,69.2
06037221602,South Los Angeles,1,2021,18,13,38.5
06037221710,South Los Angeles,8,2021,19,39,-51.3
06037221810,South Los Angeles,8,2021,19,11,72.7
06037221820,South Los Angeles,9,2021,39,10,290.0
06037221900,South Los Angeles,9,2021,37,25,48.0
06037222001,South Los Angeles,10,2021,32,42,-23.8
06037222002,South Los Angeles,8,2021,30,42,-28.6
06037222100,South Los Angeles,8,2021,19,21,-9.5
06037222200,South Los Angeles,8,2021,18,43,-58.1
06037222500,South Los Angeles,8,2021,52,61,-14.8
06037222600,South Los Angeles,8,2021,71,55,29.1
06037224010,Central City,14,2021,3,1,200.0
06037224020,Southeast Los Angeles,9,2021,14,10,40.0
06037224200,Westlake,1,2021,7,10,-30.0
06037224310,Westlake,1,2021,7,1,600.0
06037224320,Westlake,1,2021,7,7,0.0
06037224410,South Los Angeles,1,2021,29,30,-3.3
06037224420,South Los Angeles,1,2021,7,9,-22.2
06037224600,Southeast Los Angeles,9,2021,11,10,10.0
06037226001,Southeast Los Angeles,9,2021,12,6,100.0
06037226002,Central City,14,2021,2,1,100.0
06037226410,Southeast Los Angeles,9,2021,7,1,600.0
06037226420,Southeast Los Angeles,9,2021,17,8,112.5
06037227010,Southeast Los Angeles,9,2021,8,9,-11.1
06037227020,Southeast Los Angeles,9,2021,9,4,125.0
06037228100,Southeast Los Angeles,9,2021,13,25,-48.0
06037228210,Southeast Los Angeles,9,2021,6,7,-14.3
06037228220,Southeast Los Angeles,9,2021,9,17,-47.1
06037228310,Southeast Los Angeles,9,2021,11,8,37.5
06037228320,Southeast Los Angeles,9,2021,8,8,0.0
06037228410,Southeast Los Angeles,9,2021,5,9,-44.4
06037228420,Southeast Los Angeles,9,2021,9,13,-30.8
06037228500,Southeast Los Angeles,9,2021,22,13,69.2
06037228600,Southeast Los Angeles,9,2021,12,11,9.1
06037228710,Southeast Los Angeles,9,2021,9,15,-40.0
06037228720,Southeast Los Angeles,9,2021,15,6,150.0
06037228800,Southeast Los Angeles,9,2021,9,9,0.0
06037228900,Southeast Los Angeles,9,2021,10,1,900.0
06037229100,Southeast Los Angeles,9,2021,12,19,-36.8
06037229200,Southeast Los Angeles,9,2021,9,10,-10.0
06037229300,Southeast Los Angeles,9,2021,15,15,0.0
06037229410,Southeast Los Angeles,9,2021,10,7,42.9
06037229420,Southeast Los Angeles,9,2021,8,4,100.0
06037231100,Southeast Los Angeles,9,2021,10,10,0.0
06037231210,South Los Angeles,8,2021,19,42,-54.8
06037231220,South Los Angeles,9,2021,16,17,-5.9
06037231400,South Los Angeles,8,2021,43,40,7.5
06037231500,South Los Angeles,8,2021,63,58,8.6
06037231710,South Los Angeles,9,2021,10,10,0.0
06037231720,South Los Angeles,9,2021,21,19,10.5
06037231800,Southeast Los Angeles,9,2021,14,15,-6.7
06037232110,South Los Angeles,9,2021,13,10,30.0
06037232120,South Los Angeles,9,2021,35,39,-10.3
06037232200,South Los Angeles,9,2021,23,18,27.8
06037232300,South Los Angeles,9,2021,49,28,75.0
06037232500,South Los Angeles,8,2021,29,25,16.0
06037232800,Southeast Los Angeles,9,2021,10,15,-33.3
06037234200,West Adams - Baldwin Hills - Leimert,10,2021,85,71,19.7
06037234501,West Adams - Baldwin Hills - Leimert,8,2021,47,35,34.3
06037234502,West Adams - Baldwin Hills - Leimert,8,2021,41,34,20.6
06037234600,West Adams - Baldwin Hills - Leimert,8,2021,119,71,67.6
06037234700,West Adams - Baldwin Hills - Leimert,8,2021,49,37,32.4
06037234800,West Adams - Baldwin Hills - Leimert,8,2021,58,58,0.0
06037234901,West Adams - Baldwin Hills - Leimert,8,2021,8,15,-46.7
06037234902,West Adams - Baldwin Hills - Leimert,8,2021,41,47,-12.8
06037235100,West Adams - Baldwin Hills - Leimert,8,2021,102,125,-18.4
06037235201,West Adams - Baldwin Hills - Leimert,8,2021,55,46,19.6
06037235202,West Adams - Baldwin Hills - Leimert,8,2021,52,33,57.6
06037236203,West Adams - Baldwin Hills - Leimert,10,2021,7,14,-50.0
06037236204,West Adams - Baldwin Hills - Leimert,10,2021,7,25,-72.0
06037236400,West Adams - Baldwin Hills - Leimert,8,2021,77,60,28.3
06037237101,South Los Angeles,9,2021,11,19,-42.1
06037237102,South Los Angeles,9,2021,14,6,133.3
06037237201,South Los Angeles,9,2021,16,27,-40.7
06037237202,South Los Angeles,8,2021,20,27,-25.9
06037237300,South Los Angeles,8,2021,51,59,-13.6
06037237401,South Los Angeles,8,2021,28,15,86.7
06037237402,South Los Angeles,8,2021,32,28,14.3
06037237500,South Los Angeles,8,2021,11,24,-54.2
06037237600,South Los Angeles,8,2021,16,9,77.8
06037237710,South Los Angeles,8,2021,24,33,-27.3
06037237720,South Los Angeles,8,2021,16,17,-5.9
06037237800,South Los Angeles,8,2021,48,37,29.7
06037237900,South Los Angeles,8,2021,62,58,6.9
06037238000,South Los Angeles,8,2021,101,81,24.7
06037238100,South Los Angeles,8,2021,71,55,29.1
06037238200,South Los Angeles,8,2021,54,46,17.4
06037238310,South Los Angeles,8,2021,20,27,-25.9
06037238320,South Los Angeles,8,2021,9,12,-25.0
06037238400,South Los Angeles,8,2021,70,65,7.7
06037239201,Southeast Los Angeles,9,2021,6,3,100.0
06037239202,Southeast Los Angeles,9,2021,17,30,-43.3
06037239310,Southeast Los Angeles,9,2021,9,16,-43.8
06037239320,Southeast Los Angeles,9,2021,7,7,0.0
06037239330,Southeast Los Angeles,9,2021,6,9,-33.3
06037239501,Southeast Los Angeles,9,2021,11,8,37.5
06037239502,Southeast Los Angeles,9,2021,7,14,-50.0
06037239601,Southeast Los Angeles,9,2021,8,12,-33.3
06037239602,Southeast Los Angeles,9,2021,10,10,0.0
06037239701,Southeast Los Angeles,9,2021,9,18,-50.0
06037239702,Southeast Los Angeles,9,2021,15,17,-11.8
06037239801,Southeast Los Angeles,9,2021,20,9,122.2
06037239802,Southeast Los Angeles,9,2021,22,22,0.0
06037240010,Southeast Los Angeles,9,2021,20,13,53.8
06037240020,Southeast Los Angeles,9,2021,32,30,6.7
06037240200,Southeast Los Angeles,8,2021,18,13,38.5
06037240401,South Los Angeles,8,2021,29,19,52.6
06037240402,South Los Angeles,8,2021,14,26,-46.2
06037240500,Southeast Los Angeles,8,2021,27,24,12.5
06037240600,Southeast Los Angeles,8,2021,25,18,38.9
06037240700,Southeast Los Angeles,8,2021,23,24,-4.2
06037240800,Southeast Los Angeles,8,2021,16,13,23.1
06037241001,Southeast Los Angeles,15,2021,18,40,-55.0
06037241002,Southeast Los Angeles,15,2021,39,33,18.2
06037241110,Southeast Los Angeles,8,2021,16,18,-11.1
06037241120,Southeast Los Angeles,8,2021,27,23,17.4
06037241201,South Los Angeles,8,2021,27,32,-15.6
06037241202,South Los Angeles,8,2021,33,30,10.0
06037241300,South Los Angeles,15,2021,15,14,7.1
06037241400,Southeast Los Angeles,15,2021,28,13,115.4
06037242000,Southeast Los Angeles,15,2021,16,11,45.5
06037242100,Southeast Los Angeles,15,2021,29,25,16.0
06037242300,Southeast Los Angeles,15,2021,17,33,-48.5
06037242600,Southeast Los Angeles,15,2021,1,2,-50.0
06037242700,Southeast Los Angeles,15,2021,24,21,14.3
06037243100,Southeast Los Angeles,15,2021,22,14,57.1
06037261102,Bel Air - Beverly Crest,5,2021,171,169,1.2
06037261200,Bel Air - Beverly Crest,5,2021,107,93,15.1
06037262100,Bel Air - Beverly Crest,5,2021,189,190,-0.5
06037262200,Bel Air - Beverly Crest,5,2021,166,147,12.9
06037262301,Brentwood - Pacific Palisades,11,2021,75,89,-15.7
06037262302,Brentwood - Pacific Palisades,11,2021,92,97,-5.2
06037262303,Brentwood - Pacific Palisades,11,2021,125,109,14.7
06037262400,Brentwood - Pacific Palisades,11,2021,95,81,17.3
06037262501,Brentwood - Pacific Palisades,11,2021,76,99,-23.2
06037262601,Brentwood - Pacific Palisades,11,2021,90,86,4.7
06037262604,Brentwood - Pacific Palisades,11,2021,168,172,-2.3
06037262704,Brentwood - Pacific Palisades,11,2021,64,59,8.5
06037262706,Brentwood - Pacific Palisades,11,2021,141,75,88.0
06037262802,Brentwood - Pacific Palisades,11,2021,108,87,24.1
06037264000,Brentwood - Pacific Palisades,11,2021,89,88,1.1
06037264102,Brentwood - Pacific Palisades,11,2021,39,51,-23.5
06037264103,Brentwood - Pacific Palisades,11,2021,29,30,-3.3
06037265100,Westwood,5,2021,93,72,29.2
06037265201,Westwood,5,2021,39,32,21.9
06037265303,Westwood,5,2021,6,6,0.0
06037265304,Westwood,5,2021,9,10,-10.0
06037265410,Brentwood - Pacific Palisades,11,2021,40,34,17.6
06037265420,Westwood,5,2021,117,80,46.3
06037265601,Westwood,5,2021,32,40,-20.0
06037265602,Westwood,5,2021,46,42,9.5
06037267300,West Los Angeles,11,2021,30,27,11.1
06037267403,West Los Angeles,11,2021,33,34,-2.9
06037267404,West Los Angeles,11,2021,16,15,6.7
06037267502,West Los Angeles,11,2021,45,52,-13.5
06037267600,West Los Angeles,11,2021,49,40,22.5
06037267700,West Los Angeles,11,2021,24,48,-50.0
06037267800,West Los Angeles,5,2021,64,56,14.3
06037267901,West Los Angeles,5,2021,111,54,105.6
06037267902,West Los Angeles,5,2021,78,58,34.5
06037269000,West Los Angeles,5,2021,78,80,-2.5
06037269100,West Los Angeles,5,2021,69,67,3.0
06037269300,West Los Angeles,5,2021,98,75,30.7
06037269500,West Los Angeles,5,2021,114,95,20.0
06037269601,West Adams - Baldwin Hills - Leimert,10,2021,29,40,-27.5
06037269602,West Adams - Baldwin Hills - Leimert,10,2021,31,28,10.7
06037269700,West Adams - Baldwin Hills - Leimert,10,2021,52,90,-42.2
06037269800,West Los Angeles,5,2021,43,39,10.3
06037269903,Palms - Mar Vista - Del Rey,5,2021,26,54,-51.9
06037269905,Palms - Mar Vista - Del Rey,5,2021,20,17,17.6
06037269906,Palms - Mar Vista - Del Rey,5,2021,18,17,5.9
06037269907,Palms - Mar Vista - Del Rey,5,2021,13,53,-75.5
06037270200,West Adams - Baldwin Hills - Leimert,10,2021,57,62,-8.1
06037270300,West Adams - Baldwin Hills - Leimert,10,2021,53,71,-25.4
06037271100,West Los Angeles,5,2021,47,52,-9.6
06037271200,Palms - Mar Vista - Del Rey,11,2021,33,36,-8.3
06037271300,Palms - Mar Vista - Del Rey,11,2021,108,79,36.7
06037271400,Palms - Mar Vista - Del Rey,11,2021,72,96,-25.0
06037271500,Palms - Mar Vista - Del Rey,11,2021,63,50,26.0
06037271600,Palms - Mar Vista - Del Rey,11,2021,42,48,-12.5
06037271702,Palms - Mar Vista - Del Rey,5,2021,36,45,-20.0
06037271801,Palms - Mar Vista - Del Rey,5,2021,22,32,-31.3
06037271901,Palms - Mar Vista - Del Rey,11,2021,45,29,55.2
06037271902,Palms - Mar Vista - Del Rey,11,2021,74,61,21.3
06037272100,Palms - Mar Vista - Del Rey,11,2021,95,87,9.2
06037272201,Palms - Mar Vista - Del Rey,11,2021,41,28,46.4
06037272202,Palms - Mar Vista - Del Rey,11,2021,39,33,18.2
06037272301,Palms - Mar Vista - Del Rey,11,2021,37,37,0.0
06037272302,Palms - Mar Vista - Del Rey,11,2021,40,47,-14.9
06037273100,Venice,11,2021,68,55,23.6
06037273200,Venice,11,2021,65,37,75.7
06037273300,Venice,11,2021,22,43,-48.8
06037273502,Venice,11,2021,29,43,-32.6
06037273600,Venice,11,2021,54,33,63.6
06037273700,Venice,11,2021,76,44,72.7
06037273800,Venice,11,2021,40,42,-4.8
06037273902,Venice,11,2021,58,70,-17.1
06037274100,Venice,11,2021,54,34,58.8
06037274202,Venice,11,2021,94,92,2.2
06037275101,Palms - Mar Vista - Del Rey,11,2021,19,16,18.8
06037275102,Palms - Mar Vista - Del Rey,11,2021,56,51,9.8
06037275200,Palms - Mar Vista - Del Rey,11,2021,40,34,17.6
06037275311,Palms - Mar Vista - Del Rey,11,2021,81,76,6.6
06037275400,Palms - Mar Vista - Del Rey,11,2021,54,69,-21.7
06037275500,Palms - Mar Vista - Del Rey,11,2021,40,53,-24.5
06037275603,Palms - Mar Vista - Del Rey,11,2021,48,47,2.1
06037276000,Westchester - Playa del Rey,11,2021,162,111,45.9
06037276400,Westchester - Playa del Rey,11,2021,96,98,-2.0
06037276500,Westchester - Playa del Rey,11,2021,46,25,84.0
06037276601,Westchester - Playa del Rey,11,2021,86,85,1.2
06037277000,Westchester - Playa del Rey,11,2021,145,114,27.2
06037277100,Westchester - Playa del Rey,11,2021,61,68,-10.3
06037277200,Westchester - Playa del Rey,11,2021,4,8,-50.0
06037278001,Westchester - Playa del Rey,11,2021,51,33,54.5
06037278102,Westchester - Playa del Rey,11,2021,50,47,6.4
06037291110,Harbor Gateway,15,2021,22,17,29.4
06037291120,Harbor Gateway,15,2021,7,9,-22.2
06037291130,Harbor Gateway,15,2021,25,23,8.7
06037291210,Harbor Gateway,15,2021,33,24,37.5
06037291220,Harbor Gateway,15,2021,23,14,64.3
06037291300,Harbor Gateway,15,2021,30,32,-6.3
06037293301,Wilmington - Harbor City,15,2021,44,22,100.0
06037293302,Wilmington - Harbor City,15,2021,44,37,18.9
06037293304,Wilmington - Harbor City,15,2021,33,19,73.7
06037293306,Wilmington - Harbor City,15,2021,14,16,-12.5
06037293307,Wilmington - Harbor City,15,2021,9,13,-30.8
06037294110,Wilmington - Harbor City,15,2021,24,16,50.0
06037294120,Wilmington - Harbor City,15,2021,8,6,33.3
06037294200,Wilmington - Harbor City,15,2021,36,21,71.4
06037294301,Wilmington - Harbor City,15,2021,24,23,4.3
06037294302,Wilmington - Harbor City,15,2021,19,12,58.3
06037294410,Wilmington - Harbor City,15,2021,4,10,-60.0
06037294421,Wilmington - Harbor City,15,2021,11,16,-31.3
06037294510,Wilmington - Harbor City,15,2021,18,13,38.5
06037294520,Wilmington - Harbor City,15,2021,7,7,0.0
06037294610,Wilmington - Harbor City,15,2021,11,15,-26.7
06037294620,Wilmington - Harbor City,15,2021,9,14,-35.7
06037294810,Wilmington - Harbor City,15,2021,9,11,-18.2
06037294820,Wilmington - Harbor City,15,2021,9,11,-18.2
06037294830,Wilmington - Harbor City,15,2021,4,15,-73.3
06037294900,Wilmington - Harbor City,15,2021,7,9,-22.2
06037295103,San Pedro,15,2021,32,36,-11.1
06037296210,San Pedro,15,2021,9,6,50.0
06037296220,San Pedro,15,2021,4,7,-42.9
06037296300,San Pedro,15,2021,35,43,-18.6
06037296401,San Pedro,15,2021,28,30,-6.7
06037296402,San Pedro,15,2021,44,31,41.9
06037296500,San Pedro,15,2021,21,28,-25.0
06037296600,San Pedro,15,2021,28,23,21.7
06037296901,San Pedro,15,2021,25,15,66.7
06037296902,San Pedro,15,2021,21,34,-38.2
06037297110,San Pedro,15,2021,17,15,13.3
06037297120,San Pedro,15,2021,24,25,-4.0
06037297201,San Pedro,15,2021,29,34,-14.7
06037297202,San Pedro,15,2021,40,35,14.3
06037297300,San Pedro,15,2021,17,21,-19.0
06037297400,San Pedro,15,2021,60,57,5.3
06037297601,San Pedro,15,2021,19,19,0.0
06037297602,San Pedro,15,2021,58,32,81.3
06037320201,,7,2021,1,,
06037800204,Canoga Park-West Hills-Winnetka-Woodland Hills,3,2021,51,35,45.7
06037980015,Wilmington - Harbor City,15,2021,153,22,595.5
06037980019,Brentwood - Pacific Palisades,11,2021,1,1,0.0
06037980024,Encino - Tarzana,6,2021,3,2,50.0
06037101110,Sunland-E LaTuna Cyn-Lakevw Ter-Shadow Hls-Tujunga,7,2022,76,54,40.7
06037101122,Sunland-E LaTuna Cyn-Lakevw Ter-Shadow Hls-Tujunga,7,2022,69,40,72.5
06037101220,Sunland-E LaTuna Cyn-Lakevw Ter-Shadow Hls-Tujunga,7,2022,27,18,50.0
06037101221,Sunland-E LaTuna Cyn-Lakevw Ter-Shadow Hls-Tujunga,7,2022,3,,
06037101222,Sunland-E LaTuna Cyn-Lakevw Ter-Shadow Hls-Tujunga,7,2022,1,,
06037101300,Sunland-E LaTuna Cyn-Lakevw Ter-Shadow Hls-Tujunga,7,2022,64,61,4.9
06037101400,Sunland-E LaTuna Cyn-Lakevw Ter-Shadow Hls-Tujunga,7,2022,49,59,-16.9
06037102103,Sun Valley - La Tuna Canyon,2,2022,41,24,70.8
06037102104,Sun Valley - La Tuna Canyon,2,2022,22,27,-18.5
06037102105,Sun Valley - La Tuna Canyon,2,2022,31,20,55.0
06037102107,Sun Valley - La Tuna Canyon,7,2022,33,38,-13.2
06037103101,Sunland-E LaTuna Cyn-Lakevw Ter-Shadow Hls-Tujunga,7,2022,48,48,0.0
06037103102,Sunland-E LaTuna Cyn-Lakevw Ter-Shadow Hls-Tujunga,7,2022,67,77,-13.0
06037103201,Sunland-E LaTuna Cyn-Lakevw Ter-Shadow Hls-Tujunga,7,2022,12,,
06037103202,Sunland-E LaTuna Cyn-Lakevw Ter-Shadow Hls-Tujunga,7,2022,5,,
06037103300,Sunland-E LaTuna Cyn-Lakevw Ter-Shadow Hls-Tujunga,7,2022,59,65,-9.2
06037103401,Sunland-E LaTuna Cyn-Lakevw Ter-Shadow Hls-Tujunga,7,2022,8,,
06037103402,Sunland-E LaTuna Cyn-Lakevw Ter-Shadow Hls-Tujunga,7,2022,13,,
06037104103,Sunland-E LaTuna Cyn-Lakevw Ter-Shadow Hls-Tujunga,7,2022,26,38,-31.6
06037104105,Arleta - Pacoima,7,2022,3,9,-66.7
06037104108,Arleta - Pacoima,7,2022,14,22,-36.4
06037104124,Sunland-E LaTuna Cyn-Lakevw Ter-Shadow Hls-Tujunga,7,2022,40,37,8.1
06037104201,Arleta - Pacoima,7,2022,33,23,43.5
06037104203,Arleta - Pacoima,7,2022,24,19,26.3
06037104204,Arleta - Pacoima,7,2022,14,20,-30.0
06037104310,Arleta - Pacoima,7,2022,27,19,42.1
06037104321,Arleta - Pacoima,7,2022,6,,
06037104322,Arleta - Pacoima,7,2022,2,,
06037104401,Arleta - Pacoima,7,2022,25,21,19.0
06037104403,Arleta - Pacoima,7,2022,15,8,87.5
06037104404,Arleta - Pacoima,7,2022,12,24,-50.0
06037104500,Arleta - Pacoima,7,2022,14,23,-39.1
06037104610,Arleta - Pacoima,7,2022,16,7,128.6
06037104620,Arleta - Pacoima,7,2022,21,9,133.3
06037104701,Arleta - Pacoima,7,2022,21,19,10.5
06037104703,Arleta - Pacoima,7,2022,6,3,100.0
06037104704,Arleta - Pacoima,7,2022,11,11,0.0
06037104821,Arleta - Pacoima,7,2022,11,22,-50.0
06037104822,Arleta - Pacoima,7,2022,10,10,0.0
06037104823,Arleta - Pacoima,7,2022,5,,
06037104824,Arleta - Pacoima,7,2022,3,,
06037106010,Sylmar,7,2022,33,48,-31.3
06037106020,Sylmar,7,2022,72,58,24.1
06037106111,Sylmar,7,2022,41,56,-26.8
06037106112,Sylmar,7,2022,54,46,17.4
06037106113,Sylmar,7,2022,40,31,29.0
06037106114,Sylmar,7,2022,21,31,-32.3
06037106403,Sylmar,7,2022,34,44,-22.7
06037106405,Sylmar,7,2022,21,13,61.5
06037106406,Sylmar,7,2022,56,50,12.0
06037106407,Sylmar,7,2022,6,8,-25.0
06037106408,Sylmar,7,2022,3,5,-40.0
06037106510,Sylmar,7,2022,31,32,-3.1
06037106520,Sylmar,7,2022,32,33,-3.0
06037106603,Granada Hills - Knollwood,12,2022,52,32,62.5
06037106604,Sylmar,7,2022,35,26,34.6
06037106641,Granada Hills - Knollwood,12,2022,41,26,57.7
06037106642,Granada Hills - Knollwood,12,2022,50,76,-34.2
06037106643,Granada Hills - Knollwood,12,2022,73,40,82.5
06037106645,Granada Hills - Knollwood,12,2022,72,60,20.0
06037106646,Granada Hills - Knollwood,12,2022,47,57,-17.5
06037106648,Sylmar,7,2022,33,13,153.8
06037106649,Sylmar,7,2022,38,34,11.8
06037107010,Sylmar,7,2022,28,25,12.0
06037107020,Sylmar,7,2022,39,59,-33.9
06037108101,Chatsworth - Porter Ranch,12,2022,32,20,60.0
06037108102,Chatsworth - Porter Ranch,12,2022,71,42,69.0
06037108103,Chatsworth - Porter Ranch,12,2022,36,43,-16.3
06037108104,Chatsworth - Porter Ranch,12,2022,22,15,46.7
06037108202,Chatsworth - Porter Ranch,12,2022,405,645,-37.2
06037108203,Chatsworth - Porter Ranch,12,2022,3,,
06037108204,Chatsworth - Porter Ranch,12,2022,1,,
06037109100,Mission Hills - Panorama City - North Hills,7,2022,25,36,-30.6
06037109200,Granada Hills - Knollwood,12,2022,52,45,15.6
06037109300,Granada Hills - Knollwood,12,2022,57,38,50.0
06037109400,Mission Hills - Panorama City - North Hills,7,2022,39,39,0.0
06037109500,Arleta - Pacoima,7,2022,38,15,153.3
06037109601,Mission Hills - Panorama City - North Hills,7,2022,53,64,-17.2
06037109603,Mission Hills - Panorama City - North Hills,7,2022,49,42,16.7
06037109604,Mission Hills - Panorama City - North Hills,7,2022,39,31,25.8
06037109700,Granada Hills - Knollwood,12,2022,88,67,31.3
06037109800,Granada Hills - Knollwood,12,2022,70,77,-9.1
06037111100,Granada Hills - Knollwood,12,2022,47,51,-7.8
06037111201,Granada Hills - Knollwood,12,2022,76,50,52.0
06037111202,Granada Hills - Knollwood,12,2022,92,67,37.3
06037111204,Northridge,12,2022,86,74,16.2
06037111205,Northridge,12,2022,29,24,20.8
06037111206,Northridge,12,2022,96,70,37.1
06037111302,Northridge,12,2022,61,67,-9.0
06037111303,Granada Hills - Knollwood,12,2022,8,,
06037111304,Granada Hills - Knollwood,12,2022,4,,
06037111401,Granada Hills - Knollwood,12,2022,11,,
06037111402,Granada Hills - Knollwood,12,2022,24,,
06037113101,Chatsworth - Porter Ranch,12,2022,68,40,70.0
06037113102,Chatsworth - Porter Ranch,12,2022,78,73,6.8
06037113211,Chatsworth - Porter Ranch,12,2022,41,56,-26.8
06037113212,Chatsworth - Porter Ranch,12,2022,17,23,-26.1
06037113213,Chatsworth - Porter Ranch,12,2022,44,64,-31.3
06037113231,Chatsworth - Porter Ranch,12,2022,32,43,-25.6
06037113232,Chatsworth - Porter Ranch,12,2022,77,75,2.7
06037113234,Chatsworth - Porter Ranch,3,2022,25,21,19.0
06037113237,Chatsworth - Porter Ranch,12,2022,25,28,-10.7
06037113238,Chatsworth - Porter Ranch,3,2022,7,,
06037113239,Chatsworth - Porter Ranch,3,2022,1,,
06037113301,Chatsworth - Porter Ranch,12,2022,26,38,-31.6
06037113303,Chatsworth - Porter Ranch,12,2022,65,58,12.1
06037113322,Chatsworth - Porter Ranch,12,2022,67,62,8.1
06037113323,Chatsworth - Porter Ranch,12,2022,5,,
06037113423,Chatsworth - Porter Ranch,3,2022,5,,
06037113424,Chatsworth - Porter Ranch,12,2022,15,,
06037113426,Chatsworth - Porter Ranch,3,2022,6,,
06037113427,Chatsworth - Porter Ranch,3,2022,3,,
06037113428,Chatsworth - Porter Ranch,3,2022,14,,
06037115101,Northridge,12,2022,107,90,18.9
06037115104,Northridge,12,2022,36,39,-7.7
06037115202,Northridge,12,2022,84,55,52.7
06037115204,Northridge,12,2022,11,,
06037115301,Northridge,12,2022,41,45,-8.9
06037115302,Northridge,12,2022,26,51,-49.0
06037115401,Northridge,12,2022,67,40,67.5
06037115403,Northridge,12,2022,19,29,-34.5
06037115404,Northridge,12,2022,18,28,-35.7
06037117101,Mission Hills - Panorama City - North Hills,7,2022,19,15,26.7
06037117102,Mission Hills - Panorama City - North Hills,7,2022,32,25,28.0
06037117201,Mission Hills - Panorama City - North Hills,7,2022,26,25,4.0
06037117202,Mission Hills - Panorama City - North Hills,12,2022,27,41,-34.1
06037117301,Mission Hills - Panorama City - North Hills,12,2022,52,76,-31.6
06037117302,Northridge,12,2022,74,75,-1.3
06037117303,Mission Hills - Panorama City - North Hills,12,2022,44,64,-31.3
06037117404,Mission Hills - Panorama City - North Hills,12,2022,68,72,-5.6
06037117405,Mission Hills - Panorama City - North Hills,7,2022,6,3,100.0
06037117407,Mission Hills - Panorama City - North Hills,6,2022,6,9,-33.3
06037117408,Mission Hills - Panorama City - North Hills,6,2022,9,3,200.0
06037117510,Mission Hills - Panorama City - North Hills,7,2022,3,25,-88.0
06037117520,Mission Hills - Panorama City - North Hills,6,2022,6,7,-14.3
06037117530,Mission Hills - Panorama City - North Hills,6,2022,4,9,-55.6
06037119001,Sun Valley - La Tuna Canyon,6,2022,34,19,78.9
06037119003,Arleta - Pacoima,6,2022,5,,
06037119004,Arleta - Pacoima,6,2022,4,,
06037119201,Arleta - Pacoima,6,2022,30,31,-3.2
06037119202,Arleta - Pacoima,6,2022,34,39,-12.8
06037119310,Mission Hills - Panorama City - North Hills,6,2022,26,93,-72.0
06037119320,Mission Hills - Panorama City - North Hills,6,2022,40,22,81.8
06037119340,Mission Hills - Panorama City - North Hills,6,2022,1,4,-75.0
06037119341,Mission Hills - Panorama City - North Hills,6,2022,9,53,-83.0
06037119342,Mission Hills - Panorama City - North Hills,6,2022,6,14,-57.1
06037119400,Arleta - Pacoima,6,2022,56,44,27.3
06037119700,Mission Hills - Panorama City - North Hills,6,2022,65,56,16.1
06037119801,Arleta - Pacoima,6,2022,3,,
06037119802,Arleta - Pacoima,6,2022,7,,
06037119900,Mission Hills - Panorama City - North Hills,6,2022,70,50,40.0
06037120010,Mission Hills - Panorama City - North Hills,6,2022,22,26,-15.4
06037120020,Mission Hills - Panorama City - North Hills,6,2022,18,12,50.0
06037120030,Mission Hills - Panorama City - North Hills,6,2022,5,5,0.0
06037120103,Mission Hills - Panorama City - North Hills,6,2022,6,3,100.0
06037120104,Mission Hills - Panorama City - North Hills,6,2022,11,2,450.0
06037120105,Mission Hills - Panorama City - North Hills,6,2022,15,7,114.3
06037120106,Mission Hills - Panorama City - North Hills,6,2022,10,9,11.1
06037120107,Mission Hills - Panorama City - North Hills,6,2022,7,6,16.7
06037120108,Mission Hills - Panorama City - North Hills,6,2022,8,16,-50.0
06037120300,Mission Hills - Panorama City - North Hills,6,2022,71,54,31.5
06037120400,Mission Hills - Panorama City - North Hills,6,2022,48,50,-4.0
06037121010,Sun Valley - La Tuna Canyon,2,2022,61,48,27.1
06037121020,Sun Valley - La Tuna Canyon,2,2022,46,35,31.4
06037121101,Sun Valley - La Tuna Canyon,6,2022,20,26,-23.1
06037121102,Sun Valley - La Tuna Canyon,6,2022,42,31,35.5
06037121210,Sun Valley - La Tuna Canyon,6,2022,24,38,-36.8
06037121221,Sun Valley - La Tuna Canyon,6,2022,16,8,100.0
06037121222,Sun Valley - La Tuna Canyon,6,2022,41,92,-55.4
06037121600,Sun Valley - La Tuna Canyon,2,2022,60,45,33.3
06037121801,Sun Valley - La Tuna Canyon,6,2022,43,23,87.0
06037121802,Sun Valley - La Tuna Canyon,6,2022,30,30,0.0
06037121900,Sun Valley - La Tuna Canyon,6,2022,50,24,108.3
06037122000,Sun Valley - La Tuna Canyon,2,2022,84,53,58.5
06037122120,Sun Valley - La Tuna Canyon,6,2022,37,41,-9.8
06037122121,Sun Valley - La Tuna Canyon,2,2022,18,17,5.9
06037122122,Sun Valley - La Tuna Canyon,6,2022,5,6,-16.7
06037122200,Sun Valley - La Tuna Canyon,2,2022,44,29,51.7
06037122410,Sun Valley - La Tuna Canyon,2,2022,12,17,-29.4
06037122420,Sun Valley - La Tuna Canyon,2,2022,50,30,66.7
06037123010,Sun Valley - La Tuna Canyon,2,2022,28,24,16.7
06037123020,Sun Valley - La Tuna Canyon,2,2022,23,22,4.5
06037123103,North Hollywood - Valley Village,2,2022,31,33,-6.1
06037123104,North Hollywood - Valley Village,2,2022,53,33,60.6
06037123203,North Hollywood - Valley Village,2,2022,25,14,78.6
06037123204,North Hollywood - Valley Village,2,2022,17,22,-22.7
06037123205,North Hollywood - Valley Village,2,2022,34,24,41.7
06037123206,North Hollywood - Valley Village,2,2022,10,23,-56.5
06037123301,North Hollywood - Valley Village,2,2022,17,29,-41.4
06037123303,North Hollywood - Valley Village,2,2022,44,30,46.7
06037123304,North Hollywood - Valley Village,2,2022,31,45,-31.1
06037123410,North Hollywood - Valley Village,2,2022,41,29,41.4
06037123420,North Hollywood - Valley Village,2,2022,39,31,25.8
06037123510,Van Nuys - North Sherman Oaks,2,2022,50,33,51.5
06037123520,Van Nuys - North Sherman Oaks,2,2022,34,23,47.8
06037123601,Van Nuys - North Sherman Oaks,2,2022,70,57,22.8
06037123602,Van Nuys - North Sherman Oaks,2,2022,66,36,83.3
06037123700,North Hollywood - Valley Village,2,2022,83,55,50.9
06037123800,North Hollywood - Valley Village,2,2022,81,80,1.3
06037123901,North Hollywood - Valley Village,2,2022,56,69,-18.8
06037123902,North Hollywood - Valley Village,2,2022,57,41,39.0
06037124000,North Hollywood - Valley Village,2,2022,111,97,14.4
06037124102,North Hollywood - Valley Village,2,2022,61,42,45.2
06037124103,North Hollywood - Valley Village,2,2022,34,13,161.5
06037124104,North Hollywood - Valley Village,2,2022,29,15,93.3
06037124105,North Hollywood - Valley Village,2,2022,31,17,82.4
06037124201,North Hollywood - Valley Village,2,2022,105,57,84.2
06037124203,North Hollywood - Valley Village,2,2022,48,31,54.8
06037124204,North Hollywood - Valley Village,2,2022,36,24,50.0
06037124300,North Hollywood - Valley Village,2,2022,48,40,20.0
06037124400,North Hollywood - Valley Village,2,2022,52,64,-18.8
06037124500,Van Nuys - North Sherman Oaks,4,2022,78,51,52.9
06037124600,Van Nuys - North Sherman Oaks,4,2022,101,114,-11.4
06037124700,Van Nuys - North Sherman Oaks,4,2022,89,66,34.8
06037124902,North Hollywood - Valley Village,2,2022,20,17,17.6
06037124903,North Hollywood - Valley Village,2,2022,33,11,200.0
06037125101,North Hollywood - Valley Village,2,2022,6,,
06037125102,North Hollywood - Valley Village,2,2022,11,,
06037125200,North Hollywood - Valley Village,2,2022,83,47,76.6
06037125310,North Hollywood - Valley Village,2,2022,48,44,9.1
06037125321,North Hollywood - Valley Village,2,2022,1,,
06037125322,North Hollywood - Valley Village,2,2022,2,,
06037125402,North Hollywood - Valley Village,2,2022,54,35,54.3
06037125403,North Hollywood - Valley Village,2,2022,3,,
06037125404,North Hollywood - Valley Village,2,2022,1,,
06037125501,North Hollywood - Valley Village,2,2022,53,58,-8.6
06037125502,North Hollywood - Valley Village,2,2022,53,38,39.5
06037125600,North Hollywood - Valley Village,2,2022,58,66,-12.1
06037127102,Van Nuys - North Sherman Oaks,2,2022,45,16,181.3
06037127103,Van Nuys - North Sherman Oaks,2,2022,20,43,-53.5
06037127104,Van Nuys - North Sherman Oaks,2,2022,52,46,13.0
06037127210,Van Nuys - North Sherman Oaks,6,2022,28,25,12.0
06037127220,Van Nuys - North Sherman Oaks,6,2022,35,31,12.9
06037127300,Van Nuys - North Sherman Oaks,6,2022,41,28,46.4
06037127400,Van Nuys - North Sherman Oaks,6,2022,62,33,87.9
06037127520,Reseda - West Van Nuys,6,2022,5,1,400.0
06037127603,Van Nuys - North Sherman Oaks,6,2022,25,28,-10.7
06037127604,Van Nuys - North Sherman Oaks,6,2022,16,19,-15.8
06037127605,Van Nuys - North Sherman Oaks,6,2022,15,10,50.0
06037127606,Van Nuys - North Sherman Oaks,6,2022,21,29,-27.6
06037127711,Van Nuys - North Sherman Oaks,6,2022,76,72,5.6
06037127712,Van Nuys - North Sherman Oaks,6,2022,21,21,0.0
06037127803,Van Nuys - North Sherman Oaks,6,2022,30,24,25.0
06037127804,Van Nuys - North Sherman Oaks,6,2022,33,31,6.5
06037127805,Van Nuys - North Sherman Oaks,6,2022,41,33,24.2
06037127806,Van Nuys - North Sherman Oaks,6,2022,24,30,-20.0
06037127910,Van Nuys - North Sherman Oaks,6,2022,20,18,11.1
06037127920,Van Nuys - North Sherman Oaks,2,2022,45,31,45.2
06037128101,Van Nuys - North Sherman Oaks,2,2022,61,34,79.4
06037128102,Van Nuys - North Sherman Oaks,2,2022,30,24,25.0
06037128210,Van Nuys - North Sherman Oaks,6,2022,21,17,23.5
06037128220,Van Nuys - North Sherman Oaks,2,2022,47,26,80.8
06037128302,Van Nuys - North Sherman Oaks,6,2022,32,26,23.1
06037128303,Van Nuys - North Sherman Oaks,6,2022,24,25,-4.0
06037128400,Van Nuys - North Sherman Oaks,4,2022,122,88,38.6
06037128500,Van Nuys - North Sherman Oaks,4,2022,75,67,11.9
06037128601,Van Nuys - North Sherman Oaks,4,2022,45,30,50.0
06037128602,Van Nuys - North Sherman Oaks,2,2022,106,85,24.7
06037128703,Van Nuys - North Sherman Oaks,4,2022,3,,
06037128704,Van Nuys - North Sherman Oaks,4,2022,15,,
06037128801,Van Nuys - North Sherman Oaks,4,2022,46,27,70.4
06037128802,Van Nuys - North Sherman Oaks,4,2022,74,69,7.2
06037128910,Van Nuys - North Sherman Oaks,4,2022,82,93,-11.8
06037131021,Reseda - West Van Nuys,4,2022,4,,
06037131022,Reseda - West Van Nuys,3,2022,3,,
06037131023,Reseda - West Van Nuys,3,2022,2,,
06037131024,Reseda - West Van Nuys,3,2022,8,,
06037131100,Reseda - West Van Nuys,6,2022,91,86,5.8
06037131200,Reseda - West Van Nuys,12,2022,82,79,3.8
06037131300,Reseda - West Van Nuys,4,2022,73,49,49.0
06037131400,Reseda - West Van Nuys,4,2022,58,67,-13.4
06037131600,Reseda - West Van Nuys,3,2022,70,65,7.7
06037131701,Reseda - West Van Nuys,3,2022,18,16,12.5
06037131702,Reseda - West Van Nuys,3,2022,32,39,-17.9
06037131801,Reseda - West Van Nuys,3,2022,3,,
06037131802,Reseda - West Van Nuys,4,2022,12,,
06037131900,Reseda - West Van Nuys,6,2022,89,63,41.3
06037132001,Reseda - West Van Nuys,6,2022,53,57,-7.0
06037132002,Reseda - West Van Nuys,6,2022,81,68,19.1
06037132101,Reseda - West Van Nuys,6,2022,57,60,-5.0
06037132102,Reseda - West Van Nuys,6,2022,54,43,25.6
06037132301,Reseda - West Van Nuys,4,2022,2,,
06037132302,Reseda - West Van Nuys,4,2022,9,,
06037132501,Reseda - West Van Nuys,3,2022,68,35,94.3
06037132502,Reseda - West Van Nuys,3,2022,32,12,166.7
06037132700,Reseda - West Van Nuys,4,2022,91,69,31.9
06037132900,Reseda - West Van Nuys,3,2022,71,75,-5.3
06037133000,Reseda - West Van Nuys,3,2022,61,86,-29.1
06037133101,Reseda - West Van Nuys,3,2022,10,,
06037133102,Reseda - West Van Nuys,3,2022,12,,
06037134001,Canoga Park-West Hills-Winnetka-Woodland Hills,3,2022,22,14,57.1
06037134002,Canoga Park-West Hills-Winnetka-Woodland Hills,3,2022,52,35,48.6
06037134101,Canoga Park-West Hills-Winnetka-Woodland Hills,3,2022,57,47,21.3
06037134103,Canoga Park-West Hills-Winnetka-Woodland Hills,3,2022,58,55,5.5
06037134104,Canoga Park-West Hills-Winnetka-Woodland Hills,3,2022,33,27,22.2
06037134201,Canoga Park-West Hills-Winnetka-Woodland Hills,3,2022,54,64,-15.6
06037134302,Canoga Park-West Hills-Winnetka-Woodland Hills,12,2022,59,61,-3.3
06037134303,Canoga Park-West Hills-Winnetka-Woodland Hills,3,2022,65,65,0.0
06037134304,Canoga Park-West Hills-Winnetka-Woodland Hills,3,2022,35,50,-30.0
06037134305,Canoga Park-West Hills-Winnetka-Woodland Hills,3,2022,6,4,50.0
06037134306,Canoga Park-West Hills-Winnetka-Woodland Hills,3,2022,29,13,123.1
06037134421,Canoga Park-West Hills-Winnetka-Woodland Hills,12,2022,79,86,-8.1
06037134422,Canoga Park-West Hills-Winnetka-Woodland Hills,12,2022,82,88,-6.8
06037134423,Canoga Park-West Hills-Winnetka-Woodland Hills,12,2022,70,69,1.4
06037134424,Canoga Park-West Hills-Winnetka-Woodland Hills,12,2022,55,41,34.1
06037134520,Canoga Park-West Hills-Winnetka-Woodland Hills,3,2022,16,20,-20.0
06037134521,Canoga Park-West Hills-Winnetka-Woodland Hills,3,2022,13,21,-38.1
06037134522,Canoga Park-West Hills-Winnetka-Woodland Hills,3,2022,35,25,40.0
06037134710,Canoga Park-West Hills-Winnetka-Woodland Hills,3,2022,24,32,-25.0
06037134720,Canoga Park-West Hills-Winnetka-Woodland Hills,3,2022,41,39,5.1
06037134801,Canoga Park-West Hills-Winnetka-Woodland Hills,3,2022,8,,
06037134802,Canoga Park-West Hills-Winnetka-Woodland Hills,3,2022,17,,
06037134901,Reseda - West Van Nuys,3,2022,66,68,-2.9
06037134904,Canoga Park-West Hills-Winnetka-Woodland Hills,3,2022,62,68,-8.8
06037134905,Canoga Park-West Hills-Winnetka-Woodland Hills,3,2022,16,22,-27.3
06037134907,Canoga Park-West Hills-Winnetka-Woodland Hills,3,2022,1,,
06037135102,Canoga Park-West Hills-Winnetka-Woodland Hills,12,2022,77,75,2.7
06037135111,Canoga Park-West Hills-Winnetka-Woodland Hills,3,2022,71,56,26.8
06037135113,Canoga Park-West Hills-Winnetka-Woodland Hills,3,2022,1,1,0.0
06037135115,Canoga Park-West Hills-Winnetka-Woodland Hills,3,2022,6,,
06037135201,Canoga Park-West Hills-Winnetka-Woodland Hills,12,2022,59,49,20.4
06037135202,Canoga Park-West Hills-Winnetka-Woodland Hills,12,2022,114,103,10.7
06037135204,Canoga Park-West Hills-Winnetka-Woodland Hills,12,2022,34,,
06037135205,Canoga Park-West Hills-Winnetka-Woodland Hills,12,2022,8,,
06037137000,Canoga Park-West Hills-Winnetka-Woodland Hills,3,2022,33,,
06037137103,Canoga Park-West Hills-Winnetka-Woodland Hills,3,2022,9,12,-25.0
06037137104,Canoga Park-West Hills-Winnetka-Woodland Hills,3,2022,98,88,11.4
06037137202,Canoga Park-West Hills-Winnetka-Woodland Hills,3,2022,4,,
06037137203,Canoga Park-West Hills-Winnetka-Woodland Hills,3,2022,17,,
06037137301,Canoga Park-West Hills-Winnetka-Woodland Hills,3,2022,81,74,9.5
06037137302,Canoga Park-West Hills-Winnetka-Woodland Hills,3,2022,130,107,21.5
06037137401,Canoga Park-West Hills-Winnetka-Woodland Hills,3,2022,115,81,42.0
06037137402,Canoga Park-West Hills-Winnetka-Woodland Hills,3,2022,108,94,14.9
06037137501,Canoga Park-West Hills-Winnetka-Woodland Hills,3,2022,77,57,35.1
06037137502,Canoga Park-West Hills-Winnetka-Woodland Hills,3,2022,122,90,35.6
06037137504,Canoga Park-West Hills-Winnetka-Woodland Hills,3,2022,66,41,61.0
06037138000,Canoga Park-West Hills-Winnetka-Woodland Hills,3,2022,114,94,21.3
06037139001,Encino - Tarzana,4,2022,116,77,50.6
06037139200,Encino - Tarzana,4,2022,72,53,35.8
06037139301,Encino - Tarzana,3,2022,136,111,22.5
06037139302,Encino - Tarzana,3,2022,7,16,-56.3
06037139303,Encino - Tarzana,3,2022,29,9,222.2
06037139401,Encino - Tarzana,3,2022,30,17,76.5
06037139402,Encino - Tarzana,3,2022,81,71,14.1
06037139502,Encino - Tarzana,3,2022,55,55,0.0
06037139504,Encino - Tarzana,4,2022,12,18,-33.3
06037139505,Encino - Tarzana,4,2022,3,,
06037139506,Encino - Tarzana,4,2022,3,,
06037139600,Encino - Tarzana,4,2022,87,100,-13.0
06037139701,Encino - Tarzana,4,2022,165,126,31.0
06037139703,Encino - Tarzana,4,2022,54,44,22.7
06037139704,Encino - Tarzana,4,2022,23,,
06037139705,Encino - Tarzana,4,2022,16,1,1500.0
06037139801,Encino - Tarzana,3,2022,90,78,15.4
06037139802,Encino - Tarzana,3,2022,71,78,-9.0
06037141101,Sherman Oaks-Studio City-Toluca Lake-Cahuenga Pass,4,2022,61,49,24.5
06037141102,Sherman Oaks-Studio City-Toluca Lake-Cahuenga Pass,4,2022,40,40,0.0
06037141201,Sherman Oaks-Studio City-Toluca Lake-Cahuenga Pass,4,2022,49,18,172.2
06037141202,Sherman Oaks-Studio City-Toluca Lake-Cahuenga Pass,4,2022,42,58,-27.6
06037141303,Sherman Oaks-Studio City-Toluca Lake-Cahuenga Pass,4,2022,10,15,-33.3
06037141304,Sherman Oaks-Studio City-Toluca Lake-Cahuenga Pass,4,2022,38,50,-24.0
06037141305,Sherman Oaks-Studio City-Toluca Lake-Cahuenga Pass,4,2022,13,,
06037141306,Sherman Oaks-Studio City-Toluca Lake-Cahuenga Pass,4,2022,4,,
06037141400,Encino - Tarzana,4,2022,114,100,14.0
06037141500,Encino - Tarzana,4,2022,78,89,-12.4
06037141600,Sherman Oaks-Studio City-Toluca Lake-Cahuenga Pass,4,2022,158,112,41.1
06037141700,Sherman Oaks-Studio City-Toluca Lake-Cahuenga Pass,4,2022,110,92,19.6
06037143101,Sherman Oaks-Studio City-Toluca Lake-Cahuenga Pass,2,2022,10,,
06037143200,Sherman Oaks-Studio City-Toluca Lake-Cahuenga Pass,2,2022,40,31,29.0
06037143301,North Hollywood - Valley Village,2,2022,7,,
06037143302,Sherman Oaks-Studio City-Toluca Lake-Cahuenga Pass,2,2022,13,,
06037143401,Sherman Oaks-Studio City-Toluca Lake-Cahuenga Pass,4,2022,21,,
06037143402,Sherman Oaks-Studio City-Toluca Lake-Cahuenga Pass,4,2022,6,,
06037143500,Sherman Oaks-Studio City-Toluca Lake-Cahuenga Pass,4,2022,84,85,-1.2
06037143602,Sherman Oaks-Studio City-Toluca Lake-Cahuenga Pass,2,2022,57,73,-21.9
06037143603,Sherman Oaks-Studio City-Toluca Lake-Cahuenga Pass,2,2022,19,26,-26.9
06037143605,Sherman Oaks-Studio City-Toluca Lake-Cahuenga Pass,2,2022,1,,
06037143606,Sherman Oaks-Studio City-Toluca Lake-Cahuenga Pass,4,2022,1,,
06037143700,Sherman Oaks-Studio City-Toluca Lake-Cahuenga Pass,4,2022,120,122,-1.6
06037143801,Sherman Oaks-Studio City-Toluca Lake-Cahuenga Pass,4,2022,16,,
06037143802,Sherman Oaks-Studio City-Toluca Lake-Cahuenga Pass,4,2022,20,,
06037143901,Sherman Oaks-Studio City-Toluca Lake-Cahuenga Pass,4,2022,119,113,5.3
06037143902,Sherman Oaks-Studio City-Toluca Lake-Cahuenga Pass,4,2022,60,66,-9.1
06037181000,Northeast Los Angeles,14,2022,181,137,32.1
06037181300,Northeast Los Angeles,14,2022,90,68,32.4
06037181400,Northeast Los Angeles,14,2022,38,38,0.0
06037181500,Northeast Los Angeles,14,2022,60,79,-24.1
06037181600,Northeast Los Angeles,14,2022,58,55,5.5
06037183101,Northeast Los Angeles,14,2022,103,54,90.7
06037183103,Northeast Los Angeles,14,2022,28,40,-30.0
06037183104,Northeast Los Angeles,14,2022,27,23,17.4
06037183220,Northeast Los Angeles,14,2022,37,41,-9.8
06037183221,Northeast Los Angeles,14,2022,56,63,-11.1
06037183222,Northeast Los Angeles,14,2022,76,56,35.7
06037183300,Northeast Los Angeles,14,2022,48,37,29.7
06037183401,Northeast Los Angeles,1,2022,55,45,22.2
06037183402,Northeast Los Angeles,14,2022,66,42,57.1
06037183510,Northeast Los Angeles,1,2022,41,34,20.6
06037183520,Northeast Los Angeles,1,2022,47,46,2.2
06037183610,Northeast Los Angeles,1,2022,17,33,-48.5
06037183620,Northeast Los Angeles,1,2022,36,32,12.5
06037183701,Northeast Los Angeles,1,2022,31,28,10.7
06037183702,Northeast Los Angeles,14,2022,29,29,0.0
06037183810,Northeast Los Angeles,1,2022,32,35,-8.6
06037183820,Northeast Los Angeles,1,2022,23,17,35.3
06037185101,Northeast Los Angeles,1,2022,10,,
06037185102,Northeast Los Angeles,1,2022,16,,
06037185202,Northeast Los Angeles,1,2022,51,45,13.3
06037185203,Northeast Los Angeles,1,2022,31,22,40.9
06037185204,Northeast Los Angeles,1,2022,49,33,48.5
06037185310,Northeast Los Angeles,1,2022,43,17,152.9
06037185320,Northeast Los Angeles,1,2022,29,21,38.1
06037186100,Northeast Los Angeles,13,2022,94,71,32.4
06037186201,Northeast Los Angeles,1,2022,40,20,100.0
06037186202,Northeast Los Angeles,1,2022,39,23,69.6
06037186203,Northeast Los Angeles,1,2022,79,66,19.7
06037186301,Northeast Los Angeles,13,2022,26,19,36.8
06037186302,Northeast Los Angeles,1,2022,89,93,-4.3
06037186401,Northeast Los Angeles,13,2022,35,38,-7.9
06037186403,Northeast Los Angeles,1,2022,31,24,29.2
06037186404,Northeast Los Angeles,1,2022,33,26,26.9
06037187101,Northeast Los Angeles,13,2022,64,79,-19.0
06037187102,Northeast Los Angeles,13,2022,39,46,-15.2
06037187200,Silver Lake - Echo Park - Elysian Valley,13,2022,41,54,-24.1
06037187300,Silver Lake - Echo Park - Elysian Valley,13,2022,70,96,-27.1
06037188100,Northeast Los Angeles,13,2022,65,67,-3.0
06037188201,Hollywood,4,2022,70,69,1.4
06037188202,Hollywood,4,2022,43,51,-15.7
06037188300,Northeast Los Angeles,13,2022,94,93,1.1
06037189101,Hollywood,4,2022,36,26,38.5
06037189102,Hollywood,4,2022,39,42,-7.1
06037189201,Hollywood,4,2022,41,16,156.3
06037189202,Hollywood,4,2022,96,71,35.2
06037189300,Hollywood,4,2022,95,121,-21.5
06037189400,Hollywood,4,2022,124,110,12.7
06037189501,Hollywood,4,2022,4,,
06037189502,Hollywood,4,2022,8,,
06037189600,Hollywood,4,2022,110,68,61.8
06037189702,Hollywood,4,2022,55,27,103.7
06037189703,Hollywood,4,2022,9,,
06037189704,Hollywood,4,2022,6,,
06037189801,Hollywood,13,2022,3,,
06037189802,Hollywood,13,2022,7,,
06037189903,Hollywood,4,2022,11,8,37.5
06037189904,Hollywood,4,2022,3,11,-72.7
06037189905,Hollywood,4,2022,18,28,-35.7
06037189906,Hollywood,13,2022,5,,
06037190101,Hollywood,13,2022,1,,
06037190201,Hollywood,13,2022,6,4,50.0
06037190202,Hollywood,13,2022,4,5,-20.0
06037190302,Hollywood,13,2022,2,,
06037190303,Hollywood,13,2022,2,,
06037190401,Hollywood,4,2022,20,16,25.0
06037190402,Hollywood,13,2022,7,5,40.0
06037190510,Hollywood,13,2022,8,8,0.0
06037190520,Hollywood,13,2022,11,20,-45.0
06037190702,Hollywood,13,2022,4,,
06037190801,Hollywood,13,2022,35,15,133.3
06037190802,Hollywood,13,2022,16,55,-70.9
06037190901,Hollywood,13,2022,29,30,-3.3
06037190902,Hollywood,13,2022,32,45,-28.9
06037191000,Hollywood,13,2022,15,18,-16.7
06037191110,Hollywood,13,2022,22,17,29.4
06037191120,Hollywood,13,2022,40,21,90.5
06037191201,Hollywood,13,2022,25,14,78.6
06037191203,Hollywood,13,2022,10,8,25.0
06037191204,Hollywood,13,2022,25,28,-10.7
06037191301,Hollywood,13,2022,33,21,57.1
06037191302,Hollywood,13,2022,41,18,127.8
06037191410,Hollywood,13,2022,103,23,347.8
06037191420,Hollywood,13,2022,104,35,197.1
06037191500,Hollywood,13,2022,34,42,-19.0
06037191610,Hollywood,13,2022,21,22,-4.5
06037191620,Hollywood,13,2022,16,11,45.5
06037191710,Hollywood,13,2022,27,15,80.0
06037191720,Hollywood,13,2022,28,19,47.4
06037191810,Hollywood,13,2022,17,26,-34.6
06037191820,Hollywood,13,2022,29,13,123.1
06037191901,Hollywood,4,2022,32,33,-3.0
06037191902,Hollywood,5,2022,105,78,34.6
06037192001,Hollywood,5,2022,52,45,15.6
06037192002,Hollywood,5,2022,72,53,35.8
06037192300,Wilshire,4,2022,54,43,25.6
06037192410,Wilshire,13,2022,61,66,-7.6
06037192420,Wilshire,4,2022,42,36,16.7
06037192510,Wilshire,13,2022,23,22,4.5
06037192520,Wilshire,13,2022,54,21,157.1
06037192610,Wilshire,13,2022,24,27,-11.1
06037192620,Wilshire,13,2022,7,16,-56.3
06037192700,Wilshire,13,2022,29,27,7.4
06037194101,Hollywood,4,2022,60,57,5.3
06037194102,Hollywood,4,2022,121,125,-3.2
06037194200,Hollywood,4,2022,175,118,48.3
06037194300,Hollywood,4,2022,139,177,-21.5
06037194401,Hollywood,5,2022,39,53,-26.4
06037194402,Hollywood,5,2022,59,53,11.3
06037194500,Wilshire,5,2022,55,61,-9.8
06037195100,Silver Lake - Echo Park - Elysian Valley,4,2022,139,159,-12.6
06037195201,Hollywood,4,2022,49,74,-33.8
06037195202,Hollywood,4,2022,93,75,24.0
06037195300,Hollywood,4,2022,74,73,1.4
06037195400,Silver Lake - Echo Park - Elysian Valley,13,2022,163,96,69.8
06037195500,Silver Lake - Echo Park - Elysian Valley,13,2022,141,94,50.0
06037195600,Silver Lake - Echo Park - Elysian Valley,13,2022,75,51,47.1
06037195710,Silver Lake - Echo Park - Elysian Valley,13,2022,30,45,-33.3
06037195720,Silver Lake - Echo Park - Elysian Valley,13,2022,36,24,50.0
06037195802,Silver Lake - Echo Park - Elysian Valley,13,2022,31,40,-22.5
06037195803,Silver Lake - Echo Park - Elysian Valley,13,2022,112,77,45.5
06037195804,Silver Lake - Echo Park - Elysian Valley,13,2022,87,73,19.2
06037195901,Silver Lake - Echo Park - Elysian Valley,13,2022,74,70,5.7
06037195902,Silver Lake - Echo Park - Elysian Valley,13,2022,59,50,18.0
06037195903,Silver Lake - Echo Park - Elysian Valley,13,2022,77,29,165.5
06037197200,Silver Lake - Echo Park - Elysian Valley,13,2022,75,41,82.9
06037197300,Silver Lake - Echo Park - Elysian Valley,13,2022,90,73,23.3
06037197410,Silver Lake - Echo Park - Elysian Valley,13,2022,126,67,88.1
06037197420,Silver Lake - Echo Park - Elysian Valley,13,2022,55,32,71.9
06037197500,Silver Lake - Echo Park - Elysian Valley,1,2022,57,31,83.9
06037197600,Silver Lake - Echo Park - Elysian Valley,1,2022,22,21,4.8
06037197700,Silver Lake - Echo Park - Elysian Valley,1,2022,46,40,15.0
06037199002,Northeast Los Angeles,1,2022,8,,
06037199110,Northeast Los Angeles,14,2022,21,15,40.0
06037199120,Northeast Los Angeles,14,2022,11,15,-26.7
06037199201,Northeast Los Angeles,1,2022,12,7,71.4
06037199202,Northeast Los Angeles,1,2022,30,30,0.0
06037199300,Northeast Los Angeles,1,2022,46,47,-2.1
06037199400,Northeast Los Angeles,1,2022,27,25,8.0
06037199700,Northeast Los Angeles,1,2022,12,7,71.4
06037199801,Northeast Los Angeles,14,2022,2,,
06037199802,Northeast Los Angeles,14,2022,2,,
06037199900,Northeast Los Angeles,14,2022,23,16,43.8
06037201110,Northeast Los Angeles,14,2022,33,32,3.1
06037201120,Northeast Los Angeles,14,2022,28,18,55.6
06037201200,Northeast Los Angeles,14,2022,19,9,111.1
06037201301,Northeast Los Angeles,14,2022,34,22,54.5
06037201302,Northeast Los Angeles,14,2022,21,25,-16.0
06037201401,Northeast Los Angeles,14,2022,40,30,33.3
06037201402,Northeast Los Angeles,14,2022,53,37,43.2
06037201501,Northeast Los Angeles,14,2022,58,53,9.4
06037201503,Northeast Los Angeles,14,2022,28,11,154.5
06037201504,Northeast Los Angeles,14,2022,16,13,23.1
06037201601,Northeast Los Angeles,14,2022,19,27,-29.6
06037201602,Northeast Los Angeles,14,2022,27,37,-27.0
06037201700,Northeast Los Angeles,14,2022,37,31,19.4
06037203100,Northeast Los Angeles,14,2022,16,4,300.0
06037203200,Boyle Heights,14,2022,18,14,28.6
06037203300,Northeast Los Angeles,14,2022,6,9,-33.3
06037203500,Boyle Heights,14,2022,16,13,23.1
06037203601,Boyle Heights,14,2022,5,,
06037203602,Boyle Heights,14,2022,3,,
06037203710,Boyle Heights,14,2022,15,14,7.1
06037203720,Boyle Heights,14,2022,17,23,-26.1
06037203800,Boyle Heights,14,2022,22,28,-21.4
06037203900,Boyle Heights,14,2022,24,13,84.6
06037204110,Boyle Heights,14,2022,12,8,50.0
06037204120,Boyle Heights,14,2022,13,2,550.0
06037204200,Boyle Heights,14,2022,31,12,158.3
06037204300,Boyle Heights,14,2022,28,25,12.0
06037204410,Boyle Heights,14,2022,9,8,12.5
06037204420,Boyle Heights,14,2022,12,3,300.0
06037204600,Boyle Heights,14,2022,13,13,0.0
06037204700,Boyle Heights,14,2022,18,14,28.6
06037204810,Boyle Heights,14,2022,27,13,107.7
06037204820,Boyle Heights,14,2022,16,10,60.0
06037204910,Boyle Heights,14,2022,22,14,57.1
06037204920,Boyle Heights,14,2022,13,9,44.4
06037205120,Boyle Heights,14,2022,4,2,100.0
06037206010,Central City North,1,2022,19,18,5.6
06037206050,Boyle Heights,14,2022,7,3,133.3
06037206051,Central City North,14,2022,3,,
06037206052,Central City North,14,2022,1,,
06037206053,Boyle Heights,14,2022,2,,
06037206054,Boyle Heights,14,2022,1,,
06037207101,Central City North,1,2022,9,3,200.0
06037207102,Central City North,1,2022,2,2,0.0
06037207103,Central City North,1,2022,10,6,66.7
06037207305,Central City,14,2022,2,,
06037207306,Central City,14,2022,2,,
06037207400,Central City,14,2022,3,2,50.0
06037207501,Central City,14,2022,24,18,33.3
06037207502,Central City,14,2022,1,2,-50.0
06037207902,Central City,14,2022,8,,
06037208002,Westlake,1,2022,3,,
06037208301,Westlake,1,2022,7,3,133.3
06037208302,Westlake,13,2022,21,17,23.5
06037208401,Westlake,1,2022,11,14,-21.4
06037208402,Westlake,13,2022,20,26,-23.1
06037208501,Westlake,13,2022,24,18,33.3
06037208502,Westlake,13,2022,17,9,88.9
06037208610,Westlake,13,2022,27,29,-6.9
06037208620,Westlake,13,2022,32,8,300.0
06037208710,Westlake,1,2022,10,6,66.7
06037208720,Westlake,1,2022,3,3,0.0
06037208801,Westlake,1,2022,3,,
06037208802,Westlake,1,2022,9,8,12.5
06037208902,Westlake,1,2022,3,1,200.0
06037208903,Westlake,1,2022,3,8,-62.5
06037208904,Westlake,1,2022,2,8,-75.0
06037209103,Westlake,1,2022,5,11,-54.5
06037209104,Westlake,1,2022,3,,
06037209105,Westlake,1,2022,1,,
06037209201,Westlake,1,2022,1,,
06037209300,Westlake,1,2022,3,9,-66.7
06037209401,Westlake,1,2022,2,2,0.0
06037209402,Westlake,1,2022,3,1,200.0
06037209403,Westlake,1,2022,3,1,200.0
06037209510,Westlake,1,2022,8,7,14.3
06037209520,Westlake,1,2022,9,11,-18.2
06037209810,Westlake,1,2022,5,1,400.0
06037209820,Westlake,1,2022,6,15,-60.0
06037210010,Westlake,1,2022,8,7,14.3
06037211000,Wilshire,4,2022,147,108,36.1
06037211121,Wilshire,13,2022,22,18,22.2
06037211122,Wilshire,13,2022,6,1,500.0
06037211124,Wilshire,1,2022,1,,
06037211201,Wilshire,10,2022,24,14,71.4
06037211202,Wilshire,10,2022,5,10,-50.0
06037211310,Wilshire,10,2022,10,5,100.0
06037211320,Wilshire,10,2022,9,15,-40.0
06037211410,Wilshire,10,2022,26,16,62.5
06037211420,Wilshire,10,2022,17,23,-26.1
06037211500,Wilshire,13,2022,69,67,3.0
06037211701,Wilshire,13,2022,24,25,-4.0
06037211703,Wilshire,13,2022,22,10,120.0
06037211704,Wilshire,10,2022,38,7,442.9
06037211802,Wilshire,10,2022,14,10,40.0
06037211803,Wilshire,10,2022,1,6,-83.3
06037211804,Wilshire,10,2022,8,6,33.3
06037211910,Wilshire,10,2022,7,7,0.0
06037211921,Wilshire,10,2022,4,1,300.0
06037211922,Wilshire,10,2022,1,5,-80.0
06037212102,Wilshire,10,2022,4,3,33.3
06037212202,Wilshire,1,2022,15,1,1400.0
06037212203,Wilshire,10,2022,3,3,0.0
06037212204,Wilshire,1,2022,7,2,250.0
06037212303,Wilshire,10,2022,1,2,-50.0
06037212304,Wilshire,10,2022,4,19,-78.9
06037212305,Wilshire,10,2022,12,26,-53.8
06037212306,Wilshire,10,2022,6,6,0.0
06037212410,Wilshire,10,2022,1,4,-75.0
06037212420,Wilshire,10,2022,11,10,10.0
06037212501,Wilshire,10,2022,1,,
06037212502,Wilshire,10,2022,5,7,-28.6
06037212610,Wilshire,4,2022,13,24,-45.8
06037212620,Wilshire,4,2022,24,18,33.3
06037212701,Wilshire,5,2022,29,26,11.5
06037212702,Wilshire,5,2022,66,45,46.7
06037212800,Wilshire,10,2022,50,43,16.3
06037212900,Wilshire,10,2022,19,16,18.8
06037213100,Wilshire,10,2022,36,32,12.5
06037213201,Wilshire,10,2022,14,11,27.3
06037213202,Wilshire,10,2022,37,39,-5.1
06037213310,Wilshire,1,2022,21,23,-8.7
06037213320,Wilshire,10,2022,9,14,-35.7
06037213401,Wilshire,1,2022,14,7,100.0
06037213402,Wilshire,1,2022,22,33,-33.3
06037214000,Wilshire,5,2022,73,51,43.1
06037214100,Wilshire,5,2022,92,71,29.6
06037214400,Wilshire,5,2022,26,21,23.8
06037214501,Wilshire,5,2022,5,16,-68.8
06037214503,Wilshire,5,2022,1,1,0.0
06037214504,Wilshire,5,2022,2,,
06037214600,Wilshire,5,2022,51,65,-21.5
06037214700,Wilshire,5,2022,59,48,22.9
06037214800,Wilshire,5,2022,46,38,21.1
06037214902,Wilshire,5,2022,21,22,-4.5
06037214904,Wilshire,5,2022,5,,
06037215101,Wilshire,5,2022,2,11,-81.8
06037215102,Wilshire,5,2022,16,1,1500.0
06037216100,Wilshire,10,2022,78,47,66.0
06037216201,Wilshire,5,2022,9,,
06037216202,Wilshire,10,2022,12,,
06037216301,Wilshire,5,2022,3,,
06037216302,Wilshire,5,2022,24,,
06037216401,Wilshire,5,2022,44,37,18.9
06037216402,Wilshire,5,2022,24,23,4.3
06037216700,Wilshire,10,2022,101,88,14.8
06037216800,Wilshire,5,2022,58,49,18.4
06037216901,Wilshire,10,2022,20,,
06037216902,Wilshire,10,2022,9,,
06037217001,Wilshire,5,2022,62,54,14.8
06037217002,Wilshire,5,2022,69,121,-43.0
06037217101,Wilshire,10,2022,9,,
06037217102,Wilshire,10,2022,15,,
06037217200,Wilshire,10,2022,66,43,53.5
06037218110,West Adams - Baldwin Hills - Leimert,10,2022,50,14,257.1
06037218120,West Adams - Baldwin Hills - Leimert,10,2022,28,36,-22.2
06037218210,West Adams - Baldwin Hills - Leimert,10,2022,44,32,37.5
06037218220,West Adams - Baldwin Hills - Leimert,10,2022,70,74,-5.4
06037218300,West Adams - Baldwin Hills - Leimert,10,2022,137,105,30.5
06037218400,West Adams - Baldwin Hills - Leimert,10,2022,89,85,4.7
06037218500,West Adams - Baldwin Hills - Leimert,10,2022,41,17,141.2
06037218600,West Adams - Baldwin Hills - Leimert,10,2022,51,41,24.4
06037218701,West Adams - Baldwin Hills - Leimert,10,2022,28,58,-51.7
06037218702,West Adams - Baldwin Hills - Leimert,10,2022,28,20,40.0
06037218800,West Adams - Baldwin Hills - Leimert,10,2022,24,31,-22.6
06037218900,West Adams - Baldwin Hills - Leimert,10,2022,41,31,32.3
06037219010,West Adams - Baldwin Hills - Leimert,10,2022,36,37,-2.7
06037219020,West Adams - Baldwin Hills - Leimert,10,2022,63,60,5.0
06037219300,West Adams - Baldwin Hills - Leimert,10,2022,42,55,-23.6
06037219500,West Adams - Baldwin Hills - Leimert,10,2022,73,71,2.8
06037219700,West Adams - Baldwin Hills - Leimert,10,2022,65,56,16.1
06037219800,West Adams - Baldwin Hills - Leimert,10,2022,27,43,-37.2
06037219901,West Adams - Baldwin Hills - Leimert,10,2022,45,34,32.4
06037219902,West Adams - Baldwin Hills - Leimert,10,2022,62,49,26.5
06037220000,West Adams - Baldwin Hills - Leimert,10,2022,151,110,37.3
06037220100,West Adams - Baldwin Hills - Leimert,10,2022,55,37,48.6
06037221110,South Los Angeles,1,2022,17,14,21.4
06037221120,South Los Angeles,1,2022,15,9,66.7
06037221210,South Los Angeles,10,2022,14,16,-12.5
06037221220,South Los Angeles,1,2022,12,19,-36.8
06037221302,South Los Angeles,10,2022,48,44,9.1
06037221303,South Los Angeles,10,2022,9,14,-35.7
06037221304,South Los Angeles,10,2022,14,8,75.0
06037221401,South Los Angeles,10,2022,17,20,-15.0
06037221402,South Los Angeles,10,2022,29,21,38.1
06037221500,South Los Angeles,8,2022,15,28,-46.4
06037221601,South Los Angeles,8,2022,21,22,-4.5
06037221602,South Los Angeles,1,2022,14,18,-22.2
06037221710,South Los Angeles,8,2022,21,19,10.5
06037221810,South Los Angeles,8,2022,10,19,-47.4
06037221820,South Los Angeles,9,2022,30,39,-23.1
06037221900,South Los Angeles,9,2022,26,37,-29.7
06037222001,South Los Angeles,10,2022,34,32,6.3
06037222002,South Los Angeles,8,2022,39,30,30.0
06037222100,South Los Angeles,8,2022,35,19,84.2
06037222200,South Los Angeles,8,2022,28,18,55.6
06037222500,South Los Angeles,8,2022,82,52,57.7
06037222600,South Los Angeles,8,2022,118,71,66.2
06037222700,South Los Angeles,9,2022,1,,
06037224010,Central City,14,2022,3,3,0.0
06037224020,Southeast Los Angeles,9,2022,3,14,-78.6
06037224200,Westlake,1,2022,3,7,-57.1
06037224310,Westlake,1,2022,4,7,-42.9
06037224320,Westlake,1,2022,14,7,100.0
06037224410,South Los Angeles,1,2022,24,29,-17.2
06037224420,South Los Angeles,1,2022,14,7,100.0
06037224600,Southeast Los Angeles,9,2022,10,11,-9.1
06037224701,South Los Angeles,9,2022,1,,
06037226001,Southeast Los Angeles,9,2022,12,12,0.0
06037226002,Central City,14,2022,3,2,50.0
06037226410,Southeast Los Angeles,9,2022,12,7,71.4
06037226420,Southeast Los Angeles,9,2022,18,17,5.9
06037226701,Southeast Los Angeles,9,2022,5,,
06037226702,Southeast Los Angeles,9,2022,3,,
06037227010,Southeast Los Angeles,9,2022,23,8,187.5
06037227020,Southeast Los Angeles,9,2022,21,9,133.3
06037228100,Southeast Los Angeles,9,2022,21,13,61.5
06037228210,Southeast Los Angeles,9,2022,16,6,166.7
06037228220,Southeast Los Angeles,9,2022,6,9,-33.3
06037228310,Southeast Los Angeles,9,2022,10,11,-9.1
06037228320,Southeast Los Angeles,9,2022,20,8,150.0
06037228410,Southeast Los Angeles,9,2022,13,5,160.0
06037228420,Southeast Los Angeles,9,2022,9,9,0.0
06037228500,Southeast Los Angeles,9,2022,21,22,-4.5
06037228600,Southeast Los Angeles,9,2022,14,12,16.7
06037228710,Southeast Los Angeles,9,2022,5,9,-44.4
06037228720,Southeast Los Angeles,9,2022,19,15,26.7
06037228800,Southeast Los Angeles,9,2022,21,9,133.3
06037228900,Southeast Los Angeles,9,2022,4,10,-60.0
06037229100,Southeast Los Angeles,9,2022,18,12,50.0
06037229200,Southeast Los Angeles,9,2022,23,9,155.6
06037229300,Southeast Los Angeles,9,2022,8,15,-46.7
06037229410,Southeast Los Angeles,9,2022,21,10,110.0
06037229420,Southeast Los Angeles,9,2022,14,8,75.0
06037231100,Southeast Los Angeles,9,2022,9,10,-10.0
06037231210,South Los Angeles,8,2022,45,19,136.8
06037231220,South Los Angeles,9,2022,23,16,43.8
06037231301,South Los Angeles,8,2022,6,,
06037231302,South Los Angeles,8,2022,5,,
06037231400,South Los Angeles,8,2022,49,43,14.0
06037231500,South Los Angeles,8,2022,81,63,28.6
06037231601,South Los Angeles,8,2022,4,,
06037231602,South Los Angeles,9,2022,5,,
06037231603,South Los Angeles,9,2022,3,,
06037231710,South Los Angeles,9,2022,13,10,30.0
06037231720,South Los Angeles,9,2022,30,21,42.9
06037231800,Southeast Los Angeles,9,2022,21,14,50.0
06037231901,Southeast Los Angeles,9,2022,1,,
06037231902,Southeast Los Angeles,9,2022,3,,
06037232110,South Los Angeles,9,2022,18,13,38.5
06037232120,South Los Angeles,9,2022,29,35,-17.1
06037232200,South Los Angeles,9,2022,27,23,17.4
06037232300,South Los Angeles,9,2022,42,49,-14.3
06037232401,South Los Angeles,8,2022,7,,
06037232402,South Los Angeles,8,2022,8,,
06037232500,South Los Angeles,8,2022,47,29,62.1
06037232601,South Los Angeles,8,2022,4,,
06037232602,South Los Angeles,9,2022,11,,
06037232701,South Los Angeles,9,2022,1,,
06037232702,South Los Angeles,9,2022,1,,
06037232800,Southeast Los Angeles,9,2022,15,10,50.0
06037234001,West Adams - Baldwin Hills - Leimert,10,2022,17,,
06037234002,West Adams - Baldwin Hills - Leimert,10,2022,11,,
06037234200,West Adams - Baldwin Hills - Leimert,10,2022,85,85,0.0
06037234301,West Adams - Baldwin Hills - Leimert,10,2022,14,,
06037234302,West Adams - Baldwin Hills - Leimert,10,2022,11,,
06037234501,West Adams - Baldwin Hills - Leimert,8,2022,62,47,31.9
06037234502,West Adams - Baldwin Hills - Leimert,8,2022,46,41,12.2
06037234600,West Adams - Baldwin Hills - Leimert,8,2022,121,119,1.7
06037234700,West Adams - Baldwin Hills - Leimert,8,2022,63,49,28.6
06037234800,West Adams - Baldwin Hills - Leimert,8,2022,63,58,8.6
06037234901,West Adams - Baldwin Hills - Leimert,8,2022,15,8,87.5
06037234902,West Adams - Baldwin Hills - Leimert,8,2022,50,41,22.0
06037235100,West Adams - Baldwin Hills - Leimert,8,2022,117,102,14.7
06037235201,West Adams - Baldwin Hills - Leimert,8,2022,44,55,-20.0
06037235202,West Adams - Baldwin Hills - Leimert,8,2022,70,52,34.6
06037236001,West Adams - Baldwin Hills - Leimert,10,2022,28,,
06037236101,West Adams - Baldwin Hills - Leimert,10,2022,14,,
06037236102,West Adams - Baldwin Hills - Leimert,8,2022,3,,
06037236203,West Adams - Baldwin Hills - Leimert,10,2022,76,7,985.7
06037236204,West Adams - Baldwin Hills - Leimert,10,2022,14,7,100.0
06037236205,West Adams - Baldwin Hills - Leimert,10,2022,3,,
06037236206,West Adams - Baldwin Hills - Leimert,10,2022,5,,
06037236400,West Adams - Baldwin Hills - Leimert,8,2022,115,77,49.4
06037237101,South Los Angeles,9,2022,17,11,54.5
06037237102,South Los Angeles,9,2022,22,14,57.1
06037237201,South Los Angeles,9,2022,34,16,112.5
06037237202,South Los Angeles,8,2022,24,20,20.0
06037237300,South Los Angeles,8,2022,75,51,47.1
06037237401,South Los Angeles,8,2022,35,28,25.0
06037237402,South Los Angeles,8,2022,22,32,-31.3
06037237500,South Los Angeles,8,2022,27,11,145.5
06037237600,South Los Angeles,8,2022,27,16,68.8
06037237710,South Los Angeles,8,2022,27,24,12.5
06037237720,South Los Angeles,8,2022,28,16,75.0
06037237800,South Los Angeles,8,2022,76,48,58.3
06037237900,South Los Angeles,8,2022,73,62,17.7
06037238000,South Los Angeles,8,2022,116,101,14.9
06037238100,South Los Angeles,8,2022,102,71,43.7
06037238200,South Los Angeles,8,2022,135,54,150.0
06037238310,South Los Angeles,8,2022,24,20,20.0
06037238320,South Los Angeles,8,2022,33,9,266.7
06037238400,South Los Angeles,8,2022,70,70,0.0
06037239201,Southeast Los Angeles,9,2022,13,6,116.7
06037239202,Southeast Los Angeles,9,2022,30,17,76.5
06037239310,Southeast Los Angeles,9,2022,18,9,100.0
06037239320,Southeast Los Angeles,9,2022,12,7,71.4
06037239330,Southeast Los Angeles,9,2022,21,6,250.0
06037239501,Southeast Los Angeles,9,2022,11,11,0.0
06037239502,Southeast Los Angeles,9,2022,18,7,157.1
06037239601,Southeast Los Angeles,9,2022,10,8,25.0
06037239602,Southeast Los Angeles,9,2022,25,10,150.0
06037239701,Southeast Los Angeles,9,2022,17,9,88.9
06037239702,Southeast Los Angeles,9,2022,21,15,40.0
06037239801,Southeast Los Angeles,9,2022,16,20,-20.0
06037239802,Southeast Los Angeles,9,2022,19,22,-13.6
06037240010,Southeast Los Angeles,9,2022,9,20,-55.0
06037240020,Southeast Los Angeles,9,2022,51,32,59.4
06037240200,Southeast Los Angeles,8,2022,44,18,144.4
06037240301,South Los Angeles,8,2022,4,,
06037240302,South Los Angeles,8,2022,5,,
06037240401,South Los Angeles,8,2022,35,29,20.7
06037240402,South Los Angeles,8,2022,25,14,78.6
06037240500,Southeast Los Angeles,8,2022,26,27,-3.7
06037240600,Southeast Los Angeles,8,2022,28,25,12.0
06037240700,Southeast Los Angeles,8,2022,50,23,117.4
06037240800,Southeast Los Angeles,8,2022,35,16,118.8
06037240901,Southeast Los Angeles,15,2022,4,,
06037240902,Southeast Los Angeles,8,2022,3,,
06037241001,Southeast Los Angeles,15,2022,29,18,61.1
06037241002,Southeast Los Angeles,15,2022,43,39,10.3
06037241110,Southeast Los Angeles,8,2022,9,16,-43.8
06037241120,Southeast Los Angeles,8,2022,29,27,7.4
06037241201,South Los Angeles,8,2022,31,27,14.8
06037241202,South Los Angeles,8,2022,59,33,78.8
06037241300,South Los Angeles,15,2022,20,15,33.3
06037241400,Southeast Los Angeles,15,2022,22,28,-21.4
06037242000,Southeast Los Angeles,15,2022,28,16,75.0
06037242100,Southeast Los Angeles,15,2022,66,29,127.6
06037242201,Southeast Los Angeles,15,2022,1,,
06037242202,Southeast Los Angeles,15,2022,2,,
06037242300,Southeast Los Angeles,15,2022,23,17,35.3
06037242600,Southeast Los Angeles,15,2022,4,1,300.0
06037242700,Southeast Los Angeles,15,2022,29,24,20.8
06037243001,Southeast Los Angeles,15,2022,1,,
06037243002,Southeast Los Angeles,15,2022,3,,
06037243100,Southeast Los Angeles,15,2022,15,22,-31.8
06037261102,Bel Air - Beverly Crest,5,2022,167,171,-2.3
06037261103,Bel Air - Beverly Crest,4,2022,6,,
06037261104,Bel Air - Beverly Crest,5,2022,13,,
06037261200,Bel Air - Beverly Crest,5,2022,114,107,6.5
06037262100,Bel Air - Beverly Crest,5,2022,182,189,-3.7
06037262200,Bel Air - Beverly Crest,5,2022,145,166,-12.7
06037262301,Brentwood - Pacific Palisades,11,2022,78,75,4.0
06037262302,Brentwood - Pacific Palisades,11,2022,81,92,-12.0
06037262303,Brentwood - Pacific Palisades,11,2022,138,125,10.4
06037262400,Brentwood - Pacific Palisades,11,2022,149,95,56.8
06037262501,Brentwood - Pacific Palisades,11,2022,108,76,42.1
06037262601,Brentwood - Pacific Palisades,11,2022,90,90,0.0
06037262604,Brentwood - Pacific Palisades,11,2022,167,168,-0.6
06037262704,Brentwood - Pacific Palisades,11,2022,63,64,-1.6
06037262706,Brentwood - Pacific Palisades,11,2022,100,141,-29.1
06037262802,Brentwood - Pacific Palisades,11,2022,122,108,13.0
06037264000,Brentwood - Pacific Palisades,11,2022,98,89,10.1
06037264102,Brentwood - Pacific Palisades,11,2022,55,39,41.0
06037264103,Brentwood - Pacific Palisades,11,2022,23,29,-20.7
06037264303,Brentwood - Pacific Palisades,11,2022,5,,
06037264304,Brentwood - Pacific Palisades,11,2022,7,,
06037264305,Brentwood - Pacific Palisades,11,2022,11,,
06037264306,Brentwood - Pacific Palisades,11,2022,6,,
06037265100,Westwood,5,2022,97,93,4.3
06037265201,Westwood,5,2022,49,39,25.6
06037265203,Westwood,5,2022,10,,
06037265204,Westwood,5,2022,4,,
06037265303,Westwood,5,2022,8,6,33.3
06037265304,Westwood,5,2022,13,9,44.4
06037265306,Westwood,5,2022,1,,
06037265410,Brentwood - Pacific Palisades,11,2022,34,40,-15.0
06037265420,Westwood,5,2022,172,117,47.0
06037265521,Westwood,5,2022,3,,
06037265522,Westwood,5,2022,2,,
06037265523,Westwood,5,2022,5,,
06037265524,Westwood,5,2022,6,,
06037265601,Westwood,5,2022,45,32,40.6
06037265602,Westwood,5,2022,73,46,58.7
06037265701,Westwood,5,2022,9,,
06037265702,Westwood,5,2022,12,,
06037267101,West Los Angeles,5,2022,15,,
06037267102,West Los Angeles,5,2022,13,,
06037267201,West Los Angeles,5,2022,5,,
06037267202,West Los Angeles,5,2022,7,,
06037267300,West Los Angeles,11,2022,22,30,-26.7
06037267403,West Los Angeles,11,2022,33,33,0.0
06037267404,West Los Angeles,11,2022,22,16,37.5
06037267405,West Los Angeles,11,2022,8,,
06037267406,West Los Angeles,11,2022,2,,
06037267502,West Los Angeles,11,2022,60,45,33.3
06037267503,West Los Angeles,11,2022,3,,
06037267504,West Los Angeles,11,2022,3,,
06037267600,West Los Angeles,11,2022,67,49,36.7
06037267700,West Los Angeles,11,2022,33,24,37.5
06037267800,West Los Angeles,5,2022,68,64,6.3
06037267901,West Los Angeles,5,2022,76,111,-31.5
06037267902,West Los Angeles,5,2022,99,78,26.9
06037269000,West Los Angeles,5,2022,100,78,28.2
06037269100,West Los Angeles,5,2022,71,69,2.9
06037269300,West Los Angeles,5,2022,138,98,40.8
06037269500,West Los Angeles,5,2022,134,114,17.5
06037269601,West Adams - Baldwin Hills - Leimert,10,2022,32,29,10.3
06037269602,West Adams - Baldwin Hills - Leimert,10,2022,57,31,83.9
06037269700,West Adams - Baldwin Hills - Leimert,10,2022,78,52,50.0
06037269800,West Los Angeles,5,2022,48,43,11.6
06037269903,Palms - Mar Vista - Del Rey,5,2022,34,26,30.8
06037269905,Palms - Mar Vista - Del Rey,5,2022,17,20,-15.0
06037269906,Palms - Mar Vista - Del Rey,5,2022,25,18,38.9
06037269907,Palms - Mar Vista - Del Rey,5,2022,20,13,53.8
06037269908,Palms - Mar Vista - Del Rey,5,2022,2,,
06037269909,Palms - Mar Vista - Del Rey,5,2022,3,,
06037270101,Palms - Mar Vista - Del Rey,5,2022,7,,
06037270102,Palms - Mar Vista - Del Rey,5,2022,7,,
06037270200,West Adams - Baldwin Hills - Leimert,10,2022,60,57,5.3
06037270300,West Adams - Baldwin Hills - Leimert,10,2022,71,53,34.0
06037271100,West Los Angeles,5,2022,73,47,55.3
06037271200,Palms - Mar Vista - Del Rey,11,2022,32,33,-3.0
06037271300,Palms - Mar Vista - Del Rey,11,2022,101,108,-6.5
06037271400,Palms - Mar Vista - Del Rey,11,2022,116,72,61.1
06037271500,Palms - Mar Vista - Del Rey,11,2022,74,63,17.5
06037271600,Palms - Mar Vista - Del Rey,11,2022,70,42,66.7
06037271702,Palms - Mar Vista - Del Rey,5,2022,31,36,-13.9
06037271703,Palms - Mar Vista - Del Rey,5,2022,12,,
06037271704,Palms - Mar Vista - Del Rey,5,2022,6,,
06037271801,Palms - Mar Vista - Del Rey,5,2022,29,22,31.8
06037271803,Palms - Mar Vista - Del Rey,5,2022,5,,
06037271804,Palms - Mar Vista - Del Rey,5,2022,3,,
06037271901,Palms - Mar Vista - Del Rey,11,2022,46,45,2.2
06037271902,Palms - Mar Vista - Del Rey,11,2022,80,74,8.1
06037272100,Palms - Mar Vista - Del Rey,11,2022,103,95,8.4
06037272201,Palms - Mar Vista - Del Rey,11,2022,77,41,87.8
06037272202,Palms - Mar Vista - Del Rey,11,2022,60,39,53.8
06037272301,Palms - Mar Vista - Del Rey,11,2022,72,37,94.6
06037272302,Palms - Mar Vista - Del Rey,11,2022,42,40,5.0
06037273100,Venice,11,2022,59,68,-13.2
06037273200,Venice,11,2022,56,65,-13.8
06037273300,Venice,11,2022,36,22,63.6
06037273403,Venice,11,2022,4,,
06037273404,Venice,11,2022,3,,
06037273502,Venice,11,2022,47,29,62.1
06037273600,Venice,11,2022,41,54,-24.1
06037273700,Venice,11,2022,72,76,-5.3
06037273800,Venice,11,2022,51,40,27.5
06037273902,Venice,11,2022,84,58,44.8
06037274100,Venice,11,2022,64,54,18.5
06037274202,Venice,11,2022,133,94,41.5
06037275101,Palms - Mar Vista - Del Rey,11,2022,20,19,5.3
06037275102,Palms - Mar Vista - Del Rey,11,2022,53,56,-5.4
06037275200,Palms - Mar Vista - Del Rey,11,2022,36,40,-10.0
06037275311,Palms - Mar Vista - Del Rey,11,2022,91,81,12.3
06037275312,Palms - Mar Vista - Del Rey,11,2022,16,,
06037275313,Palms - Mar Vista - Del Rey,11,2022,16,,
06037275400,Palms - Mar Vista - Del Rey,11,2022,67,54,24.1
06037275500,Palms - Mar Vista - Del Rey,11,2022,39,40,-2.5
06037275603,Palms - Mar Vista - Del Rey,11,2022,31,48,-35.4
06037275604,Westchester - Playa del Rey,11,2022,9,,
06037275605,Palms - Mar Vista - Del Rey,11,2022,3,,
06037276000,Westchester - Playa del Rey,11,2022,188,162,16.0
06037276101,Westchester - Playa del Rey,11,2022,8,,
06037276102,Westchester - Playa del Rey,11,2022,8,,
06037276400,Westchester - Playa del Rey,11,2022,145,96,51.0
06037276500,Westchester - Playa del Rey,11,2022,29,46,-37.0
06037276601,Westchester - Playa del Rey,11,2022,102,86,18.6
06037276605,Westchester - Playa del Rey,11,2022,2,,
06037276606,Westchester - Playa del Rey,11,2022,12,,
06037276607,Westchester - Playa del Rey,11,2022,7,,
06037276608,Westchester - Playa del Rey,11,2022,2,,
06037277000,Westchester - Playa del Rey,11,2022,166,145,14.5
06037277100,Westchester - Playa del Rey,11,2022,96,61,57.4
06037277200,Westchester - Playa del Rey,11,2022,14,4,250.0
06037278001,Westchester - Playa del Rey,11,2022,36,51,-29.4
06037278102,Westchester - Playa del Rey,11,2022,51,50,2.0
06037291110,Harbor Gateway,15,2022,30,22,36.4
06037291120,Harbor Gateway,15,2022,14,7,100.0
06037291130,Harbor Gateway,15,2022,39,25,56.0
06037291210,Harbor Gateway,15,2022,52,33,57.6
06037291220,Harbor Gateway,15,2022,26,23,13.0
06037291300,Harbor Gateway,15,2022,40,30,33.3
06037292001,Harbor Gateway,15,2022,3,,
06037292002,Harbor Gateway,15,2022,6,,
06037293203,Harbor Gateway,15,2022,2,,
06037293204,Harbor Gateway,15,2022,4,,
06037293206,Harbor Gateway,15,2022,8,,
06037293301,Wilmington - Harbor City,15,2022,21,44,-52.3
06037293302,Wilmington - Harbor City,15,2022,43,44,-2.3
06037293304,Wilmington - Harbor City,15,2022,36,33,9.1
06037293306,Wilmington - Harbor City,15,2022,40,14,185.7
06037293307,Wilmington - Harbor City,15,2022,6,9,-33.3
06037294110,Wilmington - Harbor City,15,2022,32,24,33.3
06037294120,Wilmington - Harbor City,15,2022,12,8,50.0
06037294200,Wilmington - Harbor City,15,2022,29,36,-19.4
06037294301,Wilmington - Harbor City,15,2022,21,24,-12.5
06037294302,Wilmington - Harbor City,15,2022,21,19,10.5
06037294410,Wilmington - Harbor City,15,2022,4,4,0.0
06037294421,Wilmington - Harbor City,15,2022,15,11,36.4
06037294510,Wilmington - Harbor City,15,2022,23,18,27.8
06037294520,Wilmington - Harbor City,15,2022,14,7,100.0
06037294610,Wilmington - Harbor City,15,2022,18,11,63.6
06037294620,Wilmington - Harbor City,15,2022,18,9,100.0
06037294701,Wilmington - Harbor City,15,2022,15,9,66.7
06037294810,Wilmington - Harbor City,15,2022,5,9,-44.4
06037294820,Wilmington - Harbor City,15,2022,11,9,22.2
06037294830,Wilmington - Harbor City,15,2022,23,4,475.0
06037294900,Wilmington - Harbor City,15,2022,11,7,57.1
06037295103,San Pedro,15,2022,29,32,-9.4
06037296210,San Pedro,15,2022,17,9,88.9
06037296220,San Pedro,15,2022,3,4,-25.0
06037296300,San Pedro,15,2022,36,35,2.9
06037296401,San Pedro,15,2022,29,28,3.6
06037296402,San Pedro,15,2022,46,44,4.5
06037296500,San Pedro,15,2022,28,21,33.3
06037296600,San Pedro,15,2022,31,28,10.7
06037296901,San Pedro,15,2022,41,25,64.0
06037296902,San Pedro,15,2022,27,21,28.6
06037297001,San Pedro,15,2022,2,,
06037297002,San Pedro,15,2022,10,,
06037297110,San Pedro,15,2022,17,17,0.0
06037297120,San Pedro,15,2022,18,24,-25.0
06037297201,San Pedro,15,2022,36,29,24.1
06037297202,San Pedro,15,2022,33,40,-17.5
06037297300,San Pedro,15,2022,17,17,0.0
06037297400,San Pedro,15,2022,51,60,-15.0
06037297501,San Pedro,15,2022,8,,
06037297502,San Pedro,15,2022,8,,
06037297601,San Pedro,15,2022,18,19,-5.3
06037297602,San Pedro,15,2022,24,58,-58.6
06037800204,Canoga Park-West Hills-Winnetka-Woodland Hills,3,2022,51,51,0.0
06037980008,Reseda - West Van Nuys,6,2022,2,,
06037980010,Silver Lake - Echo Park - Elysian Valley,1,2022,2,1,100.0
06037980015,Wilmington - Harbor City,15,2022,212,153,38.6
06037980019,Brentwood - Pacific Palisades,11,2022,2,1,100.0
06037980024,Encino - Tarzana,6,2022,3,3,0.0
06037980026,Sunland-E LaTuna Cyn-Lakevw Ter-Shadow Hls-Tujunga,7,2022,1,,
06037101110,Sunland-E LaTuna Cyn-Lakevw Ter-Shadow Hls-Tujunga,7,2023,81,76,6.6
06037101122,Sunland-E LaTuna Cyn-Lakevw Ter-Shadow Hls-Tujunga,7,2023,64,69,-7.2
06037101220,Sunland-E LaTuna Cyn-Lakevw Ter-Shadow Hls-Tujunga,7,2023,62,27,129.6
06037101221,Sunland-E LaTuna Cyn-Lakevw Ter-Shadow Hls-Tujunga,7,2023,16,3,433.3
06037101222,Sunland-E LaTuna Cyn-Lakevw Ter-Shadow Hls-Tujunga,7,2023,10,1,900.0
06037101300,Sunland-E LaTuna Cyn-Lakevw Ter-Shadow Hls-Tujunga,7,2023,95,64,48.4
06037101400,Sunland-E LaTuna Cyn-Lakevw Ter-Shadow Hls-Tujunga,7,2023,64,49,30.6
06037102103,Sun Valley - La Tuna Canyon,2,2023,33,41,-19.5
06037102104,Sun Valley - La Tuna Canyon,2,2023,107,22,386.4
06037102105,Sun Valley - La Tuna Canyon,2,2023,38,31,22.6
06037102107,Sun Valley - La Tuna Canyon,7,2023,66,33,100.0
06037103101,Sunland-E LaTuna Cyn-Lakevw Ter-Shadow Hls-Tujunga,7,2023,67,48,39.6
06037103102,Sunland-E LaTuna Cyn-Lakevw Ter-Shadow Hls-Tujunga,7,2023,108,67,61.2
06037103201,Sunland-E LaTuna Cyn-Lakevw Ter-Shadow Hls-Tujunga,7,2023,51,12,325.0
06037103202,Sunland-E LaTuna Cyn-Lakevw Ter-Shadow Hls-Tujunga,7,2023,30,5,500.0
06037103300,Sunland-E LaTuna Cyn-Lakevw Ter-Shadow Hls-Tujunga,7,2023,77,59,30.5
06037103401,Sunland-E LaTuna Cyn-Lakevw Ter-Shadow Hls-Tujunga,7,2023,39,8,387.5
06037103402,Sunland-E LaTuna Cyn-Lakevw Ter-Shadow Hls-Tujunga,7,2023,69,13,430.8
06037104103,Sunland-E LaTuna Cyn-Lakevw Ter-Shadow Hls-Tujunga,7,2023,48,26,84.6
06037104105,Arleta - Pacoima,7,2023,19,3,533.3
06037104108,Arleta - Pacoima,7,2023,24,14,71.4
06037104124,Sunland-E LaTuna Cyn-Lakevw Ter-Shadow Hls-Tujunga,7,2023,41,40,2.5
06037104201,Arleta - Pacoima,7,2023,27,33,-18.2
06037104203,Arleta - Pacoima,7,2023,21,24,-12.5
06037104204,Arleta - Pacoima,7,2023,11,14,-21.4
06037104310,Arleta - Pacoima,7,2023,26,27,-3.7
06037104321,Arleta - Pacoima,7,2023,19,6,216.7
06037104322,Arleta - Pacoima,7,2023,11,2,450.0
06037104401,Arleta - Pacoima,7,2023,27,25,8.0
06037104403,Arleta - Pacoima,7,2023,20,15,33.3
06037104404,Arleta - Pacoima,7,2023,15,12,25.0
06037104500,Arleta - Pacoima,7,2023,19,14,35.7
06037104610,Arleta - Pacoima,7,2023,27,16,68.8
06037104620,Arleta - Pacoima,7,2023,20,21,-4.8
06037104701,Arleta - Pacoima,7,2023,16,21,-23.8
06037104704,Arleta - Pacoima,7,2023,15,11,36.4
06037104821,Arleta - Pacoima,7,2023,9,11,-18.2
06037104822,Arleta - Pacoima,7,2023,10,10,0.0
06037104823,Arleta - Pacoima,7,2023,26,5,420.0
06037104824,Arleta - Pacoima,7,2023,15,3,400.0
06037106010,Sylmar,7,2023,24,33,-27.3
06037106020,Sylmar,7,2023,85,72,18.1
06037106111,Sylmar,7,2023,44,41,7.3
06037106112,Sylmar,7,2023,36,54,-33.3
06037106113,Sylmar,7,2023,33,40,-17.5
06037106114,Sylmar,7,2023,27,21,28.6
06037106403,Sylmar,7,2023,40,34,17.6
06037106405,Sylmar,7,2023,16,21,-23.8
06037106406,Sylmar,7,2023,58,56,3.6
06037106407,Sylmar,7,2023,3,6,-50.0
06037106510,Sylmar,7,2023,25,31,-19.4
06037106520,Sylmar,7,2023,44,32,37.5
06037106603,Granada Hills - Knollwood,12,2023,50,52,-3.8
06037106604,Sylmar,7,2023,29,35,-17.1
06037106641,Granada Hills - Knollwood,12,2023,39,41,-4.9
06037106642,Granada Hills - Knollwood,12,2023,80,50,60.0
06037106643,Granada Hills - Knollwood,12,2023,81,73,11.0
06037106645,Granada Hills - Knollwood,12,2023,82,72,13.9
06037106646,Granada Hills - Knollwood,12,2023,56,47,19.1
06037106648,Sylmar,7,2023,24,33,-27.3
06037106649,Sylmar,7,2023,15,38,-60.5
06037107010,Sylmar,7,2023,32,28,14.3
06037107020,Sylmar,7,2023,37,39,-5.1
06037108101,Chatsworth - Porter Ranch,12,2023,21,32,-34.4
06037108102,Chatsworth - Porter Ranch,12,2023,96,71,35.2
06037108103,Chatsworth - Porter Ranch,12,2023,48,36,33.3
06037108104,Chatsworth - Porter Ranch,12,2023,27,22,22.7
06037108202,Chatsworth - Porter Ranch,12,2023,263,405,-35.1
06037108203,Chatsworth - Porter Ranch,12,2023,32,3,966.7
06037108204,Chatsworth - Porter Ranch,12,2023,12,1,1100.0
06037109100,Mission Hills - Panorama City - North Hills,7,2023,23,25,-8.0
06037109200,Granada Hills - Knollwood,12,2023,37,52,-28.8
06037109300,Granada Hills - Knollwood,12,2023,53,57,-7.0
06037109400,Mission Hills - Panorama City - North Hills,7,2023,41,39,5.1
06037109500,Arleta - Pacoima,7,2023,36,38,-5.3
06037109601,Mission Hills - Panorama City - North Hills,7,2023,69,53,30.2
06037109603,Mission Hills - Panorama City - North Hills,7,2023,49,49,0.0
06037109604,Mission Hills - Panorama City - North Hills,7,2023,57,39,46.2
06037109700,Granada Hills - Knollwood,12,2023,83,88,-5.7
06037109800,Granada Hills - Knollwood,12,2023,88,70,25.7
06037111100,Granada Hills - Knollwood,12,2023,64,47,36.2
06037111201,Granada Hills - Knollwood,12,2023,58,76,-23.7
06037111202,Granada Hills - Knollwood,12,2023,118,92,28.3
06037111204,Northridge,12,2023,111,86,29.1
06037111205,Northridge,12,2023,38,29,31.0
06037111206,Northridge,12,2023,112,96,16.7
06037111302,Northridge,12,2023,86,61,41.0
06037111303,Granada Hills - Knollwood,12,2023,57,8,612.5
06037111401,Granada Hills - Knollwood,12,2023,35,11,218.2
06037111402,Granada Hills - Knollwood,12,2023,36,24,50.0
06037113101,Chatsworth - Porter Ranch,12,2023,53,68,-22.1
06037113102,Chatsworth - Porter Ranch,12,2023,69,78,-11.5
06037113211,Chatsworth - Porter Ranch,12,2023,24,41,-41.5
06037113212,Chatsworth - Porter Ranch,12,2023,26,17,52.9
06037113213,Chatsworth - Porter Ranch,12,2023,57,44,29.5
06037113231,Chatsworth - Porter Ranch,12,2023,43,32,34.4
06037113232,Chatsworth - Porter Ranch,12,2023,88,77,14.3
06037113234,Chatsworth - Porter Ranch,3,2023,19,25,-24.0
06037113237,Chatsworth - Porter Ranch,12,2023,29,25,16.0
06037113238,Chatsworth - Porter Ranch,3,2023,27,7,285.7
06037113239,Chatsworth - Porter Ranch,3,2023,15,1,1400.0
06037113301,Chatsworth - Porter Ranch,12,2023,49,26,88.5
06037113303,Chatsworth - Porter Ranch,12,2023,56,65,-13.8
06037113322,Chatsworth - Porter Ranch,12,2023,79,67,17.9
06037113323,Chatsworth - Porter Ranch,12,2023,64,5,1180.0
06037113423,Chatsworth - Porter Ranch,3,2023,33,5,560.0
06037113424,Chatsworth - Porter Ranch,12,2023,48,15,220.0
06037113425,Chatsworth - Porter Ranch,3,2023,3,,
06037113426,Chatsworth - Porter Ranch,3,2023,25,6,316.7
06037113427,Chatsworth - Porter Ranch,3,2023,8,3,166.7
06037113428,Chatsworth - Porter Ranch,3,2023,54,14,285.7
06037115101,Northridge,12,2023,110,107,2.8
06037115104,Northridge,12,2023,36,36,0.0
06037115202,Northridge,12,2023,107,84,27.4
06037115203,Northridge,12,2023,28,,
06037115204,Northridge,12,2023,31,11,181.8
06037115301,Northridge,12,2023,44,41,7.3
06037115302,Northridge,12,2023,24,26,-7.7
06037115401,Northridge,12,2023,50,67,-25.4
06037115403,Northridge,12,2023,17,19,-10.5
06037115404,Northridge,12,2023,42,18,133.3
06037117101,Mission Hills - Panorama City - North Hills,7,2023,15,19,-21.1
06037117102,Mission Hills - Panorama City - North Hills,7,2023,37,32,15.6
06037117201,Mission Hills - Panorama City - North Hills,7,2023,24,26,-7.7
06037117202,Mission Hills - Panorama City - North Hills,12,2023,45,27,66.7
06037117301,Mission Hills - Panorama City - North Hills,12,2023,99,52,90.4
06037117302,Northridge,12,2023,96,74,29.7
06037117303,Mission Hills - Panorama City - North Hills,12,2023,67,44,52.3
06037117404,Mission Hills - Panorama City - North Hills,12,2023,66,68,-2.9
06037117405,Mission Hills - Panorama City - North Hills,7,2023,10,6,66.7
06037117407,Mission Hills - Panorama City - North Hills,6,2023,6,6,0.0
06037117408,Mission Hills - Panorama City - North Hills,6,2023,6,9,-33.3
06037117510,Mission Hills - Panorama City - North Hills,7,2023,12,3,300.0
06037117520,Mission Hills - Panorama City - North Hills,6,2023,13,6,116.7
06037117530,Mission Hills - Panorama City - North Hills,6,2023,11,4,175.0
06037119001,Sun Valley - La Tuna Canyon,6,2023,38,34,11.8
06037119003,Arleta - Pacoima,6,2023,27,5,440.0
06037119004,Arleta - Pacoima,6,2023,12,4,200.0
06037119201,Arleta - Pacoima,6,2023,36,30,20.0
06037119202,Arleta - Pacoima,6,2023,35,34,2.9
06037119310,Mission Hills - Panorama City - North Hills,6,2023,73,26,180.8
06037119320,Mission Hills - Panorama City - North Hills,6,2023,26,40,-35.0
06037119340,Mission Hills - Panorama City - North Hills,6,2023,3,1,200.0
06037119341,Mission Hills - Panorama City - North Hills,6,2023,7,9,-22.2
06037119342,Mission Hills - Panorama City - North Hills,6,2023,10,6,66.7
06037119400,Arleta - Pacoima,6,2023,54,56,-3.6
06037119700,Mission Hills - Panorama City - North Hills,6,2023,79,65,21.5
06037119801,Arleta - Pacoima,6,2023,30,3,900.0
06037119802,Arleta - Pacoima,6,2023,37,7,428.6
06037119900,Mission Hills - Panorama City - North Hills,6,2023,78,70,11.4
06037120010,Mission Hills - Panorama City - North Hills,6,2023,40,22,81.8
06037120020,Mission Hills - Panorama City - North Hills,6,2023,29,18,61.1
06037120030,Mission Hills - Panorama City - North Hills,6,2023,10,5,100.0
06037120103,Mission Hills - Panorama City - North Hills,6,2023,16,6,166.7
06037120104,Mission Hills - Panorama City - North Hills,6,2023,9,11,-18.2
06037120105,Mission Hills - Panorama City - North Hills,6,2023,23,15,53.3
06037120106,Mission Hills - Panorama City - North Hills,6,2023,17,10,70.0
06037120107,Mission Hills - Panorama City - North Hills,6,2023,7,7,0.0
06037120108,Mission Hills - Panorama City - North Hills,6,2023,7,8,-12.5
06037120300,Mission Hills - Panorama City - North Hills,6,2023,71,71,0.0
06037120400,Mission Hills - Panorama City - North Hills,6,2023,43,48,-10.4
06037121010,Sun Valley - La Tuna Canyon,2,2023,78,61,27.9
06037121020,Sun Valley - La Tuna Canyon,2,2023,37,46,-19.6
06037121101,Sun Valley - La Tuna Canyon,6,2023,13,20,-35.0
06037121102,Sun Valley - La Tuna Canyon,6,2023,47,42,11.9
06037121210,Sun Valley - La Tuna Canyon,6,2023,26,24,8.3
06037121221,Sun Valley - La Tuna Canyon,6,2023,21,16,31.3
06037121222,Sun Valley - La Tuna Canyon,6,2023,39,41,-4.9
06037121600,Sun Valley - La Tuna Canyon,2,2023,73,60,21.7
06037121801,Sun Valley - La Tuna Canyon,6,2023,29,43,-32.6
06037121802,Sun Valley - La Tuna Canyon,6,2023,53,30,76.7
06037121900,Sun Valley - La Tuna Canyon,6,2023,46,50,-8.0
06037122000,Sun Valley - La Tuna Canyon,2,2023,128,84,52.4
06037122120,Sun Valley - La Tuna Canyon,6,2023,28,37,-24.3
06037122121,Sun Valley - La Tuna Canyon,2,2023,8,18,-55.6
06037122122,Sun Valley - La Tuna Canyon,6,2023,11,5,120.0
06037122200,Sun Valley - La Tuna Canyon,2,2023,43,44,-2.3
06037122410,Sun Valley - La Tuna Canyon,2,2023,16,12,33.3
06037122420,Sun Valley - La Tuna Canyon,2,2023,37,50,-26.0
06037123010,Sun Valley - La Tuna Canyon,2,2023,31,28,10.7
06037123020,Sun Valley - La Tuna Canyon,2,2023,38,23,65.2
06037123103,North Hollywood - Valley Village,2,2023,49,31,58.1
06037123104,North Hollywood - Valley Village,2,2023,52,53,-1.9
06037123203,North Hollywood - Valley Village,2,2023,20,25,-20.0
06037123204,North Hollywood - Valley Village,2,2023,27,17,58.8
06037123205,North Hollywood - Valley Village,2,2023,35,34,2.9
06037123206,North Hollywood - Valley Village,2,2023,21,10,110.0
06037123301,North Hollywood - Valley Village,2,2023,28,17,64.7
06037123303,North Hollywood - Valley Village,2,2023,41,44,-6.8
06037123304,North Hollywood - Valley Village,2,2023,44,31,41.9
06037123410,North Hollywood - Valley Village,2,2023,33,41,-19.5
06037123420,North Hollywood - Valley Village,2,2023,34,39,-12.8
06037123510,Van Nuys - North Sherman Oaks,2,2023,55,50,10.0
06037123520,Van Nuys - North Sherman Oaks,2,2023,36,34,5.9
06037123601,Van Nuys - North Sherman Oaks,2,2023,80,70,14.3
06037123602,Van Nuys - North Sherman Oaks,2,2023,93,66,40.9
06037123700,North Hollywood - Valley Village,2,2023,101,83,21.7
06037123800,North Hollywood - Valley Village,2,2023,98,81,21.0
06037123901,North Hollywood - Valley Village,2,2023,75,56,33.9
06037123902,North Hollywood - Valley Village,2,2023,46,57,-19.3
06037124000,North Hollywood - Valley Village,2,2023,84,111,-24.3
06037124102,North Hollywood - Valley Village,2,2023,53,61,-13.1
06037124103,North Hollywood - Valley Village,2,2023,24,34,-29.4
06037124104,North Hollywood - Valley Village,2,2023,27,29,-6.9
06037124105,North Hollywood - Valley Village,2,2023,19,31,-38.7
06037124201,North Hollywood - Valley Village,2,2023,80,105,-23.8
06037124203,North Hollywood - Valley Village,2,2023,34,48,-29.2
06037124204,North Hollywood - Valley Village,2,2023,52,36,44.4
06037124300,North Hollywood - Valley Village,2,2023,76,48,58.3
06037124400,North Hollywood - Valley Village,2,2023,78,52,50.0
06037124500,Van Nuys - North Sherman Oaks,4,2023,59,78,-24.4
06037124600,Van Nuys - North Sherman Oaks,4,2023,92,101,-8.9
06037124700,Van Nuys - North Sherman Oaks,4,2023,99,89,11.2
06037124902,North Hollywood - Valley Village,2,2023,35,20,75.0
06037124903,North Hollywood - Valley Village,2,2023,39,33,18.2
06037125101,North Hollywood - Valley Village,2,2023,21,6,250.0
06037125102,North Hollywood - Valley Village,2,2023,45,11,309.1
06037125200,North Hollywood - Valley Village,2,2023,62,83,-25.3
06037125310,North Hollywood - Valley Village,2,2023,41,48,-14.6
06037125321,North Hollywood - Valley Village,2,2023,9,1,800.0
06037125322,North Hollywood - Valley Village,2,2023,3,2,50.0
06037125402,North Hollywood - Valley Village,2,2023,57,54,5.6
06037125403,North Hollywood - Valley Village,2,2023,8,3,166.7
06037125404,North Hollywood - Valley Village,2,2023,13,1,1200.0
06037125501,North Hollywood - Valley Village,2,2023,56,53,5.7
06037125502,North Hollywood - Valley Village,2,2023,45,53,-15.1
06037125600,North Hollywood - Valley Village,2,2023,68,58,17.2
06037127102,Van Nuys - North Sherman Oaks,2,2023,24,45,-46.7
06037127103,Van Nuys - North Sherman Oaks,2,2023,20,20,0.0
06037127104,Van Nuys - North Sherman Oaks,2,2023,45,52,-13.5
06037127210,Van Nuys - North Sherman Oaks,6,2023,29,28,3.6
06037127220,Van Nuys - North Sherman Oaks,6,2023,36,35,2.9
06037127300,Van Nuys - North Sherman Oaks,6,2023,35,41,-14.6
06037127400,Van Nuys - North Sherman Oaks,6,2023,40,62,-35.5
06037127520,Reseda - West Van Nuys,6,2023,9,5,80.0
06037127603,Van Nuys - North Sherman Oaks,6,2023,28,25,12.0
06037127604,Van Nuys - North Sherman Oaks,6,2023,25,16,56.3
06037127605,Van Nuys - North Sherman Oaks,6,2023,46,15,206.7
06037127606,Van Nuys - North Sherman Oaks,6,2023,40,21,90.5
06037127711,Van Nuys - North Sherman Oaks,6,2023,48,76,-36.8
06037127712,Van Nuys - North Sherman Oaks,6,2023,25,21,19.0
06037127803,Van Nuys - North Sherman Oaks,6,2023,20,30,-33.3
06037127804,Van Nuys - North Sherman Oaks,6,2023,48,33,45.5
06037127805,Van Nuys - North Sherman Oaks,6,2023,20,41,-51.2
06037127806,Van Nuys - North Sherman Oaks,6,2023,43,24,79.2
06037127910,Van Nuys - North Sherman Oaks,6,2023,40,20,100.0
06037127920,Van Nuys - North Sherman Oaks,2,2023,49,45,8.9
06037128101,Van Nuys - North Sherman Oaks,2,2023,54,61,-11.5
06037128102,Van Nuys - North Sherman Oaks,2,2023,45,30,50.0
06037128210,Van Nuys - North Sherman Oaks,6,2023,28,21,33.3
06037128220,Van Nuys - North Sherman Oaks,2,2023,38,47,-19.1
06037128302,Van Nuys - North Sherman Oaks,6,2023,19,32,-40.6
06037128303,Van Nuys - North Sherman Oaks,6,2023,11,24,-54.2
06037128400,Van Nuys - North Sherman Oaks,4,2023,106,122,-13.1
06037128500,Van Nuys - North Sherman Oaks,4,2023,67,75,-10.7
06037128601,Van Nuys - North Sherman Oaks,4,2023,58,45,28.9
06037128602,Van Nuys - North Sherman Oaks,2,2023,90,106,-15.1
06037128703,Van Nuys - North Sherman Oaks,4,2023,24,3,700.0
06037128704,Van Nuys - North Sherman Oaks,4,2023,40,15,166.7
06037128801,Van Nuys - North Sherman Oaks,4,2023,30,46,-34.8
06037128802,Van Nuys - North Sherman Oaks,4,2023,86,74,16.2
06037128910,Van Nuys - North Sherman Oaks,4,2023,98,82,19.5
06037131021,Reseda - West Van Nuys,4,2023,15,4,275.0
06037131022,Reseda - West Van Nuys,3,2023,16,3,433.3
06037131023,Reseda - West Van Nuys,3,2023,36,2,1700.0
06037131024,Reseda - West Van Nuys,3,2023,39,8,387.5
06037131100,Reseda - West Van Nuys,6,2023,100,91,9.9
06037131200,Reseda - West Van Nuys,12,2023,80,82,-2.4
06037131300,Reseda - West Van Nuys,4,2023,63,73,-13.7
06037131400,Reseda - West Van Nuys,4,2023,57,58,-1.7
06037131600,Reseda - West Van Nuys,3,2023,96,70,37.1
06037131701,Reseda - West Van Nuys,3,2023,27,18,50.0
06037131702,Reseda - West Van Nuys,3,2023,45,32,40.6
06037131801,Reseda - West Van Nuys,3,2023,29,3,866.7
06037131802,Reseda - West Van Nuys,4,2023,32,12,166.7
06037131900,Reseda - West Van Nuys,6,2023,92,89,3.4
06037132001,Reseda - West Van Nuys,6,2023,76,53,43.4
06037132002,Reseda - West Van Nuys,6,2023,106,81,30.9
06037132101,Reseda - West Van Nuys,6,2023,73,57,28.1
06037132102,Reseda - West Van Nuys,6,2023,84,54,55.6
06037132301,Reseda - West Van Nuys,4,2023,27,2,1250.0
06037132302,Reseda - West Van Nuys,4,2023,38,9,322.2
06037132501,Reseda - West Van Nuys,3,2023,35,68,-48.5
06037132502,Reseda - West Van Nuys,3,2023,39,32,21.9
06037132700,Reseda - West Van Nuys,4,2023,80,91,-12.1
06037132900,Reseda - West Van Nuys,3,2023,87,71,22.5
06037133000,Reseda - West Van Nuys,3,2023,73,61,19.7
06037133101,Reseda - West Van Nuys,3,2023,52,10,420.0
06037133102,Reseda - West Van Nuys,3,2023,22,12,83.3
06037134001,Canoga Park-West Hills-Winnetka-Woodland Hills,3,2023,20,22,-9.1
06037134002,Canoga Park-West Hills-Winnetka-Woodland Hills,3,2023,45,52,-13.5
06037134101,Canoga Park-West Hills-Winnetka-Woodland Hills,3,2023,58,57,1.8
06037134103,Canoga Park-West Hills-Winnetka-Woodland Hills,3,2023,54,58,-6.9
06037134104,Canoga Park-West Hills-Winnetka-Woodland Hills,3,2023,28,33,-15.2
06037134201,Canoga Park-West Hills-Winnetka-Woodland Hills,3,2023,56,54,3.7
06037134302,Canoga Park-West Hills-Winnetka-Woodland Hills,12,2023,100,59,69.5
06037134303,Canoga Park-West Hills-Winnetka-Woodland Hills,3,2023,45,65,-30.8
06037134304,Canoga Park-West Hills-Winnetka-Woodland Hills,3,2023,51,35,45.7
06037134305,Canoga Park-West Hills-Winnetka-Woodland Hills,3,2023,4,6,-33.3
06037134306,Canoga Park-West Hills-Winnetka-Woodland Hills,3,2023,23,29,-20.7
06037134421,Canoga Park-West Hills-Winnetka-Woodland Hills,12,2023,91,79,15.2
06037134422,Canoga Park-West Hills-Winnetka-Woodland Hills,12,2023,108,82,31.7
06037134423,Canoga Park-West Hills-Winnetka-Woodland Hills,12,2023,60,70,-14.3
06037134424,Canoga Park-West Hills-Winnetka-Woodland Hills,12,2023,31,55,-43.6
06037134520,Canoga Park-West Hills-Winnetka-Woodland Hills,3,2023,15,16,-6.3
06037134521,Canoga Park-West Hills-Winnetka-Woodland Hills,3,2023,13,13,0.0
06037134522,Canoga Park-West Hills-Winnetka-Woodland Hills,3,2023,17,35,-51.4
06037134710,Canoga Park-West Hills-Winnetka-Woodland Hills,3,2023,34,24,41.7
06037134720,Canoga Park-West Hills-Winnetka-Woodland Hills,3,2023,44,41,7.3
06037134801,Canoga Park-West Hills-Winnetka-Woodland Hills,3,2023,50,8,525.0
06037134802,Canoga Park-West Hills-Winnetka-Woodland Hills,3,2023,51,17,200.0
06037134901,Reseda - West Van Nuys,3,2023,81,66,22.7
06037134904,Canoga Park-West Hills-Winnetka-Woodland Hills,3,2023,56,62,-9.7
06037134905,Canoga Park-West Hills-Winnetka-Woodland Hills,3,2023,8,16,-50.0
06037134906,Canoga Park-West Hills-Winnetka-Woodland Hills,3,2023,2,,
06037134907,Canoga Park-West Hills-Winnetka-Woodland Hills,3,2023,2,1,100.0
06037135102,Canoga Park-West Hills-Winnetka-Woodland Hills,12,2023,90,77,16.9
06037135111,Canoga Park-West Hills-Winnetka-Woodland Hills,3,2023,77,71,8.5
06037135113,Canoga Park-West Hills-Winnetka-Woodland Hills,3,2023,3,1,200.0
06037135115,Canoga Park-West Hills-Winnetka-Woodland Hills,3,2023,16,6,166.7
06037135116,Canoga Park-West Hills-Winnetka-Woodland Hills,3,2023,1,,
06037135201,Canoga Park-West Hills-Winnetka-Woodland Hills,12,2023,56,59,-5.1
06037135202,Canoga Park-West Hills-Winnetka-Woodland Hills,12,2023,109,114,-4.4
06037135204,Canoga Park-West Hills-Winnetka-Woodland Hills,12,2023,117,34,244.1
06037135205,Canoga Park-West Hills-Winnetka-Woodland Hills,12,2023,24,8,200.0
06037137000,Canoga Park-West Hills-Winnetka-Woodland Hills,3,2023,137,33,315.2
06037137103,Canoga Park-West Hills-Winnetka-Woodland Hills,3,2023,53,9,488.9
06037137104,Canoga Park-West Hills-Winnetka-Woodland Hills,3,2023,91,98,-7.1
06037137202,Canoga Park-West Hills-Winnetka-Woodland Hills,3,2023,43,4,975.0
06037137203,Canoga Park-West Hills-Winnetka-Woodland Hills,3,2023,52,17,205.9
06037137301,Canoga Park-West Hills-Winnetka-Woodland Hills,3,2023,80,81,-1.2
06037137302,Canoga Park-West Hills-Winnetka-Woodland Hills,3,2023,133,130,2.3
06037137401,Canoga Park-West Hills-Winnetka-Woodland Hills,3,2023,111,115,-3.5
06037137402,Canoga Park-West Hills-Winnetka-Woodland Hills,3,2023,130,108,20.4
06037137501,Canoga Park-West Hills-Winnetka-Woodland Hills,3,2023,66,77,-14.3
06037137502,Canoga Park-West Hills-Winnetka-Woodland Hills,3,2023,138,122,13.1
06037137504,Canoga Park-West Hills-Winnetka-Woodland Hills,3,2023,68,66,3.0
06037138000,Canoga Park-West Hills-Winnetka-Woodland Hills,3,2023,117,114,2.6
06037139001,Encino - Tarzana,4,2023,124,116,6.9
06037139200,Encino - Tarzana,4,2023,69,72,-4.2
06037139301,Encino - Tarzana,3,2023,146,136,7.4
06037139302,Encino - Tarzana,3,2023,14,7,100.0
06037139303,Encino - Tarzana,3,2023,18,29,-37.9
06037139401,Encino - Tarzana,3,2023,31,30,3.3
06037139402,Encino - Tarzana,3,2023,73,81,-9.9
06037139502,Encino - Tarzana,3,2023,69,55,25.5
06037139504,Encino - Tarzana,4,2023,21,12,75.0
06037139505,Encino - Tarzana,4,2023,10,3,233.3
06037139506,Encino - Tarzana,4,2023,2,3,-33.3
06037139600,Encino - Tarzana,4,2023,87,87,0.0
06037139701,Encino - Tarzana,4,2023,158,165,-4.2
06037139703,Encino - Tarzana,4,2023,78,54,44.4
06037139704,Encino - Tarzana,4,2023,84,23,265.2
06037139705,Encino - Tarzana,4,2023,97,16,506.3
06037139801,Encino - Tarzana,3,2023,119,90,32.2
06037139802,Encino - Tarzana,3,2023,108,71,52.1
06037141101,Sherman Oaks-Studio City-Toluca Lake-Cahuenga Pass,4,2023,61,61,0.0
06037141102,Sherman Oaks-Studio City-Toluca Lake-Cahuenga Pass,4,2023,44,40,10.0
06037141201,Sherman Oaks-Studio City-Toluca Lake-Cahuenga Pass,4,2023,90,49,83.7
06037141202,Sherman Oaks-Studio City-Toluca Lake-Cahuenga Pass,4,2023,37,42,-11.9
06037141303,Sherman Oaks-Studio City-Toluca Lake-Cahuenga Pass,4,2023,16,10,60.0
06037141304,Sherman Oaks-Studio City-Toluca Lake-Cahuenga Pass,4,2023,60,38,57.9
06037141305,Sherman Oaks-Studio City-Toluca Lake-Cahuenga Pass,4,2023,44,13,238.5
06037141306,Sherman Oaks-Studio City-Toluca Lake-Cahuenga Pass,4,2023,24,4,500.0
06037141400,Encino - Tarzana,4,2023,102,114,-10.5
06037141500,Encino - Tarzana,4,2023,84,78,7.7
06037141600,Sherman Oaks-Studio City-Toluca Lake-Cahuenga Pass,4,2023,141,158,-10.8
06037141700,Sherman Oaks-Studio City-Toluca Lake-Cahuenga Pass,4,2023,119,110,8.2
06037143101,Sherman Oaks-Studio City-Toluca Lake-Cahuenga Pass,2,2023,34,10,240.0
06037143102,Sherman Oaks-Studio City-Toluca Lake-Cahuenga Pass,2,2023,14,,
06037143200,Sherman Oaks-Studio City-Toluca Lake-Cahuenga Pass,2,2023,49,40,22.5
06037143301,North Hollywood - Valley Village,2,2023,20,7,185.7
06037143302,Sherman Oaks-Studio City-Toluca Lake-Cahuenga Pass,2,2023,69,13,430.8
06037143401,Sherman Oaks-Studio City-Toluca Lake-Cahuenga Pass,4,2023,81,21,285.7
06037143402,Sherman Oaks-Studio City-Toluca Lake-Cahuenga Pass,4,2023,33,6,450.0
06037143500,Sherman Oaks-Studio City-Toluca Lake-Cahuenga Pass,4,2023,99,84,17.9
06037143602,Sherman Oaks-Studio City-Toluca Lake-Cahuenga Pass,2,2023,65,57,14.0
06037143603,Sherman Oaks-Studio City-Toluca Lake-Cahuenga Pass,2,2023,45,19,136.8
06037143605,Sherman Oaks-Studio City-Toluca Lake-Cahuenga Pass,2,2023,2,1,100.0
06037143606,Sherman Oaks-Studio City-Toluca Lake-Cahuenga Pass,4,2023,5,1,400.0
06037143700,Sherman Oaks-Studio City-Toluca Lake-Cahuenga Pass,4,2023,163,120,35.8
06037143801,Sherman Oaks-Studio City-Toluca Lake-Cahuenga Pass,4,2023,61,16,281.3
06037143802,Sherman Oaks-Studio City-Toluca Lake-Cahuenga Pass,4,2023,58,20,190.0
06037143901,Sherman Oaks-Studio City-Toluca Lake-Cahuenga Pass,4,2023,162,119,36.1
06037143902,Sherman Oaks-Studio City-Toluca Lake-Cahuenga Pass,4,2023,77,60,28.3
06037181000,Northeast Los Angeles,14,2023,164,181,-9.4
06037181300,Northeast Los Angeles,14,2023,81,90,-10.0
06037181400,Northeast Los Angeles,14,2023,44,38,15.8
06037181500,Northeast Los Angeles,14,2023,68,60,13.3
06037181600,Northeast Los Angeles,14,2023,39,58,-32.8
06037183101,Northeast Los Angeles,14,2023,101,103,-1.9
06037183103,Northeast Los Angeles,14,2023,49,28,75.0
06037183104,Northeast Los Angeles,14,2023,56,27,107.4
06037183220,Northeast Los Angeles,14,2023,46,37,24.3
06037183221,Northeast Los Angeles,14,2023,59,56,5.4
06037183222,Northeast Los Angeles,14,2023,48,76,-36.8
06037183300,Northeast Los Angeles,14,2023,42,48,-12.5
06037183401,Northeast Los Angeles,1,2023,53,55,-3.6
06037183402,Northeast Los Angeles,14,2023,33,66,-50.0
06037183510,Northeast Los Angeles,1,2023,43,41,4.9
06037183520,Northeast Los Angeles,1,2023,34,47,-27.7
06037183610,Northeast Los Angeles,1,2023,31,17,82.4
06037183620,Northeast Los Angeles,1,2023,35,36,-2.8
06037183701,Northeast Los Angeles,1,2023,51,31,64.5
06037183702,Northeast Los Angeles,14,2023,37,29,27.6
06037183810,Northeast Los Angeles,1,2023,19,32,-40.6
06037183820,Northeast Los Angeles,1,2023,27,23,17.4
06037185101,Northeast Los Angeles,1,2023,46,10,360.0
06037185102,Northeast Los Angeles,1,2023,78,16,387.5
06037185202,Northeast Los Angeles,1,2023,74,51,45.1
06037185203,Northeast Los Angeles,1,2023,34,31,9.7
06037185204,Northeast Los Angeles,1,2023,46,49,-6.1
06037185310,Northeast Los Angeles,1,2023,37,43,-14.0
06037185320,Northeast Los Angeles,1,2023,39,29,34.5
06037186100,Northeast Los Angeles,13,2023,107,94,13.8
06037186201,Northeast Los Angeles,1,2023,46,40,15.0
06037186202,Northeast Los Angeles,1,2023,38,39,-2.6
06037186203,Northeast Los Angeles,1,2023,73,79,-7.6
06037186301,Northeast Los Angeles,13,2023,35,26,34.6
06037186302,Northeast Los Angeles,1,2023,117,89,31.5
06037186401,Northeast Los Angeles,13,2023,57,35,62.9
06037186403,Northeast Los Angeles,1,2023,43,31,38.7
06037186404,Northeast Los Angeles,1,2023,22,33,-33.3
06037187101,Northeast Los Angeles,13,2023,89,64,39.1
06037187102,Northeast Los Angeles,13,2023,55,39,41.0
06037187200,Silver Lake - Echo Park - Elysian Valley,13,2023,179,41,336.6
06037187300,Silver Lake - Echo Park - Elysian Valley,13,2023,103,70,47.1
06037188100,Northeast Los Angeles,13,2023,68,65,4.6
06037188201,Hollywood,4,2023,60,70,-14.3
06037188202,Hollywood,4,2023,56,43,30.2
06037188300,Northeast Los Angeles,13,2023,110,94,17.0
06037189101,Hollywood,4,2023,26,36,-27.8
06037189102,Hollywood,4,2023,51,39,30.8
06037189201,Hollywood,4,2023,29,41,-29.3
06037189202,Hollywood,4,2023,66,96,-31.3
06037189300,Hollywood,4,2023,138,95,45.3
06037189400,Hollywood,4,2023,99,124,-20.2
06037189501,Hollywood,4,2023,33,4,725.0
06037189502,Hollywood,4,2023,24,8,200.0
06037189600,Hollywood,4,2023,81,110,-26.4
06037189702,Hollywood,4,2023,52,55,-5.5
06037189703,Hollywood,4,2023,23,9,155.6
06037189704,Hollywood,4,2023,52,6,766.7
06037189801,Hollywood,13,2023,30,3,900.0
06037189802,Hollywood,13,2023,33,7,371.4
06037189903,Hollywood,4,2023,6,11,-45.5
06037189904,Hollywood,4,2023,8,3,166.7
06037189905,Hollywood,4,2023,17,18,-5.6
06037189906,Hollywood,13,2023,16,5,220.0
06037189907,Hollywood,13,2023,10,,
06037190101,Hollywood,13,2023,3,1,200.0
06037190102,Hollywood,13,2023,13,,
06037190201,Hollywood,13,2023,3,6,-50.0
06037190202,Hollywood,13,2023,4,4,0.0
06037190302,Hollywood,13,2023,9,2,350.0
06037190303,Hollywood,13,2023,9,2,350.0
06037190401,Hollywood,4,2023,26,20,30.0
06037190402,Hollywood,13,2023,16,7,128.6
06037190510,Hollywood,13,2023,13,8,62.5
06037190520,Hollywood,13,2023,14,11,27.3
06037190701,Hollywood,13,2023,2,,
06037190702,Hollywood,13,2023,14,4,250.0
06037190801,Hollywood,13,2023,15,35,-57.1
06037190802,Hollywood,13,2023,20,16,25.0
06037190901,Hollywood,13,2023,27,29,-6.9
06037190902,Hollywood,13,2023,35,32,9.4
06037191000,Hollywood,13,2023,19,15,26.7
06037191110,Hollywood,13,2023,9,22,-59.1
06037191120,Hollywood,13,2023,31,40,-22.5
06037191201,Hollywood,13,2023,17,25,-32.0
06037191203,Hollywood,13,2023,10,10,0.0
06037191204,Hollywood,13,2023,16,25,-36.0
06037191301,Hollywood,13,2023,27,33,-18.2
06037191302,Hollywood,13,2023,10,41,-75.6
06037191410,Hollywood,13,2023,36,103,-65.0
06037191420,Hollywood,13,2023,23,104,-77.9
06037191500,Hollywood,13,2023,37,34,8.8
06037191610,Hollywood,13,2023,28,21,33.3
06037191620,Hollywood,13,2023,16,16,0.0
06037191710,Hollywood,13,2023,18,27,-33.3
06037191720,Hollywood,13,2023,38,28,35.7
06037191810,Hollywood,13,2023,33,17,94.1
06037191820,Hollywood,13,2023,14,29,-51.7
06037191901,Hollywood,4,2023,21,32,-34.4
06037191902,Hollywood,5,2023,105,105,0.0
06037192001,Hollywood,5,2023,45,52,-13.5
06037192002,Hollywood,5,2023,105,72,45.8
06037192300,Wilshire,4,2023,38,54,-29.6
06037192410,Wilshire,13,2023,97,61,59.0
06037192420,Wilshire,4,2023,23,42,-45.2
06037192510,Wilshire,13,2023,14,23,-39.1
06037192520,Wilshire,13,2023,25,54,-53.7
06037192610,Wilshire,13,2023,26,24,8.3
06037192620,Wilshire,13,2023,10,7,42.9
06037192700,Wilshire,13,2023,20,29,-31.0
06037194101,Hollywood,4,2023,77,60,28.3
06037194102,Hollywood,4,2023,123,121,1.7
06037194200,Hollywood,4,2023,142,175,-18.9
06037194300,Hollywood,4,2023,184,139,32.4
06037194401,Hollywood,5,2023,62,39,59.0
06037194402,Hollywood,5,2023,59,59,0.0
06037194500,Wilshire,5,2023,61,55,10.9
06037195100,Silver Lake - Echo Park - Elysian Valley,4,2023,130,139,-6.5
06037195201,Hollywood,4,2023,43,49,-12.2
06037195202,Hollywood,4,2023,92,93,-1.1
06037195300,Hollywood,4,2023,66,74,-10.8
06037195400,Silver Lake - Echo Park - Elysian Valley,13,2023,113,163,-30.7
06037195500,Silver Lake - Echo Park - Elysian Valley,13,2023,147,141,4.3
06037195600,Silver Lake - Echo Park - Elysian Valley,13,2023,74,75,-1.3
06037195710,Silver Lake - Echo Park - Elysian Valley,13,2023,35,30,16.7
06037195720,Silver Lake - Echo Park - Elysian Valley,13,2023,33,36,-8.3
06037195802,Silver Lake - Echo Park - Elysian Valley,13,2023,31,31,0.0
06037195803,Silver Lake - Echo Park - Elysian Valley,13,2023,66,112,-41.1
06037195804,Silver Lake - Echo Park - Elysian Valley,13,2023,57,87,-34.5
06037195901,Silver Lake - Echo Park - Elysian Valley,13,2023,63,74,-14.9
06037195902,Silver Lake - Echo Park - Elysian Valley,13,2023,51,59,-13.6
06037195903,Silver Lake - Echo Park - Elysian Valley,13,2023,62,77,-19.5
06037197200,Silver Lake - Echo Park - Elysian Valley,13,2023,64,75,-14.7
06037197300,Silver Lake - Echo Park - Elysian Valley,13,2023,74,90,-17.8
06037197410,Silver Lake - Echo Park - Elysian Valley,13,2023,81,126,-35.7
06037197420,Silver Lake - Echo Park - Elysian Valley,13,2023,42,55,-23.6
06037197500,Silver Lake - Echo Park - Elysian Valley,1,2023,60,57,5.3
06037197600,Silver Lake - Echo Park - Elysian Valley,1,2023,24,22,9.1
06037197700,Silver Lake - Echo Park - Elysian Valley,1,2023,62,46,34.8
06037199001,Northeast Los Angeles,1,2023,7,,
06037199002,Northeast Los Angeles,1,2023,16,8,100.0
06037199110,Northeast Los Angeles,14,2023,16,21,-23.8
06037199120,Northeast Los Angeles,14,2023,15,11,36.4
06037199201,Northeast Los Angeles,1,2023,9,12,-25.0
06037199202,Northeast Los Angeles,1,2023,25,30,-16.7
06037199300,Northeast Los Angeles,1,2023,60,46,30.4
06037199400,Northeast Los Angeles,1,2023,31,27,14.8
06037199700,Northeast Los Angeles,1,2023,14,12,16.7
06037199801,Northeast Los Angeles,14,2023,33,2,1550.0
06037199802,Northeast Los Angeles,14,2023,4,2,100.0
06037199900,Northeast Los Angeles,14,2023,10,23,-56.5
06037201110,Northeast Los Angeles,14,2023,28,33,-15.2
06037201120,Northeast Los Angeles,14,2023,35,28,25.0
06037201200,Northeast Los Angeles,14,2023,19,19,0.0
06037201301,Northeast Los Angeles,14,2023,38,34,11.8
06037201302,Northeast Los Angeles,14,2023,20,21,-4.8
06037201401,Northeast Los Angeles,14,2023,53,40,32.5
06037201402,Northeast Los Angeles,14,2023,62,53,17.0
06037201501,Northeast Los Angeles,14,2023,60,58,3.4
06037201503,Northeast Los Angeles,14,2023,27,28,-3.6
06037201504,Northeast Los Angeles,14,2023,23,16,43.8
06037201601,Northeast Los Angeles,14,2023,20,19,5.3
06037201602,Northeast Los Angeles,14,2023,27,27,0.0
06037201700,Northeast Los Angeles,14,2023,34,37,-8.1
06037203100,Northeast Los Angeles,14,2023,18,16,12.5
06037203200,Boyle Heights,14,2023,26,18,44.4
06037203300,Northeast Los Angeles,14,2023,13,6,116.7
06037203500,Boyle Heights,14,2023,16,16,0.0
06037203601,Boyle Heights,14,2023,12,5,140.0
06037203602,Boyle Heights,14,2023,6,3,100.0
06037203710,Boyle Heights,14,2023,20,15,33.3
06037203720,Boyle Heights,14,2023,15,17,-11.8
06037203800,Boyle Heights,14,2023,26,22,18.2
06037203900,Boyle Heights,14,2023,7,24,-70.8
06037204110,Boyle Heights,14,2023,22,12,83.3
06037204120,Boyle Heights,14,2023,13,13,0.0
06037204200,Boyle Heights,14,2023,29,31,-6.5
06037204300,Boyle Heights,14,2023,28,28,0.0
06037204410,Boyle Heights,14,2023,5,9,-44.4
06037204420,Boyle Heights,14,2023,8,12,-33.3
06037204600,Boyle Heights,14,2023,17,13,30.8
06037204700,Boyle Heights,14,2023,36,18,100.0
06037204810,Boyle Heights,14,2023,14,27,-48.1
06037204820,Boyle Heights,14,2023,19,16,18.8
06037204910,Boyle Heights,14,2023,10,22,-54.5
06037204920,Boyle Heights,14,2023,8,13,-38.5
06037205120,Boyle Heights,14,2023,7,4,75.0
06037206010,Central City North,1,2023,15,19,-21.1
06037206050,Boyle Heights,14,2023,4,7,-42.9
06037206051,Central City North,14,2023,3,3,0.0
06037206052,Central City North,14,2023,2,1,100.0
06037206053,Boyle Heights,14,2023,8,2,300.0
06037206054,Boyle Heights,14,2023,2,1,100.0
06037206202,Central City,14,2023,4,,
06037207101,Central City North,1,2023,7,9,-22.2
06037207102,Central City North,1,2023,4,2,100.0
06037207103,Central City North,1,2023,13,10,30.0
06037207303,Central City,14,2023,1,,
06037207305,Central City,14,2023,1,2,-50.0
06037207400,Central City,14,2023,3,3,0.0
06037207501,Central City,14,2023,24,24,0.0
06037207502,Central City,14,2023,1,1,0.0
06037207711,Central City,14,2023,4,,
06037207712,Central City,14,2023,1,,
06037207901,Central City,14,2023,5,,
06037207902,Central City,14,2023,14,8,75.0
06037208002,Westlake,1,2023,16,3,433.3
06037208301,Westlake,1,2023,9,7,28.6
06037208302,Westlake,13,2023,35,21,66.7
06037208401,Westlake,1,2023,24,11,118.2
06037208402,Westlake,13,2023,26,20,30.0
06037208501,Westlake,13,2023,21,24,-12.5
06037208502,Westlake,13,2023,19,17,11.8
06037208610,Westlake,13,2023,35,27,29.6
06037208620,Westlake,13,2023,14,32,-56.3
06037208710,Westlake,1,2023,9,10,-10.0
06037208720,Westlake,1,2023,9,3,200.0
06037208801,Westlake,1,2023,3,3,0.0
06037208802,Westlake,1,2023,7,9,-22.2
06037208902,Westlake,1,2023,6,3,100.0
06037208903,Westlake,1,2023,6,3,100.0
06037208904,Westlake,1,2023,8,2,300.0
06037209103,Westlake,1,2023,17,5,240.0
06037209104,Westlake,1,2023,8,3,166.7
06037209105,Westlake,1,2023,5,1,400.0
06037209106,Westlake,1,2023,1,,
06037209202,Westlake,1,2023,2,,
06037209300,Westlake,1,2023,3,3,0.0
06037209401,Westlake,1,2023,22,2,1000.0
06037209402,Westlake,1,2023,11,3,266.7
06037209403,Westlake,1,2023,2,3,-33.3
06037209510,Westlake,1,2023,2,8,-75.0
06037209520,Westlake,1,2023,10,9,11.1
06037209810,Westlake,1,2023,4,5,-20.0
06037209820,Westlake,1,2023,10,6,66.7
06037210010,Westlake,1,2023,15,8,87.5
06037211000,Wilshire,4,2023,139,147,-5.4
06037211121,Wilshire,13,2023,19,22,-13.6
06037211122,Wilshire,13,2023,3,6,-50.0
06037211124,Wilshire,1,2023,10,1,900.0
06037211201,Wilshire,10,2023,21,24,-12.5
06037211202,Wilshire,10,2023,16,5,220.0
06037211310,Wilshire,10,2023,13,10,30.0
06037211320,Wilshire,10,2023,9,9,0.0
06037211410,Wilshire,10,2023,18,26,-30.8
06037211420,Wilshire,10,2023,32,17,88.2
06037211500,Wilshire,13,2023,75,69,8.7
06037211701,Wilshire,13,2023,37,24,54.2
06037211703,Wilshire,13,2023,1,22,-95.5
06037211704,Wilshire,10,2023,2,38,-94.7
06037211802,Wilshire,10,2023,21,14,50.0
06037211803,Wilshire,10,2023,5,1,400.0
06037211804,Wilshire,10,2023,12,8,50.0
06037211910,Wilshire,10,2023,15,7,114.3
06037211921,Wilshire,10,2023,3,4,-25.0
06037211922,Wilshire,10,2023,9,1,800.0
06037212101,Wilshire,10,2023,3,1,200.0
06037212102,Wilshire,10,2023,2,4,-50.0
06037212202,Wilshire,1,2023,4,15,-73.3
06037212203,Wilshire,10,2023,7,3,133.3
06037212204,Wilshire,1,2023,5,7,-28.6
06037212303,Wilshire,10,2023,7,1,600.0
06037212304,Wilshire,10,2023,6,4,50.0
06037212305,Wilshire,10,2023,15,12,25.0
06037212306,Wilshire,10,2023,3,6,-50.0
06037212410,Wilshire,10,2023,1,1,0.0
06037212420,Wilshire,10,2023,13,11,18.2
06037212501,Wilshire,10,2023,4,1,300.0
06037212502,Wilshire,10,2023,7,5,40.0
06037212610,Wilshire,4,2023,20,13,53.8
06037212620,Wilshire,4,2023,22,24,-8.3
06037212701,Wilshire,5,2023,31,29,6.9
06037212702,Wilshire,5,2023,49,66,-25.8
06037212800,Wilshire,10,2023,63,50,26.0
06037212900,Wilshire,10,2023,27,19,42.1
06037213100,Wilshire,10,2023,36,36,0.0
06037213201,Wilshire,10,2023,9,14,-35.7
06037213202,Wilshire,10,2023,24,37,-35.1
06037213310,Wilshire,1,2023,17,21,-19.0
06037213320,Wilshire,10,2023,11,9,22.2
06037213401,Wilshire,1,2023,7,14,-50.0
06037213402,Wilshire,1,2023,19,22,-13.6
06037214000,Wilshire,5,2023,81,73,11.0
06037214100,Wilshire,5,2023,82,92,-10.9
06037214400,Wilshire,5,2023,34,26,30.8
06037214501,Wilshire,5,2023,9,5,80.0
06037214503,Wilshire,5,2023,3,1,200.0
06037214504,Wilshire,5,2023,3,2,50.0
06037214600,Wilshire,5,2023,46,51,-9.8
06037214700,Wilshire,5,2023,60,59,1.7
06037214800,Wilshire,5,2023,46,46,0.0
06037214902,Wilshire,5,2023,34,21,61.9
06037214903,Wilshire,5,2023,15,,
06037214904,Wilshire,5,2023,31,5,520.0
06037215101,Wilshire,5,2023,4,2,100.0
06037215102,Wilshire,5,2023,13,16,-18.8
06037216100,Wilshire,10,2023,59,78,-24.4
06037216201,Wilshire,5,2023,41,9,355.6
06037216202,Wilshire,10,2023,35,12,191.7
06037216301,Wilshire,5,2023,23,3,666.7
06037216302,Wilshire,5,2023,41,24,70.8
06037216401,Wilshire,5,2023,51,44,15.9
06037216402,Wilshire,5,2023,39,24,62.5
06037216700,Wilshire,10,2023,93,101,-7.9
06037216800,Wilshire,5,2023,80,58,37.9
06037216901,Wilshire,10,2023,96,20,380.0
06037216902,Wilshire,10,2023,17,9,88.9
06037217001,Wilshire,5,2023,62,62,0.0
06037217002,Wilshire,5,2023,92,69,33.3
06037217101,Wilshire,10,2023,33,9,266.7
06037217102,Wilshire,10,2023,64,15,326.7
06037217200,Wilshire,10,2023,54,66,-18.2
06037218110,West Adams - Baldwin Hills - Leimert,10,2023,45,50,-10.0
06037218120,West Adams - Baldwin Hills - Leimert,10,2023,36,28,28.6
06037218210,West Adams - Baldwin Hills - Leimert,10,2023,38,44,-13.6
06037218220,West Adams - Baldwin Hills - Leimert,10,2023,42,70,-40.0
06037218300,West Adams - Baldwin Hills - Leimert,10,2023,75,137,-45.3
06037218400,West Adams - Baldwin Hills - Leimert,10,2023,66,89,-25.8
06037218500,West Adams - Baldwin Hills - Leimert,10,2023,39,41,-4.9
06037218600,West Adams - Baldwin Hills - Leimert,10,2023,51,51,0.0
06037218701,West Adams - Baldwin Hills - Leimert,10,2023,36,28,28.6
06037218702,West Adams - Baldwin Hills - Leimert,10,2023,35,28,25.0
06037218800,West Adams - Baldwin Hills - Leimert,10,2023,17,24,-29.2
06037218900,West Adams - Baldwin Hills - Leimert,10,2023,41,41,0.0
06037219010,West Adams - Baldwin Hills - Leimert,10,2023,31,36,-13.9
06037219020,West Adams - Baldwin Hills - Leimert,10,2023,60,63,-4.8
06037219300,West Adams - Baldwin Hills - Leimert,10,2023,44,42,4.8
06037219500,West Adams - Baldwin Hills - Leimert,10,2023,53,73,-27.4
06037219700,West Adams - Baldwin Hills - Leimert,10,2023,67,65,3.1
06037219800,West Adams - Baldwin Hills - Leimert,10,2023,32,27,18.5
06037219901,West Adams - Baldwin Hills - Leimert,10,2023,69,45,53.3
06037219902,West Adams - Baldwin Hills - Leimert,10,2023,43,62,-30.6
06037220000,West Adams - Baldwin Hills - Leimert,10,2023,104,151,-31.1
06037220100,West Adams - Baldwin Hills - Leimert,10,2023,53,55,-3.6
06037221110,South Los Angeles,1,2023,12,17,-29.4
06037221120,South Los Angeles,1,2023,11,15,-26.7
06037221210,South Los Angeles,10,2023,12,14,-14.3
06037221220,South Los Angeles,1,2023,10,12,-16.7
06037221302,South Los Angeles,10,2023,35,48,-27.1
06037221303,South Los Angeles,10,2023,10,9,11.1
06037221304,South Los Angeles,10,2023,13,14,-7.1
06037221401,South Los Angeles,10,2023,24,17,41.2
06037221402,South Los Angeles,10,2023,17,29,-41.4
06037221500,South Los Angeles,8,2023,21,15,40.0
06037221601,South Los Angeles,8,2023,17,21,-19.0
06037221602,South Los Angeles,1,2023,9,14,-35.7
06037221710,South Los Angeles,8,2023,31,21,47.6
06037221810,South Los Angeles,8,2023,17,10,70.0
06037221820,South Los Angeles,9,2023,32,30,6.7
06037221900,South Los Angeles,9,2023,36,26,38.5
06037222001,South Los Angeles,10,2023,25,34,-26.5
06037222002,South Los Angeles,8,2023,34,39,-12.8
06037222100,South Los Angeles,8,2023,23,35,-34.3
06037222200,South Los Angeles,8,2023,31,28,10.7
06037222500,South Los Angeles,8,2023,73,82,-11.0
06037222600,South Los Angeles,8,2023,78,118,-33.9
06037224010,Central City,14,2023,14,3,366.7
06037224020,Southeast Los Angeles,9,2023,3,3,0.0
06037224200,Westlake,1,2023,3,3,0.0
06037224310,Westlake,1,2023,8,4,100.0
06037224320,Westlake,1,2023,8,14,-42.9
06037224410,South Los Angeles,1,2023,41,24,70.8
06037224420,South Los Angeles,1,2023,4,14,-71.4
06037224600,Southeast Los Angeles,9,2023,19,10,90.0
06037224701,South Los Angeles,9,2023,6,1,500.0
06037224702,South Los Angeles,9,2023,12,,
06037226001,Southeast Los Angeles,9,2023,12,12,0.0
06037226002,Central City,14,2023,2,3,-33.3
06037226410,Southeast Los Angeles,9,2023,16,12,33.3
06037226420,Southeast Los Angeles,9,2023,21,18,16.7
06037226701,Southeast Los Angeles,9,2023,19,5,280.0
06037226702,Southeast Los Angeles,9,2023,8,3,166.7
06037227010,Southeast Los Angeles,9,2023,16,23,-30.4
06037227020,Southeast Los Angeles,9,2023,27,21,28.6
06037228100,Southeast Los Angeles,9,2023,28,21,33.3
06037228210,Southeast Los Angeles,9,2023,20,16,25.0
06037228220,Southeast Los Angeles,9,2023,16,6,166.7
06037228310,Southeast Los Angeles,9,2023,13,10,30.0
06037228320,Southeast Los Angeles,9,2023,17,20,-15.0
06037228410,Southeast Los Angeles,9,2023,16,13,23.1
06037228420,Southeast Los Angeles,9,2023,12,9,33.3
06037228500,Southeast Los Angeles,9,2023,24,21,14.3
06037228600,Southeast Los Angeles,9,2023,18,14,28.6
06037228710,Southeast Los Angeles,9,2023,22,5,340.0
06037228720,Southeast Los Angeles,9,2023,7,19,-63.2
06037228800,Southeast Los Angeles,9,2023,12,21,-42.9
06037228900,Southeast Los Angeles,9,2023,1,4,-75.0
06037229100,Southeast Los Angeles,9,2023,18,18,0.0
06037229200,Southeast Los Angeles,9,2023,21,23,-8.7
06037229300,Southeast Los Angeles,9,2023,24,8,200.0
06037229410,Southeast Los Angeles,9,2023,16,21,-23.8
06037229420,Southeast Los Angeles,9,2023,15,14,7.1
06037231100,Southeast Los Angeles,9,2023,12,9,33.3
06037231210,South Los Angeles,8,2023,48,45,6.7
06037231220,South Los Angeles,9,2023,15,23,-34.8
06037231301,South Los Angeles,8,2023,15,6,150.0
06037231302,South Los Angeles,8,2023,25,5,400.0
06037231400,South Los Angeles,8,2023,61,49,24.5
06037231500,South Los Angeles,8,2023,64,81,-21.0
06037231601,South Los Angeles,8,2023,12,4,200.0
06037231602,South Los Angeles,9,2023,24,5,380.0
06037231603,South Los Angeles,9,2023,16,3,433.3
06037231710,South Los Angeles,9,2023,25,13,92.3
06037231720,South Los Angeles,9,2023,21,30,-30.0
06037231800,Southeast Los Angeles,9,2023,23,21,9.5
06037231901,Southeast Los Angeles,9,2023,18,1,1700.0
06037231902,Southeast Los Angeles,9,2023,10,3,233.3
06037232110,South Los Angeles,9,2023,15,18,-16.7
06037232120,South Los Angeles,9,2023,21,29,-27.6
06037232200,South Los Angeles,9,2023,26,27,-3.7
06037232300,South Los Angeles,9,2023,42,42,0.0
06037232401,South Los Angeles,8,2023,22,7,214.3
06037232402,South Los Angeles,8,2023,25,8,212.5
06037232500,South Los Angeles,8,2023,44,47,-6.4
06037232601,South Los Angeles,8,2023,14,4,250.0
06037232602,South Los Angeles,9,2023,34,11,209.1
06037232701,South Los Angeles,9,2023,16,1,1500.0
06037232702,South Los Angeles,9,2023,13,1,1200.0
06037232800,Southeast Los Angeles,9,2023,15,15,0.0
06037234001,West Adams - Baldwin Hills - Leimert,10,2023,74,17,335.3
06037234002,West Adams - Baldwin Hills - Leimert,10,2023,49,11,345.5
06037234200,West Adams - Baldwin Hills - Leimert,10,2023,83,85,-2.4
06037234301,West Adams - Baldwin Hills - Leimert,10,2023,31,14,121.4
06037234302,West Adams - Baldwin Hills - Leimert,10,2023,44,11,300.0
06037234501,West Adams - Baldwin Hills - Leimert,8,2023,54,62,-12.9
06037234502,West Adams - Baldwin Hills - Leimert,8,2023,42,46,-8.7
06037234600,West Adams - Baldwin Hills - Leimert,8,2023,109,121,-9.9
06037234700,West Adams - Baldwin Hills - Leimert,8,2023,53,63,-15.9
06037234800,West Adams - Baldwin Hills - Leimert,8,2023,39,63,-38.1
06037234901,West Adams - Baldwin Hills - Leimert,8,2023,19,15,26.7
06037234902,West Adams - Baldwin Hills - Leimert,8,2023,32,50,-36.0
06037235100,West Adams - Baldwin Hills - Leimert,8,2023,98,117,-16.2
06037235201,West Adams - Baldwin Hills - Leimert,8,2023,64,44,45.5
06037235202,West Adams - Baldwin Hills - Leimert,8,2023,63,70,-10.0
06037236001,West Adams - Baldwin Hills - Leimert,10,2023,91,28,225.0
06037236101,West Adams - Baldwin Hills - Leimert,10,2023,47,14,235.7
06037236102,West Adams - Baldwin Hills - Leimert,8,2023,15,3,400.0
06037236203,West Adams - Baldwin Hills - Leimert,10,2023,44,76,-42.1
06037236204,West Adams - Baldwin Hills - Leimert,10,2023,15,14,7.1
06037236205,West Adams - Baldwin Hills - Leimert,10,2023,15,3,400.0
06037236206,West Adams - Baldwin Hills - Leimert,10,2023,15,5,200.0
06037236400,West Adams - Baldwin Hills - Leimert,8,2023,67,115,-41.7
06037237101,South Los Angeles,9,2023,19,17,11.8
06037237102,South Los Angeles,9,2023,17,22,-22.7
06037237201,South Los Angeles,9,2023,29,34,-14.7
06037237202,South Los Angeles,8,2023,37,24,54.2
06037237300,South Los Angeles,8,2023,65,75,-13.3
06037237401,South Los Angeles,8,2023,21,35,-40.0
06037237402,South Los Angeles,8,2023,28,22,27.3
06037237500,South Los Angeles,8,2023,11,27,-59.3
06037237600,South Los Angeles,8,2023,30,27,11.1
06037237710,South Los Angeles,8,2023,16,27,-40.7
06037237720,South Los Angeles,8,2023,21,28,-25.0
06037237800,South Los Angeles,8,2023,71,76,-6.6
06037237900,South Los Angeles,8,2023,71,73,-2.7
06037238000,South Los Angeles,8,2023,108,116,-6.9
06037238100,South Los Angeles,8,2023,90,102,-11.8
06037238200,South Los Angeles,8,2023,102,135,-24.4
06037238310,South Los Angeles,8,2023,17,24,-29.2
06037238320,South Los Angeles,8,2023,32,33,-3.0
06037238400,South Los Angeles,8,2023,91,70,30.0
06037239201,Southeast Los Angeles,9,2023,13,13,0.0
06037239202,Southeast Los Angeles,9,2023,20,30,-33.3
06037239310,Southeast Los Angeles,9,2023,16,18,-11.1
06037239320,Southeast Los Angeles,9,2023,20,12,66.7
06037239330,Southeast Los Angeles,9,2023,12,21,-42.9
06037239501,Southeast Los Angeles,9,2023,31,11,181.8
06037239502,Southeast Los Angeles,9,2023,22,18,22.2
06037239601,Southeast Los Angeles,9,2023,13,10,30.0
06037239602,Southeast Los Angeles,9,2023,21,25,-16.0
06037239701,Southeast Los Angeles,9,2023,29,17,70.6
06037239702,Southeast Los Angeles,9,2023,18,21,-14.3
06037239801,Southeast Los Angeles,9,2023,14,16,-12.5
06037239802,Southeast Los Angeles,9,2023,27,19,42.1
06037240010,Southeast Los Angeles,9,2023,24,9,166.7
06037240020,Southeast Los Angeles,9,2023,35,51,-31.4
06037240200,Southeast Los Angeles,8,2023,51,44,15.9
06037240301,South Los Angeles,8,2023,10,4,150.0
06037240302,South Los Angeles,8,2023,10,5,100.0
06037240401,South Los Angeles,8,2023,28,35,-20.0
06037240402,South Los Angeles,8,2023,32,25,28.0
06037240500,Southeast Los Angeles,8,2023,29,26,11.5
06037240600,Southeast Los Angeles,8,2023,36,28,28.6
06037240700,Southeast Los Angeles,8,2023,38,50,-24.0
06037240800,Southeast Los Angeles,8,2023,50,35,42.9
06037240901,Southeast Los Angeles,15,2023,6,4,50.0
06037240902,Southeast Los Angeles,8,2023,14,3,366.7
06037241001,Southeast Los Angeles,15,2023,29,29,0.0
06037241002,Southeast Los Angeles,15,2023,32,43,-25.6
06037241110,Southeast Los Angeles,8,2023,17,9,88.9
06037241120,Southeast Los Angeles,8,2023,29,29,0.0
06037241201,South Los Angeles,8,2023,37,31,19.4
06037241202,South Los Angeles,8,2023,52,59,-11.9
06037241300,South Los Angeles,15,2023,20,20,0.0
06037241400,Southeast Los Angeles,15,2023,19,22,-13.6
06037242000,Southeast Los Angeles,15,2023,31,28,10.7
06037242100,Southeast Los Angeles,15,2023,11,66,-83.3
06037242201,Southeast Los Angeles,15,2023,11,1,1000.0
06037242202,Southeast Los Angeles,15,2023,10,2,400.0
06037242300,Southeast Los Angeles,15,2023,16,23,-30.4
06037242600,Southeast Los Angeles,15,2023,9,4,125.0
06037242700,Southeast Los Angeles,15,2023,16,29,-44.8
06037243001,Southeast Los Angeles,15,2023,17,1,1600.0
06037243002,Southeast Los Angeles,15,2023,17,3,466.7
06037243100,Southeast Los Angeles,15,2023,24,15,60.0
06037261102,Bel Air - Beverly Crest,5,2023,180,167,7.8
06037261103,Bel Air - Beverly Crest,4,2023,62,6,933.3
06037261104,Bel Air - Beverly Crest,5,2023,47,13,261.5
06037261200,Bel Air - Beverly Crest,5,2023,141,114,23.7
06037262100,Bel Air - Beverly Crest,5,2023,193,182,6.0
06037262200,Bel Air - Beverly Crest,5,2023,151,145,4.1
06037262301,Brentwood - Pacific Palisades,11,2023,98,78,25.6
06037262302,Brentwood - Pacific Palisades,11,2023,98,81,21.0
06037262303,Brentwood - Pacific Palisades,11,2023,124,138,-10.1
06037262400,Brentwood - Pacific Palisades,11,2023,164,149,10.1
06037262501,Brentwood - Pacific Palisades,11,2023,110,108,1.9
06037262601,Brentwood - Pacific Palisades,11,2023,102,90,13.3
06037262604,Brentwood - Pacific Palisades,11,2023,178,167,6.6
06037262704,Brentwood - Pacific Palisades,11,2023,86,63,36.5
06037262706,Brentwood - Pacific Palisades,11,2023,109,100,9.0
06037262802,Brentwood - Pacific Palisades,11,2023,124,122,1.6
06037264000,Brentwood - Pacific Palisades,11,2023,119,98,21.4
06037264102,Brentwood - Pacific Palisades,11,2023,38,55,-30.9
06037264103,Brentwood - Pacific Palisades,11,2023,38,23,65.2
06037264303,Brentwood - Pacific Palisades,11,2023,24,5,380.0
06037264304,Brentwood - Pacific Palisades,11,2023,16,7,128.6
06037264305,Brentwood - Pacific Palisades,11,2023,50,11,354.5
06037264306,Brentwood - Pacific Palisades,11,2023,37,6,516.7
06037265100,Westwood,5,2023,126,97,29.9
06037265201,Westwood,5,2023,46,49,-6.1
06037265203,Westwood,5,2023,27,10,170.0
06037265204,Westwood,5,2023,39,4,875.0
06037265303,Westwood,5,2023,7,8,-12.5
06037265304,Westwood,5,2023,19,13,46.2
06037265306,Westwood,5,2023,3,1,200.0
06037265307,Westwood,5,2023,2,,
06037265410,Brentwood - Pacific Palisades,11,2023,31,34,-8.8
06037265420,Westwood,5,2023,78,172,-54.7
06037265521,Westwood,5,2023,11,3,266.7
06037265522,Westwood,5,2023,10,2,400.0
06037265523,Westwood,5,2023,38,5,660.0
06037265524,Westwood,5,2023,35,6,483.3
06037265601,Westwood,5,2023,61,45,35.6
06037265602,Westwood,5,2023,53,73,-27.4
06037265701,Westwood,5,2023,35,9,288.9
06037265702,Westwood,5,2023,63,12,425.0
06037267101,West Los Angeles,5,2023,58,15,286.7
06037267102,West Los Angeles,5,2023,57,13,338.5
06037267201,West Los Angeles,5,2023,24,5,380.0
06037267202,West Los Angeles,5,2023,38,7,442.9
06037267300,West Los Angeles,11,2023,17,22,-22.7
06037267403,West Los Angeles,11,2023,26,33,-21.2
06037267404,West Los Angeles,11,2023,19,22,-13.6
06037267405,West Los Angeles,11,2023,10,8,25.0
06037267406,West Los Angeles,11,2023,20,2,900.0
06037267502,West Los Angeles,11,2023,43,60,-28.3
06037267503,West Los Angeles,11,2023,16,3,433.3
06037267504,West Los Angeles,11,2023,29,3,866.7
06037267600,West Los Angeles,11,2023,83,67,23.9
06037267700,West Los Angeles,11,2023,41,33,24.2
06037267800,West Los Angeles,5,2023,74,68,8.8
06037267901,West Los Angeles,5,2023,120,76,57.9
06037267902,West Los Angeles,5,2023,99,99,0.0
06037269000,West Los Angeles,5,2023,129,100,29.0
06037269100,West Los Angeles,5,2023,70,71,-1.4
06037269300,West Los Angeles,5,2023,117,138,-15.2
06037269500,West Los Angeles,5,2023,124,134,-7.5
06037269601,West Adams - Baldwin Hills - Leimert,10,2023,38,32,18.8
06037269602,West Adams - Baldwin Hills - Leimert,10,2023,40,57,-29.8
06037269700,West Adams - Baldwin Hills - Leimert,10,2023,69,78,-11.5
06037269800,West Los Angeles,5,2023,55,48,14.6
06037269903,Palms - Mar Vista - Del Rey,5,2023,18,34,-47.1
06037269905,Palms - Mar Vista - Del Rey,5,2023,16,17,-5.9
06037269906,Palms - Mar Vista - Del Rey,5,2023,19,25,-24.0
06037269907,Palms - Mar Vista - Del Rey,5,2023,14,20,-30.0
06037269908,Palms - Mar Vista - Del Rey,5,2023,8,2,300.0
06037269909,Palms - Mar Vista - Del Rey,5,2023,7,3,133.3
06037270101,Palms - Mar Vista - Del Rey,5,2023,8,7,14.3
06037270102,Palms - Mar Vista - Del Rey,5,2023,5,7,-28.6
06037270200,West Adams - Baldwin Hills - Leimert,10,2023,60,60,0.0
06037270300,West Adams - Baldwin Hills - Leimert,10,2023,66,71,-7.0
06037271100,West Los Angeles,5,2023,49,73,-32.9
06037271200,Palms - Mar Vista - Del Rey,11,2023,32,32,0.0
06037271300,Palms - Mar Vista - Del Rey,11,2023,99,101,-2.0
06037271400,Palms - Mar Vista - Del Rey,11,2023,111,116,-4.3
06037271500,Palms - Mar Vista - Del Rey,11,2023,87,74,17.6
06037271600,Palms - Mar Vista - Del Rey,11,2023,70,70,0.0
06037271702,Palms - Mar Vista - Del Rey,5,2023,41,31,32.3
06037271703,Palms - Mar Vista - Del Rey,5,2023,31,12,158.3
06037271704,Palms - Mar Vista - Del Rey,5,2023,40,6,566.7
06037271801,Palms - Mar Vista - Del Rey,5,2023,26,29,-10.3
06037271803,Palms - Mar Vista - Del Rey,5,2023,16,5,220.0
06037271804,Palms - Mar Vista - Del Rey,5,2023,34,3,1033.3
06037271901,Palms - Mar Vista - Del Rey,11,2023,71,46,54.3
06037271902,Palms - Mar Vista - Del Rey,11,2023,73,80,-8.8
06037272100,Palms - Mar Vista - Del Rey,11,2023,83,103,-19.4
06037272201,Palms - Mar Vista - Del Rey,11,2023,62,77,-19.5
06037272202,Palms - Mar Vista - Del Rey,11,2023,48,60,-20.0
06037272301,Palms - Mar Vista - Del Rey,11,2023,68,72,-5.6
06037272302,Palms - Mar Vista - Del Rey,11,2023,24,42,-42.9
06037273100,Venice,11,2023,81,59,37.3
06037273200,Venice,11,2023,54,56,-3.6
06037273300,Venice,11,2023,44,36,22.2
06037273403,Venice,11,2023,22,4,450.0
06037273404,Venice,11,2023,15,3,400.0
06037273502,Venice,11,2023,36,47,-23.4
06037273600,Venice,11,2023,64,41,56.1
06037273700,Venice,11,2023,80,72,11.1
06037273800,Venice,11,2023,41,51,-19.6
06037273902,Venice,11,2023,102,84,21.4
06037274100,Venice,11,2023,88,64,37.5
06037274202,Venice,11,2023,107,133,-19.5
06037275101,Palms - Mar Vista - Del Rey,11,2023,22,20,10.0
06037275102,Palms - Mar Vista - Del Rey,11,2023,52,53,-1.9
06037275200,Palms - Mar Vista - Del Rey,11,2023,54,36,50.0
06037275311,Palms - Mar Vista - Del Rey,11,2023,93,91,2.2
06037275312,Palms - Mar Vista - Del Rey,11,2023,39,16,143.8
06037275313,Palms - Mar Vista - Del Rey,11,2023,66,16,312.5
06037275400,Palms - Mar Vista - Del Rey,11,2023,78,67,16.4
06037275500,Palms - Mar Vista - Del Rey,11,2023,50,39,28.2
06037275603,Palms - Mar Vista - Del Rey,11,2023,56,31,80.6
06037275604,Westchester - Playa del Rey,11,2023,44,9,388.9
06037275605,Palms - Mar Vista - Del Rey,11,2023,7,3,133.3
06037276000,Westchester - Playa del Rey,11,2023,185,188,-1.6
06037276101,Westchester - Playa del Rey,11,2023,3,8,-62.5
06037276102,Westchester - Playa del Rey,11,2023,23,8,187.5
06037276400,Westchester - Playa del Rey,11,2023,120,145,-17.2
06037276500,Westchester - Playa del Rey,11,2023,58,29,100.0
06037276601,Westchester - Playa del Rey,11,2023,88,102,-13.7
06037276605,Westchester - Playa del Rey,11,2023,23,2,1050.0
06037276606,Westchester - Playa del Rey,11,2023,13,12,8.3
06037276607,Westchester - Playa del Rey,11,2023,25,7,257.1
06037276608,Westchester - Playa del Rey,11,2023,9,2,350.0
06037277000,Westchester - Playa del Rey,11,2023,180,166,8.4
06037277100,Westchester - Playa del Rey,11,2023,87,96,-9.4
06037277200,Westchester - Playa del Rey,11,2023,15,14,7.1
06037277400,Los Angeles International Airport,11,2023,1,,
06037278001,Westchester - Playa del Rey,11,2023,40,36,11.1
06037278102,Westchester - Playa del Rey,11,2023,92,51,80.4
06037291110,Harbor Gateway,15,2023,41,30,36.7
06037291120,Harbor Gateway,15,2023,18,14,28.6
06037291130,Harbor Gateway,15,2023,35,39,-10.3
06037291210,Harbor Gateway,15,2023,52,52,0.0
06037291220,Harbor Gateway,15,2023,34,26,30.8
06037291300,Harbor Gateway,15,2023,37,40,-7.5
06037292001,Harbor Gateway,15,2023,17,3,466.7
06037292002,Harbor Gateway,15,2023,17,6,183.3
06037293203,Harbor Gateway,15,2023,22,2,1000.0
06037293204,Harbor Gateway,15,2023,27,4,575.0
06037293205,Harbor Gateway,15,2023,45,,
06037293206,Harbor Gateway,15,2023,11,8,37.5
06037293301,Wilmington - Harbor City,15,2023,22,21,4.8
06037293302,Wilmington - Harbor City,15,2023,54,43,25.6
06037293304,Wilmington - Harbor City,15,2023,35,36,-2.8
06037293306,Wilmington - Harbor City,15,2023,33,40,-17.5
06037293307,Wilmington - Harbor City,15,2023,9,6,50.0
06037294110,Wilmington - Harbor City,15,2023,30,32,-6.3
06037294120,Wilmington - Harbor City,15,2023,6,12,-50.0
06037294200,Wilmington - Harbor City,15,2023,37,29,27.6
06037294301,Wilmington - Harbor City,15,2023,16,21,-23.8
06037294302,Wilmington - Harbor City,15,2023,29,21,38.1
06037294410,Wilmington - Harbor City,15,2023,7,4,75.0
06037294421,Wilmington - Harbor City,15,2023,10,15,-33.3
06037294510,Wilmington - Harbor City,15,2023,23,23,0.0
06037294520,Wilmington - Harbor City,15,2023,17,14,21.4
06037294610,Wilmington - Harbor City,15,2023,22,18,22.2
06037294620,Wilmington - Harbor City,15,2023,25,18,38.9
06037294701,Wilmington - Harbor City,15,2023,7,15,-53.3
06037294810,Wilmington - Harbor City,15,2023,14,5,180.0
06037294820,Wilmington - Harbor City,15,2023,11,11,0.0
06037294830,Wilmington - Harbor City,15,2023,8,23,-65.2
06037294900,Wilmington - Harbor City,15,2023,15,11,36.4
06037295103,San Pedro,15,2023,35,29,20.7
06037296210,San Pedro,15,2023,15,17,-11.8
06037296220,San Pedro,15,2023,7,3,133.3
06037296300,San Pedro,15,2023,34,36,-5.6
06037296401,San Pedro,15,2023,42,29,44.8
06037296402,San Pedro,15,2023,49,46,6.5
06037296500,San Pedro,15,2023,35,28,25.0
06037296600,San Pedro,15,2023,31,31,0.0
06037296901,San Pedro,15,2023,21,41,-48.8
06037296902,San Pedro,15,2023,27,27,0.0
06037297001,San Pedro,15,2023,21,2,950.0
06037297002,San Pedro,15,2023,30,10,200.0
06037297110,San Pedro,15,2023,16,17,-5.9
06037297120,San Pedro,15,2023,16,18,-11.1
06037297201,San Pedro,15,2023,29,36,-19.4
06037297202,San Pedro,15,2023,33,33,0.0
06037297300,San Pedro,15,2023,26,17,52.9
06037297400,San Pedro,15,2023,79,51,54.9
06037297501,San Pedro,15,2023,57,8,612.5
06037297502,San Pedro,15,2023,19,8,137.5
06037297601,San Pedro,15,2023,14,18,-22.2
06037297602,San Pedro,15,2023,43,24,79.2
06037700600,Bel Air - Beverly Crest,4,2023,1,1,0.0
06037800204,Canoga Park-West Hills-Winnetka-Woodland Hills,3,2023,4,51,-92.2
06037980010,Silver Lake - Echo Park - Elysian Valley,1,2023,1,2,-50.0
06037980015,Wilmington - Harbor City,15,2023,195,212,-8.0
06037980019,Brentwood - Pacific Palisades,11,2023,8,2,300.0
06037980024,Encino - Tarzana,6,2023,7,3,133.3
06037101110,Sunland-E LaTuna Cyn-Lakevw Ter-Shadow Hls-Tujunga,7,2024,92,81,13.6
06037101122,Sunland-E LaTuna Cyn-Lakevw Ter-Shadow Hls-Tujunga,7,2024,77,64,20.3
06037101220,Sunland-E LaTuna Cyn-Lakevw Ter-Shadow Hls-Tujunga,7,2024,41,62,-33.9
06037101221,Sunland-E LaTuna Cyn-Lakevw Ter-Shadow Hls-Tujunga,7,2024,16,16,0.0
06037101222,Sunland-E LaTuna Cyn-Lakevw Ter-Shadow Hls-Tujunga,7,2024,6,10,-40.0
06037101300,Sunland-E LaTuna Cyn-Lakevw Ter-Shadow Hls-Tujunga,7,2024,76,95,-20.0
06037101400,Sunland-E LaTuna Cyn-Lakevw Ter-Shadow Hls-Tujunga,7,2024,76,64,18.8
06037102103,Sun Valley - La Tuna Canyon,2,2024,45,33,36.4
06037102104,Sun Valley - La Tuna Canyon,2,2024,47,107,-56.1
06037102105,Sun Valley - La Tuna Canyon,2,2024,34,38,-10.5
06037102107,Sun Valley - La Tuna Canyon,7,2024,62,66,-6.1
06037103101,Sunland-E LaTuna Cyn-Lakevw Ter-Shadow Hls-Tujunga,7,2024,86,67,28.4
06037103102,Sunland-E LaTuna Cyn-Lakevw Ter-Shadow Hls-Tujunga,7,2024,145,108,34.3
06037103201,Sunland-E LaTuna Cyn-Lakevw Ter-Shadow Hls-Tujunga,7,2024,60,51,17.6
06037103202,Sunland-E LaTuna Cyn-Lakevw Ter-Shadow Hls-Tujunga,7,2024,33,30,10.0
06037103300,Sunland-E LaTuna Cyn-Lakevw Ter-Shadow Hls-Tujunga,7,2024,91,77,18.2
06037103401,Sunland-E LaTuna Cyn-Lakevw Ter-Shadow Hls-Tujunga,7,2024,34,39,-12.8
06037103402,Sunland-E LaTuna Cyn-Lakevw Ter-Shadow Hls-Tujunga,7,2024,91,69,31.9
06037104103,Sunland-E LaTuna Cyn-Lakevw Ter-Shadow Hls-Tujunga,7,2024,77,48,60.4
06037104105,Arleta - Pacoima,7,2024,17,19,-10.5
06037104108,Arleta - Pacoima,7,2024,16,24,-33.3
06037104124,Sunland-E LaTuna Cyn-Lakevw Ter-Shadow Hls-Tujunga,7,2024,33,41,-19.5
06037104201,Arleta - Pacoima,7,2024,32,27,18.5
06037104203,Arleta - Pacoima,7,2024,42,21,100.0
06037104204,Arleta - Pacoima,7,2024,15,11,36.4
06037104310,Arleta - Pacoima,7,2024,27,26,3.8
06037104321,Arleta - Pacoima,7,2024,39,19,105.3
06037104322,Arleta - Pacoima,7,2024,15,11,36.4
06037104401,Arleta - Pacoima,7,2024,24,27,-11.1
06037104403,Arleta - Pacoima,7,2024,26,20,30.0
06037104404,Arleta - Pacoima,7,2024,18,15,20.0
06037104500,Arleta - Pacoima,7,2024,23,19,21.1
06037104610,Arleta - Pacoima,7,2024,21,27,-22.2
06037104620,Arleta - Pacoima,7,2024,18,20,-10.0
06037104701,Arleta - Pacoima,7,2024,23,16,43.8
06037104703,Arleta - Pacoima,7,2024,8,6,33.3
06037104704,Arleta - Pacoima,7,2024,11,15,-26.7
06037104821,Arleta - Pacoima,7,2024,9,9,0.0
06037104822,Arleta - Pacoima,7,2024,7,10,-30.0
06037104823,Arleta - Pacoima,7,2024,14,26,-46.2
06037104824,Arleta - Pacoima,7,2024,18,15,20.0
06037106010,Sylmar,7,2024,25,24,4.2
06037106020,Sylmar,7,2024,57,85,-32.9
06037106111,Sylmar,7,2024,50,44,13.6
06037106112,Sylmar,7,2024,46,36,27.8
06037106113,Sylmar,7,2024,23,33,-30.3
06037106114,Sylmar,7,2024,41,27,51.9
06037106403,Sylmar,7,2024,32,40,-20.0
06037106405,Sylmar,7,2024,13,16,-18.8
06037106406,Sylmar,7,2024,47,58,-19.0
06037106407,Sylmar,7,2024,11,3,266.7
06037106408,Sylmar,7,2024,3,3,0.0
06037106510,Sylmar,7,2024,24,25,-4.0
06037106520,Sylmar,7,2024,55,44,25.0
06037106603,Granada Hills - Knollwood,12,2024,45,50,-10.0
06037106604,Sylmar,7,2024,46,29,58.6
06037106641,Granada Hills - Knollwood,12,2024,38,39,-2.6
06037106642,Granada Hills - Knollwood,12,2024,86,80,7.5
06037106643,Granada Hills - Knollwood,12,2024,74,81,-8.6
06037106645,Granada Hills - Knollwood,12,2024,81,82,-1.2
06037106646,Granada Hills - Knollwood,12,2024,70,56,25.0
06037106648,Sylmar,7,2024,15,24,-37.5
06037106649,Sylmar,7,2024,13,15,-13.3
06037107010,Sylmar,7,2024,24,32,-25.0
06037107020,Sylmar,7,2024,41,37,10.8
06037108101,Chatsworth - Porter Ranch,12,2024,35,21,66.7
06037108102,Chatsworth - Porter Ranch,12,2024,91,96,-5.2
06037108103,Chatsworth - Porter Ranch,12,2024,49,48,2.1
06037108104,Chatsworth - Porter Ranch,12,2024,28,27,3.7
06037108202,Chatsworth - Porter Ranch,12,2024,162,263,-38.4
06037108203,Chatsworth - Porter Ranch,12,2024,32,32,0.0
06037108204,Chatsworth - Porter Ranch,12,2024,9,12,-25.0
06037109100,Mission Hills - Panorama City - North Hills,7,2024,19,23,-17.4
06037109200,Granada Hills - Knollwood,12,2024,40,37,8.1
06037109300,Granada Hills - Knollwood,12,2024,107,53,101.9
06037109400,Mission Hills - Panorama City - North Hills,7,2024,49,41,19.5
06037109500,Arleta - Pacoima,7,2024,45,36,25.0
06037109601,Mission Hills - Panorama City - North Hills,7,2024,69,69,0.0
06037109603,Mission Hills - Panorama City - North Hills,7,2024,75,49,53.1
06037109604,Mission Hills - Panorama City - North Hills,7,2024,39,57,-31.6
06037109700,Granada Hills - Knollwood,12,2024,97,83,16.9
06037109800,Granada Hills - Knollwood,12,2024,99,88,12.5
06037111100,Granada Hills - Knollwood,12,2024,84,64,31.3
06037111201,Granada Hills - Knollwood,12,2024,111,58,91.4
06037111202,Granada Hills - Knollwood,12,2024,137,118,16.1
06037111204,Northridge,12,2024,118,111,6.3
06037111205,Northridge,12,2024,78,38,105.3
06037111206,Northridge,12,2024,123,112,9.8
06037111302,Northridge,12,2024,86,86,0.0
06037111303,Granada Hills - Knollwood,12,2024,68,57,19.3
06037111304,Granada Hills - Knollwood,12,2024,2,4,-50.0
06037111401,Granada Hills - Knollwood,12,2024,42,35,20.0
06037111402,Granada Hills - Knollwood,12,2024,33,36,-8.3
06037113101,Chatsworth - Porter Ranch,12,2024,100,53,88.7
06037113102,Chatsworth - Porter Ranch,12,2024,78,69,13.0
06037113211,Chatsworth - Porter Ranch,12,2024,41,24,70.8
06037113212,Chatsworth - Porter Ranch,12,2024,33,26,26.9
06037113213,Chatsworth - Porter Ranch,12,2024,62,57,8.8
06037113231,Chatsworth - Porter Ranch,12,2024,48,43,11.6
06037113232,Chatsworth - Porter Ranch,12,2024,85,88,-3.4
06037113234,Chatsworth - Porter Ranch,3,2024,21,19,10.5
06037113237,Chatsworth - Porter Ranch,12,2024,38,29,31.0
06037113238,Chatsworth - Porter Ranch,3,2024,39,27,44.4
06037113239,Chatsworth - Porter Ranch,3,2024,4,15,-73.3
06037113301,Chatsworth - Porter Ranch,12,2024,33,49,-32.7
06037113303,Chatsworth - Porter Ranch,12,2024,70,56,25.0
06037113322,Chatsworth - Porter Ranch,12,2024,82,79,3.8
06037113323,Chatsworth - Porter Ranch,12,2024,23,64,-64.1
06037113324,Chatsworth - Porter Ranch,12,2024,1,,
06037113423,Chatsworth - Porter Ranch,3,2024,36,33,9.1
06037113424,Chatsworth - Porter Ranch,12,2024,77,48,60.4
06037113425,Chatsworth - Porter Ranch,3,2024,3,3,0.0
06037113426,Chatsworth - Porter Ranch,3,2024,37,25,48.0
06037113427,Chatsworth - Porter Ranch,3,2024,11,8,37.5
06037113428,Chatsworth - Porter Ranch,3,2024,50,54,-7.4
06037115101,Northridge,12,2024,121,110,10.0
06037115104,Northridge,12,2024,53,36,47.2
06037115202,Northridge,12,2024,98,107,-8.4
06037115203,Northridge,12,2024,20,28,-28.6
06037115204,Northridge,12,2024,36,31,16.1
06037115301,Northridge,12,2024,46,44,4.5
06037115302,Northridge,12,2024,22,24,-8.3
06037115401,Northridge,12,2024,65,50,30.0
06037115403,Northridge,12,2024,32,17,88.2
06037115404,Northridge,12,2024,47,42,11.9
06037117101,Mission Hills - Panorama City - North Hills,7,2024,27,15,80.0
06037117102,Mission Hills - Panorama City - North Hills,7,2024,25,37,-32.4
06037117201,Mission Hills - Panorama City - North Hills,7,2024,46,24,91.7
06037117202,Mission Hills - Panorama City - North Hills,12,2024,42,45,-6.7
06037117301,Mission Hills - Panorama City - North Hills,12,2024,82,99,-17.2
06037117302,Northridge,12,2024,100,96,4.2
06037117303,Mission Hills - Panorama City - North Hills,12,2024,105,67,56.7
06037117404,Mission Hills - Panorama City - North Hills,12,2024,88,66,33.3
06037117405,Mission Hills - Panorama City - North Hills,7,2024,8,10,-20.0
06037117407,Mission Hills - Panorama City - North Hills,6,2024,5,6,-16.7
06037117408,Mission Hills - Panorama City - North Hills,6,2024,6,6,0.0
06037117510,Mission Hills - Panorama City - North Hills,7,2024,3,12,-75.0
06037117520,Mission Hills - Panorama City - North Hills,6,2024,21,13,61.5
06037117530,Mission Hills - Panorama City - North Hills,6,2024,20,11,81.8
06037119001,Sun Valley - La Tuna Canyon,6,2024,43,38,13.2
06037119003,Arleta - Pacoima,6,2024,34,27,25.9
06037119004,Arleta - Pacoima,6,2024,25,12,108.3
06037119201,Arleta - Pacoima,6,2024,40,36,11.1
06037119202,Arleta - Pacoima,6,2024,26,35,-25.7
06037119310,Mission Hills - Panorama City - North Hills,6,2024,22,73,-69.9
06037119320,Mission Hills - Panorama City - North Hills,6,2024,26,26,0.0
06037119341,Mission Hills - Panorama City - North Hills,6,2024,11,7,57.1
06037119342,Mission Hills - Panorama City - North Hills,6,2024,1,10,-90.0
06037119400,Arleta - Pacoima,6,2024,59,54,9.3
06037119700,Mission Hills - Panorama City - North Hills,6,2024,67,79,-15.2
06037119801,Arleta - Pacoima,6,2024,29,30,-3.3
06037119802,Arleta - Pacoima,6,2024,21,37,-43.2
06037119900,Mission Hills - Panorama City - North Hills,6,2024,85,78,9.0
06037120010,Mission Hills - Panorama City - North Hills,6,2024,39,40,-2.5
06037120020,Mission Hills - Panorama City - North Hills,6,2024,6,29,-79.3
06037120030,Mission Hills - Panorama City - North Hills,6,2024,2,10,-80.0
06037120103,Mission Hills - Panorama City - North Hills,6,2024,15,16,-6.3
06037120104,Mission Hills - Panorama City - North Hills,6,2024,2,9,-77.8
06037120105,Mission Hills - Panorama City - North Hills,6,2024,24,23,4.3
06037120106,Mission Hills - Panorama City - North Hills,6,2024,24,17,41.2
06037120107,Mission Hills - Panorama City - North Hills,6,2024,8,7,14.3
06037120108,Mission Hills - Panorama City - North Hills,6,2024,7,7,0.0
06037120300,Mission Hills - Panorama City - North Hills,6,2024,79,71,11.3
06037120400,Mission Hills - Panorama City - North Hills,6,2024,37,43,-14.0
06037121010,Sun Valley - La Tuna Canyon,2,2024,107,78,37.2
06037121020,Sun Valley - La Tuna Canyon,2,2024,51,37,37.8
06037121101,Sun Valley - La Tuna Canyon,6,2024,23,13,76.9
06037121102,Sun Valley - La Tuna Canyon,6,2024,37,47,-21.3
06037121210,Sun Valley - La Tuna Canyon,6,2024,24,26,-7.7
06037121221,Sun Valley - La Tuna Canyon,6,2024,28,21,33.3
06037121222,Sun Valley - La Tuna Canyon,6,2024,27,39,-30.8
06037121600,Sun Valley - La Tuna Canyon,2,2024,67,73,-8.2
06037121801,Sun Valley - La Tuna Canyon,6,2024,64,29,120.7
06037121802,Sun Valley - La Tuna Canyon,6,2024,42,53,-20.8
06037121900,Sun Valley - La Tuna Canyon,6,2024,48,46,4.3
06037122000,Sun Valley - La Tuna Canyon,2,2024,99,128,-22.7
06037122120,Sun Valley - La Tuna Canyon,6,2024,45,28,60.7
06037122121,Sun Valley - La Tuna Canyon,2,2024,25,8,212.5
06037122122,Sun Valley - La Tuna Canyon,6,2024,6,11,-45.5
06037122200,Sun Valley - La Tuna Canyon,2,2024,32,43,-25.6
06037122410,Sun Valley - La Tuna Canyon,2,2024,15,16,-6.3
06037122420,Sun Valley - La Tuna Canyon,2,2024,45,37,21.6
06037123010,Sun Valley - La Tuna Canyon,2,2024,38,31,22.6
06037123020,Sun Valley - La Tuna Canyon,2,2024,42,38,10.5
06037123103,North Hollywood - Valley Village,2,2024,41,49,-16.3
06037123104,North Hollywood - Valley Village,2,2024,47,52,-9.6
06037123203,North Hollywood - Valley Village,2,2024,27,20,35.0
06037123204,North Hollywood - Valley Village,2,2024,26,27,-3.7
06037123205,North Hollywood - Valley Village,2,2024,30,35,-14.3
06037123206,North Hollywood - Valley Village,2,2024,20,21,-4.8
06037123301,North Hollywood - Valley Village,2,2024,32,28,14.3
06037123303,North Hollywood - Valley Village,2,2024,57,41,39.0
06037123304,North Hollywood - Valley Village,2,2024,42,44,-4.5
06037123410,North Hollywood - Valley Village,2,2024,27,33,-18.2
06037123420,North Hollywood - Valley Village,2,2024,55,34,61.8
06037123510,Van Nuys - North Sherman Oaks,2,2024,57,55,3.6
06037123520,Van Nuys - North Sherman Oaks,2,2024,46,36,27.8
06037123601,Van Nuys - North Sherman Oaks,2,2024,58,80,-27.5
06037123602,Van Nuys - North Sherman Oaks,2,2024,88,93,-5.4
06037123700,North Hollywood - Valley Village,2,2024,88,101,-12.9
06037123800,North Hollywood - Valley Village,2,2024,104,98,6.1
06037123901,North Hollywood - Valley Village,2,2024,118,75,57.3
06037123902,North Hollywood - Valley Village,2,2024,48,46,4.3
06037124000,North Hollywood - Valley Village,2,2024,119,84,41.7
06037124102,North Hollywood - Valley Village,2,2024,40,53,-24.5
06037124103,North Hollywood - Valley Village,2,2024,28,24,16.7
06037124104,North Hollywood - Valley Village,2,2024,26,27,-3.7
06037124105,North Hollywood - Valley Village,2,2024,28,19,47.4
06037124201,North Hollywood - Valley Village,2,2024,67,80,-16.3
06037124203,North Hollywood - Valley Village,2,2024,45,34,32.4
06037124204,North Hollywood - Valley Village,2,2024,32,52,-38.5
06037124300,North Hollywood - Valley Village,2,2024,68,76,-10.5
06037124400,North Hollywood - Valley Village,2,2024,49,78,-37.2
06037124500,Van Nuys - North Sherman Oaks,4,2024,56,59,-5.1
06037124600,Van Nuys - North Sherman Oaks,4,2024,106,92,15.2
06037124700,Van Nuys - North Sherman Oaks,4,2024,102,99,3.0
06037124902,North Hollywood - Valley Village,2,2024,26,35,-25.7
06037124903,North Hollywood - Valley Village,2,2024,23,39,-41.0
06037125101,North Hollywood - Valley Village,2,2024,23,21,9.5
06037125102,North Hollywood - Valley Village,2,2024,41,45,-8.9
06037125200,North Hollywood - Valley Village,2,2024,57,62,-8.1
06037125310,North Hollywood - Valley Village,2,2024,42,41,2.4
06037125321,North Hollywood - Valley Village,2,2024,15,9,66.7
06037125322,North Hollywood - Valley Village,2,2024,2,3,-33.3
06037125402,North Hollywood - Valley Village,2,2024,73,57,28.1
06037125403,North Hollywood - Valley Village,2,2024,14,8,75.0
06037125404,North Hollywood - Valley Village,2,2024,6,13,-53.8
06037125501,North Hollywood - Valley Village,2,2024,61,56,8.9
06037125502,North Hollywood - Valley Village,2,2024,58,45,28.9
06037125600,North Hollywood - Valley Village,2,2024,94,68,38.2
06037127102,Van Nuys - North Sherman Oaks,2,2024,51,24,112.5
06037127103,Van Nuys - North Sherman Oaks,2,2024,5,20,-75.0
06037127104,Van Nuys - North Sherman Oaks,2,2024,55,45,22.2
06037127210,Van Nuys - North Sherman Oaks,6,2024,40,29,37.9
06037127220,Van Nuys - North Sherman Oaks,6,2024,46,36,27.8
06037127300,Van Nuys - North Sherman Oaks,6,2024,45,35,28.6
06037127400,Van Nuys - North Sherman Oaks,6,2024,57,40,42.5
06037127520,Reseda - West Van Nuys,6,2024,8,9,-11.1
06037127603,Van Nuys - North Sherman Oaks,6,2024,46,28,64.3
06037127604,Van Nuys - North Sherman Oaks,6,2024,28,25,12.0
06037127605,Van Nuys - North Sherman Oaks,6,2024,29,46,-37.0
06037127606,Van Nuys - North Sherman Oaks,6,2024,28,40,-30.0
06037127711,Van Nuys - North Sherman Oaks,6,2024,42,48,-12.5
06037127712,Van Nuys - North Sherman Oaks,6,2024,29,25,16.0
06037127803,Van Nuys - North Sherman Oaks,6,2024,34,20,70.0
06037127804,Van Nuys - North Sherman Oaks,6,2024,52,48,8.3
06037127805,Van Nuys - North Sherman Oaks,6,2024,50,20,150.0
06037127806,Van Nuys - North Sherman Oaks,6,2024,15,43,-65.1
06037127910,Van Nuys - North Sherman Oaks,6,2024,43,40,7.5
06037127920,Van Nuys - North Sherman Oaks,2,2024,50,49,2.0
06037128101,Van Nuys - North Sherman Oaks,2,2024,51,54,-5.6
06037128102,Van Nuys - North Sherman Oaks,2,2024,42,45,-6.7
06037128210,Van Nuys - North Sherman Oaks,6,2024,21,28,-25.0
06037128220,Van Nuys - North Sherman Oaks,2,2024,34,38,-10.5
06037128302,Van Nuys - North Sherman Oaks,6,2024,20,19,5.3
06037128303,Van Nuys - North Sherman Oaks,6,2024,18,11,63.6
06037128400,Van Nuys - North Sherman Oaks,4,2024,112,106,5.7
06037128500,Van Nuys - North Sherman Oaks,4,2024,76,67,13.4
06037128601,Van Nuys - North Sherman Oaks,4,2024,64,58,10.3
06037128602,Van Nuys - North Sherman Oaks,2,2024,77,90,-14.4
06037128703,Van Nuys - North Sherman Oaks,4,2024,22,24,-8.3
06037128704,Van Nuys - North Sherman Oaks,4,2024,67,40,67.5
06037128801,Van Nuys - North Sherman Oaks,4,2024,37,30,23.3
06037128802,Van Nuys - North Sherman Oaks,4,2024,86,86,0.0
06037128910,Van Nuys - North Sherman Oaks,4,2024,98,98,0.0
06037131021,Reseda - West Van Nuys,4,2024,14,15,-6.7
06037131022,Reseda - West Van Nuys,3,2024,12,16,-25.0
06037131023,Reseda - West Van Nuys,3,2024,31,36,-13.9
06037131024,Reseda - West Van Nuys,3,2024,47,39,20.5
06037131100,Reseda - West Van Nuys,6,2024,84,100,-16.0
06037131200,Reseda - West Van Nuys,12,2024,98,80,22.5
06037131300,Reseda - West Van Nuys,4,2024,84,63,33.3
06037131400,Reseda - West Van Nuys,4,2024,52,57,-8.8
06037131600,Reseda - West Van Nuys,3,2024,146,96,52.1
06037131701,Reseda - West Van Nuys,3,2024,29,27,7.4
06037131702,Reseda - West Van Nuys,3,2024,47,45,4.4
06037131801,Reseda - West Van Nuys,3,2024,20,29,-31.0
06037131802,Reseda - West Van Nuys,4,2024,30,32,-6.3
06037131900,Reseda - West Van Nuys,6,2024,97,92,5.4
06037132001,Reseda - West Van Nuys,6,2024,94,76,23.7
06037132002,Reseda - West Van Nuys,6,2024,110,106,3.8
06037132101,Reseda - West Van Nuys,6,2024,59,73,-19.2
06037132102,Reseda - West Van Nuys,6,2024,72,84,-14.3
06037132301,Reseda - West Van Nuys,4,2024,25,27,-7.4
06037132302,Reseda - West Van Nuys,4,2024,37,38,-2.6
06037132501,Reseda - West Van Nuys,3,2024,37,35,5.7
06037132502,Reseda - West Van Nuys,3,2024,26,39,-33.3
06037132700,Reseda - West Van Nuys,4,2024,85,80,6.3
06037132900,Reseda - West Van Nuys,3,2024,74,87,-14.9
06037133000,Reseda - West Van Nuys,3,2024,84,73,15.1
06037133101,Reseda - West Van Nuys,3,2024,57,52,9.6
06037133102,Reseda - West Van Nuys,3,2024,19,22,-13.6
06037134001,Canoga Park-West Hills-Winnetka-Woodland Hills,3,2024,30,20,50.0
06037134002,Canoga Park-West Hills-Winnetka-Woodland Hills,3,2024,39,45,-13.3
06037134101,Canoga Park-West Hills-Winnetka-Woodland Hills,3,2024,77,58,32.8
06037134103,Canoga Park-West Hills-Winnetka-Woodland Hills,3,2024,61,54,13.0
06037134104,Canoga Park-West Hills-Winnetka-Woodland Hills,3,2024,29,28,3.6
06037134201,Canoga Park-West Hills-Winnetka-Woodland Hills,3,2024,67,56,19.6
06037134302,Canoga Park-West Hills-Winnetka-Woodland Hills,12,2024,81,100,-19.0
06037134303,Canoga Park-West Hills-Winnetka-Woodland Hills,3,2024,81,45,80.0
06037134304,Canoga Park-West Hills-Winnetka-Woodland Hills,3,2024,57,51,11.8
06037134305,Canoga Park-West Hills-Winnetka-Woodland Hills,3,2024,7,4,75.0
06037134306,Canoga Park-West Hills-Winnetka-Woodland Hills,3,2024,32,23,39.1
06037134421,Canoga Park-West Hills-Winnetka-Woodland Hills,12,2024,97,91,6.6
06037134422,Canoga Park-West Hills-Winnetka-Woodland Hills,12,2024,105,108,-2.8
06037134423,Canoga Park-West Hills-Winnetka-Woodland Hills,12,2024,85,60,41.7
06037134424,Canoga Park-West Hills-Winnetka-Woodland Hills,12,2024,39,31,25.8
06037134520,Canoga Park-West Hills-Winnetka-Woodland Hills,3,2024,16,15,6.7
06037134521,Canoga Park-West Hills-Winnetka-Woodland Hills,3,2024,4,13,-69.2
06037134522,Canoga Park-West Hills-Winnetka-Woodland Hills,3,2024,28,17,64.7
06037134710,Canoga Park-West Hills-Winnetka-Woodland Hills,3,2024,25,34,-26.5
06037134720,Canoga Park-West Hills-Winnetka-Woodland Hills,3,2024,50,44,13.6
06037134801,Canoga Park-West Hills-Winnetka-Woodland Hills,3,2024,76,50,52.0
06037134802,Canoga Park-West Hills-Winnetka-Woodland Hills,3,2024,56,51,9.8
06037134901,Reseda - West Van Nuys,3,2024,101,81,24.7
06037134904,Canoga Park-West Hills-Winnetka-Woodland Hills,3,2024,77,56,37.5
06037134905,Canoga Park-West Hills-Winnetka-Woodland Hills,3,2024,14,8,75.0
06037134906,Canoga Park-West Hills-Winnetka-Woodland Hills,3,2024,4,2,100.0
06037134907,Canoga Park-West Hills-Winnetka-Woodland Hills,3,2024,1,2,-50.0
06037135102,Canoga Park-West Hills-Winnetka-Woodland Hills,12,2024,76,90,-15.6
06037135111,Canoga Park-West Hills-Winnetka-Woodland Hills,3,2024,70,77,-9.1
06037135115,Canoga Park-West Hills-Winnetka-Woodland Hills,3,2024,13,16,-18.8
06037135116,Canoga Park-West Hills-Winnetka-Woodland Hills,3,2024,7,1,600.0
06037135201,Canoga Park-West Hills-Winnetka-Woodland Hills,12,2024,69,56,23.2
06037135202,Canoga Park-West Hills-Winnetka-Woodland Hills,12,2024,149,109,36.7
06037135204,Canoga Park-West Hills-Winnetka-Woodland Hills,12,2024,121,117,3.4
06037135205,Canoga Park-West Hills-Winnetka-Woodland Hills,12,2024,41,24,70.8
06037137000,Canoga Park-West Hills-Winnetka-Woodland Hills,3,2024,125,137,-8.8
06037137103,Canoga Park-West Hills-Winnetka-Woodland Hills,3,2024,42,53,-20.8
06037137104,Canoga Park-West Hills-Winnetka-Woodland Hills,3,2024,114,91,25.3
06037137202,Canoga Park-West Hills-Winnetka-Woodland Hills,3,2024,30,43,-30.2
06037137203,Canoga Park-West Hills-Winnetka-Woodland Hills,3,2024,75,52,44.2
06037137301,Canoga Park-West Hills-Winnetka-Woodland Hills,3,2024,84,80,5.0
06037137302,Canoga Park-West Hills-Winnetka-Woodland Hills,3,2024,110,133,-17.3
06037137401,Canoga Park-West Hills-Winnetka-Woodland Hills,3,2024,129,111,16.2
06037137402,Canoga Park-West Hills-Winnetka-Woodland Hills,3,2024,148,130,13.8
06037137501,Canoga Park-West Hills-Winnetka-Woodland Hills,3,2024,77,66,16.7
06037137502,Canoga Park-West Hills-Winnetka-Woodland Hills,3,2024,135,138,-2.2
06037137504,Canoga Park-West Hills-Winnetka-Woodland Hills,3,2024,52,68,-23.5
06037138000,Canoga Park-West Hills-Winnetka-Woodland Hills,3,2024,124,117,6.0
06037139001,Encino - Tarzana,4,2024,126,124,1.6
06037139200,Encino - Tarzana,4,2024,110,69,59.4
06037139301,Encino - Tarzana,3,2024,156,146,6.8
06037139302,Encino - Tarzana,3,2024,11,14,-21.4
06037139303,Encino - Tarzana,3,2024,17,18,-5.6
06037139401,Encino - Tarzana,3,2024,30,31,-3.2
06037139402,Encino - Tarzana,3,2024,104,73,42.5
06037139502,Encino - Tarzana,3,2024,80,69,15.9
06037139504,Encino - Tarzana,4,2024,8,21,-61.9
06037139505,Encino - Tarzana,4,2024,20,10,100.0
06037139506,Encino - Tarzana,4,2024,14,2,600.0
06037139600,Encino - Tarzana,4,2024,115,87,32.2
06037139701,Encino - Tarzana,4,2024,153,158,-3.2
06037139703,Encino - Tarzana,4,2024,88,78,12.8
06037139704,Encino - Tarzana,4,2024,98,84,16.7
06037139705,Encino - Tarzana,4,2024,118,97,21.6
06037139801,Encino - Tarzana,3,2024,96,119,-19.3
06037139802,Encino - Tarzana,3,2024,98,108,-9.3
06037141101,Sherman Oaks-Studio City-Toluca Lake-Cahuenga Pass,4,2024,67,61,9.8
06037141102,Sherman Oaks-Studio City-Toluca Lake-Cahuenga Pass,4,2024,70,44,59.1
06037141201,Sherman Oaks-Studio City-Toluca Lake-Cahuenga Pass,4,2024,44,90,-51.1
06037141202,Sherman Oaks-Studio City-Toluca Lake-Cahuenga Pass,4,2024,54,37,45.9
06037141303,Sherman Oaks-Studio City-Toluca Lake-Cahuenga Pass,4,2024,21,16,31.3
06037141304,Sherman Oaks-Studio City-Toluca Lake-Cahuenga Pass,4,2024,51,60,-15.0
06037141305,Sherman Oaks-Studio City-Toluca Lake-Cahuenga Pass,4,2024,43,44,-2.3
06037141306,Sherman Oaks-Studio City-Toluca Lake-Cahuenga Pass,4,2024,43,24,79.2
06037141400,Encino - Tarzana,4,2024,126,102,23.5
06037141500,Encino - Tarzana,4,2024,94,84,11.9
06037141600,Sherman Oaks-Studio City-Toluca Lake-Cahuenga Pass,4,2024,169,141,19.9
06037141700,Sherman Oaks-Studio City-Toluca Lake-Cahuenga Pass,4,2024,129,119,8.4
06037143101,Sherman Oaks-Studio City-Toluca Lake-Cahuenga Pass,2,2024,46,34,35.3
06037143102,Sherman Oaks-Studio City-Toluca Lake-Cahuenga Pass,2,2024,16,14,14.3
06037143200,Sherman Oaks-Studio City-Toluca Lake-Cahuenga Pass,2,2024,50,49,2.0
06037143301,North Hollywood - Valley Village,2,2024,30,20,50.0
06037143302,Sherman Oaks-Studio City-Toluca Lake-Cahuenga Pass,2,2024,72,69,4.3
06037143401,Sherman Oaks-Studio City-Toluca Lake-Cahuenga Pass,4,2024,94,81,16.0
06037143402,Sherman Oaks-Studio City-Toluca Lake-Cahuenga Pass,4,2024,37,33,12.1
06037143500,Sherman Oaks-Studio City-Toluca Lake-Cahuenga Pass,4,2024,114,99,15.2
06037143602,Sherman Oaks-Studio City-Toluca Lake-Cahuenga Pass,2,2024,84,65,29.2
06037143603,Sherman Oaks-Studio City-Toluca Lake-Cahuenga Pass,2,2024,56,45,24.4
06037143605,Sherman Oaks-Studio City-Toluca Lake-Cahuenga Pass,2,2024,5,2,150.0
06037143606,Sherman Oaks-Studio City-Toluca Lake-Cahuenga Pass,4,2024,5,5,0.0
06037143700,Sherman Oaks-Studio City-Toluca Lake-Cahuenga Pass,4,2024,145,163,-11.0
06037143801,Sherman Oaks-Studio City-Toluca Lake-Cahuenga Pass,4,2024,67,61,9.8
06037143802,Sherman Oaks-Studio City-Toluca Lake-Cahuenga Pass,4,2024,77,58,32.8
06037143901,Sherman Oaks-Studio City-Toluca Lake-Cahuenga Pass,4,2024,134,162,-17.3
06037143902,Sherman Oaks-Studio City-Toluca Lake-Cahuenga Pass,4,2024,76,77,-1.3
06037181000,Northeast Los Angeles,14,2024,174,164,6.1
06037181300,Northeast Los Angeles,14,2024,66,81,-18.5
06037181400,Northeast Los Angeles,14,2024,56,44,27.3
06037181500,Northeast Los Angeles,14,2024,49,68,-27.9
06037181600,Northeast Los Angeles,14,2024,42,39,7.7
06037183101,Northeast Los Angeles,14,2024,102,101,1.0
06037183103,Northeast Los Angeles,14,2024,53,49,8.2
06037183104,Northeast Los Angeles,14,2024,38,56,-32.1
06037183220,Northeast Los Angeles,14,2024,48,46,4.3
06037183221,Northeast Los Angeles,14,2024,75,59,27.1
06037183222,Northeast Los Angeles,14,2024,74,48,54.2
06037183300,Northeast Los Angeles,14,2024,57,42,35.7
06037183401,Northeast Los Angeles,1,2024,36,53,-32.1
06037183402,Northeast Los Angeles,14,2024,28,33,-15.2
06037183510,Northeast Los Angeles,1,2024,43,43,0.0
06037183520,Northeast Los Angeles,1,2024,37,34,8.8
06037183610,Northeast Los Angeles,1,2024,23,31,-25.8
06037183620,Northeast Los Angeles,1,2024,38,35,8.6
06037183701,Northeast Los Angeles,1,2024,42,51,-17.6
06037183702,Northeast Los Angeles,14,2024,52,37,40.5
06037183810,Northeast Los Angeles,1,2024,28,19,47.4
06037183820,Northeast Los Angeles,1,2024,39,27,44.4
06037185101,Northeast Los Angeles,1,2024,42,46,-8.7
06037185102,Northeast Los Angeles,1,2024,71,78,-9.0
06037185202,Northeast Los Angeles,1,2024,96,74,29.7
06037185203,Northeast Los Angeles,1,2024,39,34,14.7
06037185204,Northeast Los Angeles,1,2024,48,46,4.3
06037185310,Northeast Los Angeles,1,2024,29,37,-21.6
06037185320,Northeast Los Angeles,1,2024,20,39,-48.7
06037186100,Northeast Los Angeles,13,2024,108,107,0.9
06037186201,Northeast Los Angeles,1,2024,39,46,-15.2
06037186202,Northeast Los Angeles,1,2024,43,38,13.2
06037186203,Northeast Los Angeles,1,2024,90,73,23.3
06037186301,Northeast Los Angeles,13,2024,101,35,188.6
06037186302,Northeast Los Angeles,1,2024,116,117,-0.9
06037186401,Northeast Los Angeles,13,2024,23,57,-59.6
06037186403,Northeast Los Angeles,1,2024,28,43,-34.9
06037186404,Northeast Los Angeles,1,2024,18,22,-18.2
06037187101,Northeast Los Angeles,13,2024,69,89,-22.5
06037187102,Northeast Los Angeles,13,2024,54,55,-1.8
06037187200,Silver Lake - Echo Park - Elysian Valley,13,2024,123,179,-31.3
06037187300,Silver Lake - Echo Park - Elysian Valley,13,2024,128,103,24.3
06037188100,Northeast Los Angeles,13,2024,75,68,10.3
06037188201,Hollywood,4,2024,65,60,8.3
06037188202,Hollywood,4,2024,72,56,28.6
06037188300,Northeast Los Angeles,13,2024,98,110,-10.9
06037189101,Hollywood,4,2024,48,26,84.6
06037189102,Hollywood,4,2024,43,51,-15.7
06037189201,Hollywood,4,2024,27,29,-6.9
06037189202,Hollywood,4,2024,72,66,9.1
06037189300,Hollywood,4,2024,98,138,-29.0
06037189400,Hollywood,4,2024,104,99,5.1
06037189501,Hollywood,4,2024,22,33,-33.3
06037189502,Hollywood,4,2024,48,24,100.0
06037189600,Hollywood,4,2024,102,81,25.9
06037189702,Hollywood,4,2024,63,52,21.2
06037189703,Hollywood,4,2024,40,23,73.9
06037189704,Hollywood,4,2024,45,52,-13.5
06037189801,Hollywood,13,2024,32,30,6.7
06037189802,Hollywood,13,2024,28,33,-15.2
06037189903,Hollywood,4,2024,18,6,200.0
06037189904,Hollywood,4,2024,11,8,37.5
06037189905,Hollywood,4,2024,28,17,64.7
06037189906,Hollywood,13,2024,22,16,37.5
06037189907,Hollywood,13,2024,17,10,70.0
06037190101,Hollywood,13,2024,4,3,33.3
06037190102,Hollywood,13,2024,13,13,0.0
06037190201,Hollywood,13,2024,11,3,266.7
06037190202,Hollywood,13,2024,4,4,0.0
06037190302,Hollywood,13,2024,18,9,100.0
06037190303,Hollywood,13,2024,6,9,-33.3
06037190401,Hollywood,4,2024,9,26,-65.4
06037190402,Hollywood,13,2024,6,16,-62.5
06037190510,Hollywood,13,2024,9,13,-30.8
06037190520,Hollywood,13,2024,15,14,7.1
06037190701,Hollywood,13,2024,6,2,200.0
06037190702,Hollywood,13,2024,19,14,35.7
06037190801,Hollywood,13,2024,16,15,6.7
06037190802,Hollywood,13,2024,13,20,-35.0
06037190901,Hollywood,13,2024,17,27,-37.0
06037190902,Hollywood,13,2024,35,35,0.0
06037191000,Hollywood,13,2024,23,19,21.1
06037191110,Hollywood,13,2024,14,9,55.6
06037191120,Hollywood,13,2024,28,31,-9.7
06037191201,Hollywood,13,2024,15,17,-11.8
06037191203,Hollywood,13,2024,18,10,80.0
06037191204,Hollywood,13,2024,18,16,12.5
06037191301,Hollywood,13,2024,10,27,-63.0
06037191302,Hollywood,13,2024,4,10,-60.0
06037191410,Hollywood,13,2024,13,36,-63.9
06037191420,Hollywood,13,2024,20,23,-13.0
06037191500,Hollywood,13,2024,37,37,0.0
06037191610,Hollywood,13,2024,24,28,-14.3
06037191620,Hollywood,13,2024,10,16,-37.5
06037191710,Hollywood,13,2024,31,18,72.2
06037191720,Hollywood,13,2024,12,38,-68.4
06037191810,Hollywood,13,2024,42,33,27.3
06037191820,Hollywood,13,2024,14,14,0.0
06037191901,Hollywood,4,2024,43,21,104.8
06037191902,Hollywood,5,2024,69,105,-34.3
06037192001,Hollywood,5,2024,59,45,31.1
06037192002,Hollywood,5,2024,69,105,-34.3
06037192300,Wilshire,4,2024,42,38,10.5
06037192410,Wilshire,13,2024,72,97,-25.8
06037192420,Wilshire,4,2024,9,23,-60.9
06037192510,Wilshire,13,2024,37,14,164.3
06037192520,Wilshire,13,2024,40,25,60.0
06037192610,Wilshire,13,2024,21,26,-19.2
06037192620,Wilshire,13,2024,7,10,-30.0
06037192700,Wilshire,13,2024,12,20,-40.0
06037194101,Hollywood,4,2024,47,77,-39.0
06037194102,Hollywood,4,2024,136,123,10.6
06037194200,Hollywood,4,2024,173,142,21.8
06037194300,Hollywood,4,2024,175,184,-4.9
06037194401,Hollywood,5,2024,41,62,-33.9
06037194402,Hollywood,5,2024,50,59,-15.3
06037194500,Wilshire,5,2024,79,61,29.5
06037195100,Silver Lake - Echo Park - Elysian Valley,4,2024,139,130,6.9
06037195201,Hollywood,4,2024,44,43,2.3
06037195202,Hollywood,4,2024,97,92,5.4
06037195300,Hollywood,4,2024,46,66,-30.3
06037195400,Silver Lake - Echo Park - Elysian Valley,13,2024,164,113,45.1
06037195500,Silver Lake - Echo Park - Elysian Valley,13,2024,164,147,11.6
06037195600,Silver Lake - Echo Park - Elysian Valley,13,2024,46,74,-37.8
06037195710,Silver Lake - Echo Park - Elysian Valley,13,2024,37,35,5.7
06037195720,Silver Lake - Echo Park - Elysian Valley,13,2024,35,33,6.1
06037195802,Silver Lake - Echo Park - Elysian Valley,13,2024,37,31,19.4
06037195803,Silver Lake - Echo Park - Elysian Valley,13,2024,56,66,-15.2
06037195804,Silver Lake - Echo Park - Elysian Valley,13,2024,58,57,1.8
06037195901,Silver Lake - Echo Park - Elysian Valley,13,2024,47,63,-25.4
06037195902,Silver Lake - Echo Park - Elysian Valley,13,2024,45,51,-11.8
06037195903,Silver Lake - Echo Park - Elysian Valley,13,2024,22,62,-64.5
06037197200,Silver Lake - Echo Park - Elysian Valley,13,2024,76,64,18.8
06037197300,Silver Lake - Echo Park - Elysian Valley,13,2024,68,74,-8.1
06037197410,Silver Lake - Echo Park - Elysian Valley,13,2024,90,81,11.1
06037197420,Silver Lake - Echo Park - Elysian Valley,13,2024,81,42,92.9
06037197500,Silver Lake - Echo Park - Elysian Valley,1,2024,55,60,-8.3
06037197600,Silver Lake - Echo Park - Elysian Valley,1,2024,31,24,29.2
06037197700,Silver Lake - Echo Park - Elysian Valley,1,2024,46,62,-25.8
06037199001,Northeast Los Angeles,1,2024,11,7,57.1
06037199002,Northeast Los Angeles,1,2024,15,16,-6.3
06037199110,Northeast Los Angeles,14,2024,37,16,131.3
06037199120,Northeast Los Angeles,14,2024,11,15,-26.7
06037199201,Northeast Los Angeles,1,2024,19,9,111.1
06037199202,Northeast Los Angeles,1,2024,22,25,-12.0
06037199300,Northeast Los Angeles,1,2024,74,60,23.3
06037199400,Northeast Los Angeles,1,2024,25,31,-19.4
06037199700,Northeast Los Angeles,1,2024,19,14,35.7
06037199801,Northeast Los Angeles,14,2024,20,33,-39.4
06037199802,Northeast Los Angeles,14,2024,13,4,225.0
06037199900,Northeast Los Angeles,14,2024,19,10,90.0
06037201110,Northeast Los Angeles,14,2024,27,28,-3.6
06037201120,Northeast Los Angeles,14,2024,40,35,14.3
06037201200,Northeast Los Angeles,14,2024,18,19,-5.3
06037201301,Northeast Los Angeles,14,2024,62,38,63.2
06037201302,Northeast Los Angeles,14,2024,26,20,30.0
06037201401,Northeast Los Angeles,14,2024,56,53,5.7
06037201402,Northeast Los Angeles,14,2024,57,62,-8.1
06037201501,Northeast Los Angeles,14,2024,89,60,48.3
06037201503,Northeast Los Angeles,14,2024,29,27,7.4
06037201504,Northeast Los Angeles,14,2024,24,23,4.3
06037201601,Northeast Los Angeles,14,2024,24,20,20.0
06037201602,Northeast Los Angeles,14,2024,43,27,59.3
06037201700,Northeast Los Angeles,14,2024,45,34,32.4
06037203100,Northeast Los Angeles,14,2024,28,18,55.6
06037203200,Boyle Heights,14,2024,18,26,-30.8
06037203300,Northeast Los Angeles,14,2024,4,13,-69.2
06037203500,Boyle Heights,14,2024,37,16,131.3
06037203601,Boyle Heights,14,2024,20,12,66.7
06037203602,Boyle Heights,14,2024,17,6,183.3
06037203710,Boyle Heights,14,2024,8,20,-60.0
06037203720,Boyle Heights,14,2024,24,15,60.0
06037203800,Boyle Heights,14,2024,24,26,-7.7
06037203900,Boyle Heights,14,2024,16,7,128.6
06037204110,Boyle Heights,14,2024,25,22,13.6
06037204120,Boyle Heights,14,2024,15,13,15.4
06037204200,Boyle Heights,14,2024,28,29,-3.4
06037204300,Boyle Heights,14,2024,29,28,3.6
06037204410,Boyle Heights,14,2024,11,5,120.0
06037204420,Boyle Heights,14,2024,14,8,75.0
06037204600,Boyle Heights,14,2024,17,17,0.0
06037204700,Boyle Heights,14,2024,36,36,0.0
06037204810,Boyle Heights,14,2024,10,14,-28.6
06037204820,Boyle Heights,14,2024,20,19,5.3
06037204910,Boyle Heights,14,2024,13,10,30.0
06037204920,Boyle Heights,14,2024,17,8,112.5
06037205120,Boyle Heights,14,2024,10,7,42.9
06037206010,Central City North,1,2024,18,15,20.0
06037206050,Boyle Heights,14,2024,1,4,-75.0
06037206051,Central City North,14,2024,6,3,100.0
06037206052,Central City North,14,2024,7,2,250.0
06037206053,Boyle Heights,14,2024,11,8,37.5
06037206054,Boyle Heights,14,2024,1,2,-50.0
06037206202,Central City,14,2024,1,4,-75.0
06037206302,Central City,14,2024,1,,
06037206303,Central City,14,2024,3,,
06037207101,Central City North,1,2024,5,7,-28.6
06037207102,Central City North,1,2024,4,4,0.0
06037207103,Central City North,1,2024,7,13,-46.2
06037207303,Central City,14,2024,1,1,0.0
06037207305,Central City,14,2024,1,1,0.0
06037207308,Central City,14,2024,1,,
06037207501,Central City,14,2024,11,24,-54.2
06037207711,Central City,14,2024,2,4,-50.0
06037207712,Central City,14,2024,4,1,300.0
06037207901,Central City,14,2024,1,5,-80.0
06037207902,Central City,14,2024,3,14,-78.6
06037208001,Westlake,1,2024,1,,
06037208002,Westlake,1,2024,9,16,-43.8
06037208301,Westlake,1,2024,4,9,-55.6
06037208302,Westlake,13,2024,23,35,-34.3
06037208401,Westlake,1,2024,10,24,-58.3
06037208402,Westlake,13,2024,19,26,-26.9
06037208501,Westlake,13,2024,24,21,14.3
06037208502,Westlake,13,2024,14,19,-26.3
06037208610,Westlake,13,2024,44,35,25.7
06037208620,Westlake,13,2024,20,14,42.9
06037208710,Westlake,1,2024,6,9,-33.3
06037208720,Westlake,1,2024,9,9,0.0
06037208801,Westlake,1,2024,7,3,133.3
06037208802,Westlake,1,2024,6,7,-14.3
06037208902,Westlake,1,2024,4,6,-33.3
06037208903,Westlake,1,2024,10,6,66.7
06037208904,Westlake,1,2024,1,8,-87.5
06037209104,Westlake,1,2024,2,8,-75.0
06037209105,Westlake,1,2024,8,5,60.0
06037209106,Westlake,1,2024,2,1,100.0
06037209201,Westlake,1,2024,2,1,100.0
06037209300,Westlake,1,2024,12,3,300.0
06037209401,Westlake,1,2024,3,22,-86.4
06037209402,Westlake,1,2024,2,11,-81.8
06037209403,Westlake,1,2024,1,2,-50.0
06037209510,Westlake,1,2024,1,2,-50.0
06037209520,Westlake,1,2024,6,10,-40.0
06037209810,Westlake,1,2024,7,4,75.0
06037209820,Westlake,1,2024,11,10,10.0
06037210010,Westlake,1,2024,3,15,-80.0
06037211000,Wilshire,4,2024,125,139,-10.1
06037211121,Wilshire,13,2024,7,19,-63.2
06037211122,Wilshire,13,2024,5,3,66.7
06037211124,Wilshire,1,2024,6,10,-40.0
06037211201,Wilshire,10,2024,16,21,-23.8
06037211202,Wilshire,10,2024,8,16,-50.0
06037211310,Wilshire,10,2024,6,13,-53.8
06037211320,Wilshire,10,2024,10,9,11.1
06037211410,Wilshire,10,2024,14,18,-22.2
06037211420,Wilshire,10,2024,40,32,25.0
06037211500,Wilshire,13,2024,88,75,17.3
06037211701,Wilshire,13,2024,49,37,32.4
06037211703,Wilshire,13,2024,12,1,1100.0
06037211704,Wilshire,10,2024,6,2,200.0
06037211802,Wilshire,10,2024,16,21,-23.8
06037211803,Wilshire,10,2024,11,5,120.0
06037211804,Wilshire,10,2024,7,12,-41.7
06037211910,Wilshire,10,2024,14,15,-6.7
06037211921,Wilshire,10,2024,3,3,0.0
06037211922,Wilshire,10,2024,5,9,-44.4
06037212101,Wilshire,10,2024,7,3,133.3
06037212102,Wilshire,10,2024,7,2,250.0
06037212202,Wilshire,1,2024,9,4,125.0
06037212203,Wilshire,10,2024,7,7,0.0
06037212204,Wilshire,1,2024,5,5,0.0
06037212303,Wilshire,10,2024,5,7,-28.6
06037212304,Wilshire,10,2024,4,6,-33.3
06037212305,Wilshire,10,2024,16,15,6.7
06037212306,Wilshire,10,2024,8,3,166.7
06037212410,Wilshire,10,2024,3,1,200.0
06037212420,Wilshire,10,2024,8,13,-38.5
06037212501,Wilshire,10,2024,6,4,50.0
06037212502,Wilshire,10,2024,4,7,-42.9
06037212610,Wilshire,4,2024,15,20,-25.0
06037212620,Wilshire,4,2024,16,22,-27.3
06037212701,Wilshire,5,2024,26,31,-16.1
06037212702,Wilshire,5,2024,53,49,8.2
06037212800,Wilshire,10,2024,55,63,-12.7
06037212900,Wilshire,10,2024,21,27,-22.2
06037213100,Wilshire,10,2024,26,36,-27.8
06037213201,Wilshire,10,2024,20,9,122.2
06037213202,Wilshire,10,2024,15,24,-37.5
06037213310,Wilshire,1,2024,16,17,-5.9
06037213320,Wilshire,10,2024,13,11,18.2
06037213401,Wilshire,1,2024,9,7,28.6
06037213402,Wilshire,1,2024,22,19,15.8
06037214000,Wilshire,5,2024,114,81,40.7
06037214100,Wilshire,5,2024,114,82,39.0
06037214400,Wilshire,5,2024,28,34,-17.6
06037214501,Wilshire,5,2024,16,9,77.8
06037214503,Wilshire,5,2024,13,3,333.3
06037214504,Wilshire,5,2024,12,3,300.0
06037214505,Wilshire,5,2024,3,,
06037214600,Wilshire,5,2024,71,46,54.3
06037214700,Wilshire,5,2024,59,60,-1.7
06037214800,Wilshire,5,2024,52,46,13.0
06037214902,Wilshire,5,2024,18,34,-47.1
06037214903,Wilshire,5,2024,15,15,0.0
06037214904,Wilshire,5,2024,24,31,-22.6
06037215101,Wilshire,5,2024,6,4,50.0
06037215102,Wilshire,5,2024,11,13,-15.4
06037216100,Wilshire,10,2024,68,59,15.3
06037216201,Wilshire,5,2024,31,41,-24.4
06037216202,Wilshire,10,2024,36,35,2.9
06037216301,Wilshire,5,2024,29,23,26.1
06037216302,Wilshire,5,2024,54,41,31.7
06037216401,Wilshire,5,2024,37,51,-27.5
06037216402,Wilshire,5,2024,28,39,-28.2
06037216700,Wilshire,10,2024,92,93,-1.1
06037216800,Wilshire,5,2024,64,80,-20.0
06037216901,Wilshire,10,2024,86,96,-10.4
06037216902,Wilshire,10,2024,40,17,135.3
06037217001,Wilshire,5,2024,45,62,-27.4
06037217002,Wilshire,5,2024,93,92,1.1
06037217101,Wilshire,10,2024,31,33,-6.1
06037217102,Wilshire,10,2024,48,64,-25.0
06037217200,Wilshire,10,2024,61,54,13.0
06037218110,West Adams - Baldwin Hills - Leimert,10,2024,32,45,-28.9
06037218120,West Adams - Baldwin Hills - Leimert,10,2024,30,36,-16.7
06037218210,West Adams - Baldwin Hills - Leimert,10,2024,32,38,-15.8
06037218220,West Adams - Baldwin Hills - Leimert,10,2024,62,42,47.6
06037218300,West Adams - Baldwin Hills - Leimert,10,2024,74,75,-1.3
06037218400,West Adams - Baldwin Hills - Leimert,10,2024,80,66,21.2
06037218500,West Adams - Baldwin Hills - Leimert,10,2024,44,39,12.8
06037218600,West Adams - Baldwin Hills - Leimert,10,2024,46,51,-9.8
06037218701,West Adams - Baldwin Hills - Leimert,10,2024,38,36,5.6
06037218702,West Adams - Baldwin Hills - Leimert,10,2024,27,35,-22.9
06037218800,West Adams - Baldwin Hills - Leimert,10,2024,30,17,76.5
06037218900,West Adams - Baldwin Hills - Leimert,10,2024,32,41,-22.0
06037219010,West Adams - Baldwin Hills - Leimert,10,2024,35,31,12.9
06037219020,West Adams - Baldwin Hills - Leimert,10,2024,53,60,-11.7
06037219300,West Adams - Baldwin Hills - Leimert,10,2024,45,44,2.3
06037219500,West Adams - Baldwin Hills - Leimert,10,2024,59,53,11.3
06037219700,West Adams - Baldwin Hills - Leimert,10,2024,66,67,-1.5
06037219800,West Adams - Baldwin Hills - Leimert,10,2024,27,32,-15.6
06037219901,West Adams - Baldwin Hills - Leimert,10,2024,44,69,-36.2
06037219902,West Adams - Baldwin Hills - Leimert,10,2024,55,43,27.9
06037220000,West Adams - Baldwin Hills - Leimert,10,2024,98,104,-5.8
06037220100,West Adams - Baldwin Hills - Leimert,10,2024,53,53,0.0
06037221110,South Los Angeles,1,2024,10,12,-16.7
06037221120,South Los Angeles,1,2024,5,11,-54.5
06037221210,South Los Angeles,10,2024,12,12,0.0
06037221220,South Los Angeles,1,2024,10,10,0.0
06037221302,South Los Angeles,10,2024,33,35,-5.7
06037221303,South Los Angeles,10,2024,17,10,70.0
06037221304,South Los Angeles,10,2024,10,13,-23.1
06037221401,South Los Angeles,10,2024,21,24,-12.5
06037221402,South Los Angeles,10,2024,14,17,-17.6
06037221500,South Los Angeles,8,2024,19,21,-9.5
06037221601,South Los Angeles,8,2024,26,17,52.9
06037221602,South Los Angeles,1,2024,12,9,33.3
06037221710,South Los Angeles,8,2024,22,31,-29.0
06037221810,South Los Angeles,8,2024,19,17,11.8
06037221820,South Los Angeles,9,2024,34,32,6.3
06037221900,South Los Angeles,9,2024,30,36,-16.7
06037222001,South Los Angeles,10,2024,39,25,56.0
06037222002,South Los Angeles,8,2024,49,34,44.1
06037222100,South Los Angeles,8,2024,30,23,30.4
06037222200,South Los Angeles,8,2024,39,31,25.8
06037222500,South Los Angeles,8,2024,52,73,-28.8
06037222600,South Los Angeles,8,2024,111,78,42.3
06037222700,South Los Angeles,9,2024,1,1,0.0
06037224010,Central City,14,2024,5,14,-64.3
06037224020,Southeast Los Angeles,9,2024,8,3,166.7
06037224200,Westlake,1,2024,8,3,166.7
06037224310,Westlake,1,2024,4,8,-50.0
06037224320,Westlake,1,2024,6,8,-25.0
06037224410,South Los Angeles,1,2024,30,41,-26.8
06037224420,South Los Angeles,1,2024,11,4,175.0
06037224600,Southeast Los Angeles,9,2024,4,19,-78.9
06037224701,South Los Angeles,9,2024,5,6,-16.7
06037224702,South Los Angeles,9,2024,13,12,8.3
06037226001,Southeast Los Angeles,9,2024,10,12,-16.7
06037226002,Central City,14,2024,1,2,-50.0
06037226410,Southeast Los Angeles,9,2024,10,16,-37.5
06037226420,Southeast Los Angeles,9,2024,18,21,-14.3
06037226701,Southeast Los Angeles,9,2024,12,19,-36.8
06037226702,Southeast Los Angeles,9,2024,14,8,75.0
06037227010,Southeast Los Angeles,9,2024,17,16,6.3
06037227020,Southeast Los Angeles,9,2024,10,27,-63.0
06037228100,Southeast Los Angeles,9,2024,25,28,-10.7
06037228210,Southeast Los Angeles,9,2024,7,20,-65.0
06037228220,Southeast Los Angeles,9,2024,15,16,-6.3
06037228310,Southeast Los Angeles,9,2024,22,13,69.2
06037228320,Southeast Los Angeles,9,2024,14,17,-17.6
06037228410,Southeast Los Angeles,9,2024,16,16,0.0
06037228420,Southeast Los Angeles,9,2024,12,12,0.0
06037228500,Southeast Los Angeles,9,2024,24,24,0.0
06037228600,Southeast Los Angeles,9,2024,29,18,61.1
06037228710,Southeast Los Angeles,9,2024,9,22,-59.1
06037228720,Southeast Los Angeles,9,2024,10,7,42.9
06037228800,Southeast Los Angeles,9,2024,21,12,75.0
06037228900,Southeast Los Angeles,9,2024,8,1,700.0
06037229100,Southeast Los Angeles,9,2024,22,18,22.2
06037229200,Southeast Los Angeles,9,2024,21,21,0.0
06037229300,Southeast Los Angeles,9,2024,24,24,0.0
06037229410,Southeast Los Angeles,9,2024,14,16,-12.5
06037229420,Southeast Los Angeles,9,2024,18,15,20.0
06037231100,Southeast Los Angeles,9,2024,19,12,58.3
06037231210,South Los Angeles,8,2024,29,48,-39.6
06037231220,South Los Angeles,9,2024,21,15,40.0
06037231301,South Los Angeles,8,2024,14,15,-6.7
06037231302,South Los Angeles,8,2024,16,25,-36.0
06037231400,South Los Angeles,8,2024,39,61,-36.1
06037231500,South Los Angeles,8,2024,87,64,35.9
06037231601,South Los Angeles,8,2024,20,12,66.7
06037231602,South Los Angeles,9,2024,22,24,-8.3
06037231603,South Los Angeles,9,2024,16,16,0.0
06037231710,South Los Angeles,9,2024,15,25,-40.0
06037231720,South Los Angeles,9,2024,20,21,-4.8
06037231800,Southeast Los Angeles,9,2024,29,23,26.1
06037231901,Southeast Los Angeles,9,2024,15,18,-16.7
06037231902,Southeast Los Angeles,9,2024,18,10,80.0
06037232110,South Los Angeles,9,2024,13,15,-13.3
06037232120,South Los Angeles,9,2024,24,21,14.3
06037232200,South Los Angeles,9,2024,32,26,23.1
06037232300,South Los Angeles,9,2024,26,42,-38.1
06037232401,South Los Angeles,8,2024,33,22,50.0
06037232402,South Los Angeles,8,2024,19,25,-24.0
06037232500,South Los Angeles,8,2024,72,44,63.6
06037232601,South Los Angeles,8,2024,18,14,28.6
06037232602,South Los Angeles,9,2024,25,34,-26.5
06037232701,South Los Angeles,9,2024,15,16,-6.3
06037232702,South Los Angeles,9,2024,20,13,53.8
06037232800,Southeast Los Angeles,9,2024,21,15,40.0
06037234001,West Adams - Baldwin Hills - Leimert,10,2024,83,74,12.2
06037234002,West Adams - Baldwin Hills - Leimert,10,2024,60,49,22.4
06037234200,West Adams - Baldwin Hills - Leimert,10,2024,93,83,12.0
06037234301,West Adams - Baldwin Hills - Leimert,10,2024,37,31,19.4
06037234302,West Adams - Baldwin Hills - Leimert,10,2024,45,44,2.3
06037234501,West Adams - Baldwin Hills - Leimert,8,2024,33,54,-38.9
06037234502,West Adams - Baldwin Hills - Leimert,8,2024,48,42,14.3
06037234600,West Adams - Baldwin Hills - Leimert,8,2024,97,109,-11.0
06037234700,West Adams - Baldwin Hills - Leimert,8,2024,52,53,-1.9
06037234800,West Adams - Baldwin Hills - Leimert,8,2024,56,39,43.6
06037234901,West Adams - Baldwin Hills - Leimert,8,2024,15,19,-21.1
06037234902,West Adams - Baldwin Hills - Leimert,8,2024,42,32,31.3
06037235100,West Adams - Baldwin Hills - Leimert,8,2024,155,98,58.2
06037235201,West Adams - Baldwin Hills - Leimert,8,2024,92,64,43.8
06037235202,West Adams - Baldwin Hills - Leimert,8,2024,76,63,20.6
06037236001,West Adams - Baldwin Hills - Leimert,10,2024,111,91,22.0
06037236101,West Adams - Baldwin Hills - Leimert,10,2024,31,47,-34.0
06037236102,West Adams - Baldwin Hills - Leimert,8,2024,8,15,-46.7
06037236203,West Adams - Baldwin Hills - Leimert,10,2024,18,44,-59.1
06037236204,West Adams - Baldwin Hills - Leimert,10,2024,13,15,-13.3
06037236205,West Adams - Baldwin Hills - Leimert,10,2024,5,15,-66.7
06037236206,West Adams - Baldwin Hills - Leimert,10,2024,6,15,-60.0
06037236400,West Adams - Baldwin Hills - Leimert,8,2024,102,67,52.2
06037237101,South Los Angeles,9,2024,32,19,68.4
06037237102,South Los Angeles,9,2024,12,17,-29.4
06037237201,South Los Angeles,9,2024,19,29,-34.5
06037237202,South Los Angeles,8,2024,36,37,-2.7
06037237300,South Los Angeles,8,2024,64,65,-1.5
06037237401,South Los Angeles,8,2024,19,21,-9.5
06037237402,South Los Angeles,8,2024,22,28,-21.4
06037237500,South Los Angeles,8,2024,12,11,9.1
06037237600,South Los Angeles,8,2024,16,30,-46.7
06037237710,South Los Angeles,8,2024,40,16,150.0
06037237720,South Los Angeles,8,2024,16,21,-23.8
06037237800,South Los Angeles,8,2024,53,71,-25.4
06037237900,South Los Angeles,8,2024,89,71,25.4
06037238000,South Los Angeles,8,2024,123,108,13.9
06037238100,South Los Angeles,8,2024,75,90,-16.7
06037238200,South Los Angeles,8,2024,90,102,-11.8
06037238310,South Los Angeles,8,2024,11,17,-35.3
06037238320,South Los Angeles,8,2024,22,32,-31.3
06037238400,South Los Angeles,8,2024,102,91,12.1
06037239201,Southeast Los Angeles,9,2024,12,13,-7.7
06037239202,Southeast Los Angeles,9,2024,22,20,10.0
06037239310,Southeast Los Angeles,9,2024,19,16,18.8
06037239320,Southeast Los Angeles,9,2024,12,20,-40.0
06037239330,Southeast Los Angeles,9,2024,8,12,-33.3
06037239501,Southeast Los Angeles,9,2024,18,31,-41.9
06037239502,Southeast Los Angeles,9,2024,23,22,4.5
06037239601,Southeast Los Angeles,9,2024,33,13,153.8
06037239602,Southeast Los Angeles,9,2024,17,21,-19.0
06037239701,Southeast Los Angeles,9,2024,16,29,-44.8
06037239702,Southeast Los Angeles,9,2024,46,18,155.6
06037239801,Southeast Los Angeles,9,2024,28,14,100.0
06037239802,Southeast Los Angeles,9,2024,27,27,0.0
06037240010,Southeast Los Angeles,9,2024,14,24,-41.7
06037240020,Southeast Los Angeles,9,2024,44,35,25.7
06037240200,Southeast Los Angeles,8,2024,34,51,-33.3
06037240301,South Los Angeles,8,2024,24,10,140.0
06037240302,South Los Angeles,8,2024,19,10,90.0
06037240401,South Los Angeles,8,2024,14,28,-50.0
06037240402,South Los Angeles,8,2024,34,32,6.3
06037240500,Southeast Los Angeles,8,2024,33,29,13.8
06037240600,Southeast Los Angeles,8,2024,23,36,-36.1
06037240700,Southeast Los Angeles,8,2024,57,38,50.0
06037240800,Southeast Los Angeles,8,2024,23,50,-54.0
06037240901,Southeast Los Angeles,15,2024,6,6,0.0
06037240902,Southeast Los Angeles,8,2024,35,14,150.0
06037241001,Southeast Los Angeles,15,2024,33,29,13.8
06037241002,Southeast Los Angeles,15,2024,13,32,-59.4
06037241110,Southeast Los Angeles,8,2024,14,17,-17.6
06037241120,Southeast Los Angeles,8,2024,23,29,-20.7
06037241201,South Los Angeles,8,2024,25,37,-32.4
06037241202,South Los Angeles,8,2024,54,52,3.8
06037241300,South Los Angeles,15,2024,25,20,25.0
06037241400,Southeast Los Angeles,15,2024,20,19,5.3
06037242000,Southeast Los Angeles,15,2024,32,31,3.2
06037242100,Southeast Los Angeles,15,2024,13,11,18.2
06037242201,Southeast Los Angeles,15,2024,22,11,100.0
06037242202,Southeast Los Angeles,15,2024,18,10,80.0
06037242300,Southeast Los Angeles,15,2024,30,16,87.5
06037242600,Southeast Los Angeles,15,2024,3,9,-66.7
06037242700,Southeast Los Angeles,15,2024,34,16,112.5
06037243001,Southeast Los Angeles,15,2024,21,17,23.5
06037243002,Southeast Los Angeles,15,2024,20,17,17.6
06037243100,Southeast Los Angeles,15,2024,31,24,29.2
06037261102,Bel Air - Beverly Crest,5,2024,153,180,-15.0
06037261103,Bel Air - Beverly Crest,4,2024,73,62,17.7
06037261104,Bel Air - Beverly Crest,5,2024,71,47,51.1
06037261200,Bel Air - Beverly Crest,5,2024,136,141,-3.5
06037262100,Bel Air - Beverly Crest,5,2024,181,193,-6.2
06037262200,Bel Air - Beverly Crest,5,2024,133,151,-11.9
06037262301,Brentwood - Pacific Palisades,11,2024,101,98,3.1
06037262302,Brentwood - Pacific Palisades,11,2024,85,98,-13.3
06037262303,Brentwood - Pacific Palisades,11,2024,170,124,37.1
06037262400,Brentwood - Pacific Palisades,11,2024,150,164,-8.5
06037262501,Brentwood - Pacific Palisades,11,2024,87,110,-20.9
06037262601,Brentwood - Pacific Palisades,11,2024,83,102,-18.6
06037262604,Brentwood - Pacific Palisades,11,2024,222,178,24.7
06037262704,Brentwood - Pacific Palisades,11,2024,100,86,16.3
06037262706,Brentwood - Pacific Palisades,11,2024,117,109,7.3
06037262802,Brentwood - Pacific Palisades,11,2024,118,124,-4.8
06037264000,Brentwood - Pacific Palisades,11,2024,136,119,14.3
06037264102,Brentwood - Pacific Palisades,11,2024,34,38,-10.5
06037264103,Brentwood - Pacific Palisades,11,2024,29,38,-23.7
06037264303,Brentwood - Pacific Palisades,11,2024,42,24,75.0
06037264304,Brentwood - Pacific Palisades,11,2024,28,16,75.0
06037264305,Brentwood - Pacific Palisades,11,2024,50,50,0.0
06037264306,Brentwood - Pacific Palisades,11,2024,23,37,-37.8
06037265100,Westwood,5,2024,87,126,-31.0
06037265201,Westwood,5,2024,59,46,28.3
06037265203,Westwood,5,2024,46,27,70.4
06037265204,Westwood,5,2024,69,39,76.9
06037265303,Westwood,5,2024,13,7,85.7
06037265304,Westwood,5,2024,10,19,-47.4
06037265306,Westwood,5,2024,2,3,-33.3
06037265307,Westwood,5,2024,1,2,-50.0
06037265410,Brentwood - Pacific Palisades,11,2024,45,31,45.2
06037265420,Westwood,5,2024,73,78,-6.4
06037265521,Westwood,5,2024,9,11,-18.2
06037265522,Westwood,5,2024,15,10,50.0
06037265523,Westwood,5,2024,28,38,-26.3
06037265524,Westwood,5,2024,27,35,-22.9
06037265601,Westwood,5,2024,59,61,-3.3
06037265602,Westwood,5,2024,69,53,30.2
06037265701,Westwood,5,2024,37,35,5.7
06037265702,Westwood,5,2024,52,63,-17.5
06037267101,West Los Angeles,5,2024,68,58,17.2
06037267102,West Los Angeles,5,2024,90,57,57.9
06037267201,West Los Angeles,5,2024,27,24,12.5
06037267202,West Los Angeles,5,2024,69,38,81.6
06037267300,West Los Angeles,11,2024,20,17,17.6
06037267403,West Los Angeles,11,2024,38,26,46.2
06037267404,West Los Angeles,11,2024,19,19,0.0
06037267405,West Los Angeles,11,2024,18,10,80.0
06037267406,West Los Angeles,11,2024,10,20,-50.0
06037267502,West Los Angeles,11,2024,45,43,4.7
06037267503,West Los Angeles,11,2024,15,16,-6.3
06037267504,West Los Angeles,11,2024,29,29,0.0
06037267600,West Los Angeles,11,2024,67,83,-19.3
06037267700,West Los Angeles,11,2024,41,41,0.0
06037267800,West Los Angeles,5,2024,71,74,-4.1
06037267901,West Los Angeles,5,2024,135,120,12.5
06037267902,West Los Angeles,5,2024,76,99,-23.2
06037269000,West Los Angeles,5,2024,96,129,-25.6
06037269100,West Los Angeles,5,2024,84,70,20.0
06037269300,West Los Angeles,5,2024,136,117,16.2
06037269500,West Los Angeles,5,2024,99,124,-20.2
06037269601,West Adams - Baldwin Hills - Leimert,10,2024,19,38,-50.0
06037269602,West Adams - Baldwin Hills - Leimert,10,2024,28,40,-30.0
06037269700,West Adams - Baldwin Hills - Leimert,10,2024,67,69,-2.9
06037269800,West Los Angeles,5,2024,62,55,12.7
06037269903,Palms - Mar Vista - Del Rey,5,2024,19,18,5.6
06037269905,Palms - Mar Vista - Del Rey,5,2024,8,16,-50.0
06037269906,Palms - Mar Vista - Del Rey,5,2024,11,19,-42.1
06037269907,Palms - Mar Vista - Del Rey,5,2024,15,14,7.1
06037269908,Palms - Mar Vista - Del Rey,5,2024,10,8,25.0
06037269909,Palms - Mar Vista - Del Rey,5,2024,3,7,-57.1
06037270101,Palms - Mar Vista - Del Rey,5,2024,18,8,125.0
06037270102,Palms - Mar Vista - Del Rey,5,2024,12,5,140.0
06037270200,West Adams - Baldwin Hills - Leimert,10,2024,58,60,-3.3
06037270300,West Adams - Baldwin Hills - Leimert,10,2024,89,66,34.8
06037271100,West Los Angeles,5,2024,63,49,28.6
06037271200,Palms - Mar Vista - Del Rey,11,2024,20,32,-37.5
06037271300,Palms - Mar Vista - Del Rey,11,2024,124,99,25.3
06037271400,Palms - Mar Vista - Del Rey,11,2024,119,111,7.2
06037271500,Palms - Mar Vista - Del Rey,11,2024,80,87,-8.0
06037271600,Palms - Mar Vista - Del Rey,11,2024,44,70,-37.1
06037271702,Palms - Mar Vista - Del Rey,5,2024,37,41,-9.8
06037271703,Palms - Mar Vista - Del Rey,5,2024,33,31,6.5
06037271704,Palms - Mar Vista - Del Rey,5,2024,40,40,0.0
06037271801,Palms - Mar Vista - Del Rey,5,2024,35,26,34.6
06037271803,Palms - Mar Vista - Del Rey,5,2024,26,16,62.5
06037271804,Palms - Mar Vista - Del Rey,5,2024,38,34,11.8
06037271901,Palms - Mar Vista - Del Rey,11,2024,35,71,-50.7
06037271902,Palms - Mar Vista - Del Rey,11,2024,80,73,9.6
06037272100,Palms - Mar Vista - Del Rey,11,2024,101,83,21.7
06037272201,Palms - Mar Vista - Del Rey,11,2024,19,62,-69.4
06037272202,Palms - Mar Vista - Del Rey,11,2024,66,48,37.5
06037272301,Palms - Mar Vista - Del Rey,11,2024,57,68,-16.2
06037272302,Palms - Mar Vista - Del Rey,11,2024,33,24,37.5
06037273100,Venice,11,2024,90,81,11.1
06037273200,Venice,11,2024,94,54,74.1
06037273300,Venice,11,2024,41,44,-6.8
06037273403,Venice,11,2024,26,22,18.2
06037273404,Venice,11,2024,14,15,-6.7
06037273502,Venice,11,2024,68,36,88.9
06037273600,Venice,11,2024,76,64,18.8
06037273700,Venice,11,2024,99,80,23.8
06037273800,Venice,11,2024,80,41,95.1
06037273902,Venice,11,2024,97,102,-4.9
06037274100,Venice,11,2024,99,88,12.5
06037274202,Venice,11,2024,158,107,47.7
06037275101,Palms - Mar Vista - Del Rey,11,2024,29,22,31.8
06037275102,Palms - Mar Vista - Del Rey,11,2024,49,52,-5.8
06037275200,Palms - Mar Vista - Del Rey,11,2024,46,54,-14.8
06037275311,Palms - Mar Vista - Del Rey,11,2024,102,93,9.7
06037275312,Palms - Mar Vista - Del Rey,11,2024,30,39,-23.1
06037275313,Palms - Mar Vista - Del Rey,11,2024,62,66,-6.1
06037275400,Palms - Mar Vista - Del Rey,11,2024,69,78,-11.5
06037275500,Palms - Mar Vista - Del Rey,11,2024,40,50,-20.0
06037275603,Palms - Mar Vista - Del Rey,11,2024,77,56,37.5
06037275604,Westchester - Playa del Rey,11,2024,60,44,36.4
06037275605,Palms - Mar Vista - Del Rey,11,2024,2,7,-71.4
06037276000,Westchester - Playa del Rey,11,2024,183,185,-1.1
06037276101,Westchester - Playa del Rey,11,2024,5,3,66.7
06037276102,Westchester - Playa del Rey,11,2024,25,23,8.7
06037276400,Westchester - Playa del Rey,11,2024,143,120,19.2
06037276500,Westchester - Playa del Rey,11,2024,46,58,-20.7
06037276601,Westchester - Playa del Rey,11,2024,97,88,10.2
06037276605,Westchester - Playa del Rey,11,2024,15,23,-34.8
06037276606,Westchester - Playa del Rey,11,2024,21,13,61.5
06037276607,Westchester - Playa del Rey,11,2024,15,25,-40.0
06037276608,Westchester - Playa del Rey,11,2024,14,9,55.6
06037277000,Westchester - Playa del Rey,11,2024,171,180,-5.0
06037277100,Westchester - Playa del Rey,11,2024,91,87,4.6
06037277200,Westchester - Playa del Rey,11,2024,24,15,60.0
06037277400,Los Angeles International Airport,11,2024,2,1,100.0
06037278001,Westchester - Playa del Rey,11,2024,42,40,5.0
06037278102,Westchester - Playa del Rey,11,2024,82,92,-10.9
06037291110,Harbor Gateway,15,2024,24,41,-41.5
06037291120,Harbor Gateway,15,2024,11,18,-38.9
06037291130,Harbor Gateway,15,2024,42,35,20.0
06037291210,Harbor Gateway,15,2024,33,52,-36.5
06037291220,Harbor Gateway,15,2024,41,34,20.6
06037291300,Harbor Gateway,15,2024,48,37,29.7
06037292001,Harbor Gateway,15,2024,17,17,0.0
06037292002,Harbor Gateway,15,2024,32,17,88.2
06037293203,Harbor Gateway,15,2024,23,22,4.5
06037293204,Harbor Gateway,15,2024,41,27,51.9
06037293205,Harbor Gateway,15,2024,20,45,-55.6
06037293206,Harbor Gateway,15,2024,13,11,18.2
06037293301,Wilmington - Harbor City,15,2024,32,22,45.5
06037293302,Wilmington - Harbor City,15,2024,51,54,-5.6
06037293304,Wilmington - Harbor City,15,2024,45,35,28.6
06037293306,Wilmington - Harbor City,15,2024,23,33,-30.3
06037293307,Wilmington - Harbor City,15,2024,17,9,88.9
06037294110,Wilmington - Harbor City,15,2024,32,30,6.7
06037294120,Wilmington - Harbor City,15,2024,18,6,200.0
06037294200,Wilmington - Harbor City,15,2024,51,37,37.8
06037294301,Wilmington - Harbor City,15,2024,14,16,-12.5
06037294302,Wilmington - Harbor City,15,2024,23,29,-20.7
06037294410,Wilmington - Harbor City,15,2024,9,7,28.6
06037294421,Wilmington - Harbor City,15,2024,6,10,-40.0
06037294510,Wilmington - Harbor City,15,2024,12,23,-47.8
06037294520,Wilmington - Harbor City,15,2024,17,17,0.0
06037294610,Wilmington - Harbor City,15,2024,24,22,9.1
06037294620,Wilmington - Harbor City,15,2024,51,25,104.0
06037294701,Wilmington - Harbor City,15,2024,11,7,57.1
06037294810,Wilmington - Harbor City,15,2024,10,14,-28.6
06037294820,Wilmington - Harbor City,15,2024,10,11,-9.1
06037294830,Wilmington - Harbor City,15,2024,20,8,150.0
06037294900,Wilmington - Harbor City,15,2024,12,15,-20.0
06037295103,San Pedro,15,2024,25,35,-28.6
06037296210,San Pedro,15,2024,28,15,86.7
06037296220,San Pedro,15,2024,13,7,85.7
06037296300,San Pedro,15,2024,41,34,20.6
06037296401,San Pedro,15,2024,32,42,-23.8
06037296402,San Pedro,15,2024,64,49,30.6
06037296500,San Pedro,15,2024,34,35,-2.9
06037296600,San Pedro,15,2024,38,31,22.6
06037296901,San Pedro,15,2024,40,21,90.5
06037296902,San Pedro,15,2024,41,27,51.9
06037297001,San Pedro,15,2024,35,21,66.7
06037297002,San Pedro,15,2024,59,30,96.7
06037297110,San Pedro,15,2024,33,16,106.3
06037297120,San Pedro,15,2024,21,16,31.3
06037297201,San Pedro,15,2024,35,29,20.7
06037297202,San Pedro,15,2024,49,33,48.5
06037297300,San Pedro,15,2024,27,26,3.8
06037297400,San Pedro,15,2024,74,79,-6.3
06037297501,San Pedro,15,2024,53,57,-7.0
06037297502,San Pedro,15,2024,32,19,68.4
06037297601,San Pedro,15,2024,11,14,-21.4
06037297602,San Pedro,15,2024,45,43,4.7
06037800204,Canoga Park-West Hills-Winnetka-Woodland Hills,3,2024,8,4,100.0
06037980010,Silver Lake - Echo Park - Elysian Valley,1,2024,1,1,0.0
06037980015,Wilmington - Harbor City,15,2024,30,195,-84.6
06037980019,Brentwood - Pacific Palisades,11,2024,7,8,-12.5
06037980021,Sunland-E LaTuna Cyn-Lakevw Ter-Shadow Hls-Tujunga,7,2024,1,1,0.0
06037980024,Encino - Tarzana,6,2024,11,7,57.1
06037101110,Sunland-E LaTuna Cyn-Lakevw Ter-Shadow Hls-Tujunga,7,2025,91,92,-1.1
06037101122,Sunland-E LaTuna Cyn-Lakevw Ter-Shadow Hls-Tujunga,7,2025,86,77,11.7
06037101220,Sunland-E LaTuna Cyn-Lakevw Ter-Shadow Hls-Tujunga,7,2025,41,41,0.0
06037101221,Sunland-E LaTuna Cyn-Lakevw Ter-Shadow Hls-Tujunga,7,2025,14,16,-12.5
06037101222,Sunland-E LaTuna Cyn-Lakevw Ter-Shadow Hls-Tujunga,7,2025,5,6,-16.7
06037101300,Sunland-E LaTuna Cyn-Lakevw Ter-Shadow Hls-Tujunga,7,2025,69,76,-9.2
06037101400,Sunland-E LaTuna Cyn-Lakevw Ter-Shadow Hls-Tujunga,7,2025,77,76,1.3
06037102103,Sun Valley - La Tuna Canyon,2,2025,58,45,28.9
06037102104,Sun Valley - La Tuna Canyon,2,2025,104,47,121.3
06037102105,Sun Valley - La Tuna Canyon,2,2025,67,34,97.1
06037102107,Sun Valley - La Tuna Canyon,7,2025,72,62,16.1
06037103101,Sunland-E LaTuna Cyn-Lakevw Ter-Shadow Hls-Tujunga,7,2025,56,86,-34.9
06037103102,Sunland-E LaTuna Cyn-Lakevw Ter-Shadow Hls-Tujunga,7,2025,109,145,-24.8
06037103201,Sunland-E LaTuna Cyn-Lakevw Ter-Shadow Hls-Tujunga,7,2025,37,60,-38.3
06037103202,Sunland-E LaTuna Cyn-Lakevw Ter-Shadow Hls-Tujunga,7,2025,23,33,-30.3
06037103300,Sunland-E LaTuna Cyn-Lakevw Ter-Shadow Hls-Tujunga,7,2025,100,91,9.9
06037103401,Sunland-E LaTuna Cyn-Lakevw Ter-Shadow Hls-Tujunga,7,2025,42,34,23.5
06037103402,Sunland-E LaTuna Cyn-Lakevw Ter-Shadow Hls-Tujunga,7,2025,70,91,-23.1
06037104103,Sunland-E LaTuna Cyn-Lakevw Ter-Shadow Hls-Tujunga,7,2025,28,77,-63.6
06037104105,Arleta - Pacoima,7,2025,10,17,-41.2
06037104108,Arleta - Pacoima,7,2025,30,16,87.5
06037104124,Sunland-E LaTuna Cyn-Lakevw Ter-Shadow Hls-Tujunga,7,2025,34,33,3.0
06037104201,Arleta - Pacoima,7,2025,34,32,6.3
06037104203,Arleta - Pacoima,7,2025,22,42,-47.6
06037104204,Arleta - Pacoima,7,2025,9,15,-40.0
06037104310,Arleta - Pacoima,7,2025,34,27,25.9
06037104321,Arleta - Pacoima,7,2025,18,39,-53.8
06037104322,Arleta - Pacoima,7,2025,9,15,-40.0
06037104401,Arleta - Pacoima,7,2025,21,24,-12.5
06037104403,Arleta - Pacoima,7,2025,19,26,-26.9
06037104404,Arleta - Pacoima,7,2025,20,18,11.1
06037104500,Arleta - Pacoima,7,2025,27,23,17.4
06037104610,Arleta - Pacoima,7,2025,30,21,42.9
06037104620,Arleta - Pacoima,7,2025,34,18,88.9
06037104701,Arleta - Pacoima,7,2025,6,23,-73.9
06037104703,Arleta - Pacoima,7,2025,2,8,-75.0
06037104704,Arleta - Pacoima,7,2025,18,11,63.6
06037104821,Arleta - Pacoima,7,2025,21,9,133.3
06037104822,Arleta - Pacoima,7,2025,11,7,57.1
06037104823,Arleta - Pacoima,7,2025,20,14,42.9
06037104824,Arleta - Pacoima,7,2025,21,18,16.7
06037106010,Sylmar,7,2025,30,25,20.0
06037106020,Sylmar,7,2025,68,57,19.3
06037106111,Sylmar,7,2025,44,50,-12.0
06037106112,Sylmar,7,2025,58,46,26.1
06037106113,Sylmar,7,2025,35,23,52.2
06037106114,Sylmar,7,2025,21,41,-48.8
06037106403,Sylmar,7,2025,35,32,9.4
06037106405,Sylmar,7,2025,7,13,-46.2
06037106406,Sylmar,7,2025,42,47,-10.6
06037106407,Sylmar,7,2025,8,11,-27.3
06037106408,Sylmar,7,2025,2,3,-33.3
06037106510,Sylmar,7,2025,46,24,91.7
06037106520,Sylmar,7,2025,34,55,-38.2
06037106603,Granada Hills - Knollwood,12,2025,58,45,28.9
06037106604,Sylmar,7,2025,44,46,-4.3
06037106641,Granada Hills - Knollwood,12,2025,62,38,63.2
06037106642,Granada Hills - Knollwood,12,2025,76,86,-11.6
06037106643,Granada Hills - Knollwood,12,2025,87,74,17.6
06037106645,Granada Hills - Knollwood,12,2025,98,81,21.0
06037106646,Granada Hills - Knollwood,12,2025,64,70,-8.6
06037106648,Sylmar,7,2025,9,15,-40.0
06037106649,Sylmar,7,2025,24,13,84.6
06037107010,Sylmar,7,2025,28,24,16.7
06037107020,Sylmar,7,2025,37,41,-9.8
06037108101,Chatsworth - Porter Ranch,12,2025,25,35,-28.6
06037108102,Chatsworth - Porter Ranch,12,2025,81,91,-11.0
06037108103,Chatsworth - Porter Ranch,12,2025,47,49,-4.1
06037108104,Chatsworth - Porter Ranch,12,2025,15,28,-46.4
06037108202,Chatsworth - Porter Ranch,12,2025,71,162,-56.2
06037108203,Chatsworth - Porter Ranch,12,2025,33,32,3.1
06037108204,Chatsworth - Porter Ranch,12,2025,11,9,22.2
06037109100,Mission Hills - Panorama City - North Hills,7,2025,13,19,-31.6
06037109200,Granada Hills - Knollwood,12,2025,58,40,45.0
06037109300,Granada Hills - Knollwood,12,2025,76,107,-29.0
06037109400,Mission Hills - Panorama City - North Hills,7,2025,41,49,-16.3
06037109500,Arleta - Pacoima,7,2025,34,45,-24.4
06037109601,Mission Hills - Panorama City - North Hills,7,2025,66,69,-4.3
06037109603,Mission Hills - Panorama City - North Hills,7,2025,87,75,16.0
06037109604,Mission Hills - Panorama City - North Hills,7,2025,42,39,7.7
06037109700,Granada Hills - Knollwood,12,2025,106,97,9.3
06037109800,Granada Hills - Knollwood,12,2025,97,99,-2.0
06037111100,Granada Hills - Knollwood,12,2025,53,84,-36.9
06037111201,Granada Hills - Knollwood,12,2025,111,111,0.0
06037111202,Granada Hills - Knollwood,12,2025,144,137,5.1
06037111204,Northridge,12,2025,112,118,-5.1
06037111205,Northridge,12,2025,15,78,-80.8
06037111206,Northridge,12,2025,106,123,-13.8
06037111302,Northridge,12,2025,79,86,-8.1
06037111303,Granada Hills - Knollwood,12,2025,93,68,36.8
06037111401,Granada Hills - Knollwood,12,2025,34,42,-19.0
06037111402,Granada Hills - Knollwood,12,2025,53,33,60.6
06037113101,Chatsworth - Porter Ranch,12,2025,43,100,-57.0
06037113102,Chatsworth - Porter Ranch,12,2025,46,78,-41.0
06037113211,Chatsworth - Porter Ranch,12,2025,34,41,-17.1
06037113212,Chatsworth - Porter Ranch,12,2025,30,33,-9.1
06037113213,Chatsworth - Porter Ranch,12,2025,41,62,-33.9
06037113231,Chatsworth - Porter Ranch,12,2025,34,48,-29.2
06037113232,Chatsworth - Porter Ranch,12,2025,78,85,-8.2
06037113234,Chatsworth - Porter Ranch,3,2025,14,21,-33.3
06037113237,Chatsworth - Porter Ranch,12,2025,123,38,223.7
06037113238,Chatsworth - Porter Ranch,3,2025,49,39,25.6
06037113239,Chatsworth - Porter Ranch,3,2025,7,4,75.0
06037113301,Chatsworth - Porter Ranch,12,2025,36,33,9.1
06037113303,Chatsworth - Porter Ranch,12,2025,71,70,1.4
06037113322,Chatsworth - Porter Ranch,12,2025,84,82,2.4
06037113323,Chatsworth - Porter Ranch,12,2025,12,23,-47.8
06037113324,Chatsworth - Porter Ranch,12,2025,2,1,100.0
06037113423,Chatsworth - Porter Ranch,3,2025,43,36,19.4
06037113424,Chatsworth - Porter Ranch,12,2025,71,77,-7.8
06037113425,Chatsworth - Porter Ranch,3,2025,1,3,-66.7
06037113426,Chatsworth - Porter Ranch,3,2025,32,37,-13.5
06037113427,Chatsworth - Porter Ranch,3,2025,13,11,18.2
06037113428,Chatsworth - Porter Ranch,3,2025,59,50,18.0
06037115101,Northridge,12,2025,118,121,-2.5
06037115104,Northridge,12,2025,42,53,-20.8
06037115202,Northridge,12,2025,65,98,-33.7
06037115203,Northridge,12,2025,16,20,-20.0
06037115204,Northridge,12,2025,37,36,2.8
06037115301,Northridge,12,2025,58,46,26.1
06037115302,Northridge,12,2025,40,22,81.8
06037115401,Northridge,12,2025,84,65,29.2
06037115403,Northridge,12,2025,28,32,-12.5
06037115404,Northridge,12,2025,36,47,-23.4
06037117101,Mission Hills - Panorama City - North Hills,7,2025,30,27,11.1
06037117102,Mission Hills - Panorama City - North Hills,7,2025,28,25,12.0
06037117201,Mission Hills - Panorama City - North Hills,7,2025,51,46,10.9
06037117202,Mission Hills - Panorama City - North Hills,12,2025,44,42,4.8
06037117301,Mission Hills - Panorama City - North Hills,12,2025,72,82,-12.2
06037117302,Northridge,12,2025,95,100,-5.0
06037117303,Mission Hills - Panorama City - North Hills,12,2025,102,105,-2.9
06037117404,Mission Hills - Panorama City - North Hills,12,2025,103,88,17.0
06037117405,Mission Hills - Panorama City - North Hills,7,2025,13,8,62.5
06037117407,Mission Hills - Panorama City - North Hills,6,2025,4,5,-20.0
06037117408,Mission Hills - Panorama City - North Hills,6,2025,7,6,16.7
06037117510,Mission Hills - Panorama City - North Hills,7,2025,8,3,166.7
06037117520,Mission Hills - Panorama City - North Hills,6,2025,15,21,-28.6
06037117530,Mission Hills - Panorama City - North Hills,6,2025,10,20,-50.0
06037119001,Sun Valley - La Tuna Canyon,6,2025,34,43,-20.9
06037119003,Arleta - Pacoima,6,2025,40,34,17.6
06037119004,Arleta - Pacoima,6,2025,27,25,8.0
06037119201,Arleta - Pacoima,6,2025,42,40,5.0
06037119202,Arleta - Pacoima,6,2025,49,26,88.5
06037119310,Mission Hills - Panorama City - North Hills,6,2025,40,22,81.8
06037119320,Mission Hills - Panorama City - North Hills,6,2025,32,26,23.1
06037119340,Mission Hills - Panorama City - North Hills,6,2025,2,3,-33.3
06037119341,Mission Hills - Panorama City - North Hills,6,2025,13,11,18.2
06037119342,Mission Hills - Panorama City - North Hills,6,2025,10,1,900.0
06037119400,Arleta - Pacoima,6,2025,39,59,-33.9
06037119700,Mission Hills - Panorama City - North Hills,6,2025,56,67,-16.4
06037119801,Arleta - Pacoima,6,2025,28,29,-3.4
06037119802,Arleta - Pacoima,6,2025,28,21,33.3
06037119900,Mission Hills - Panorama City - North Hills,6,2025,54,85,-36.5
06037120010,Mission Hills - Panorama City - North Hills,6,2025,32,39,-17.9
06037120020,Mission Hills - Panorama City - North Hills,6,2025,10,6,66.7
06037120030,Mission Hills - Panorama City - North Hills,6,2025,5,2,150.0
06037120103,Mission Hills - Panorama City - North Hills,6,2025,9,15,-40.0
06037120104,Mission Hills - Panorama City - North Hills,6,2025,5,2,150.0
06037120105,Mission Hills - Panorama City - North Hills,6,2025,25,24,4.2
06037120106,Mission Hills - Panorama City - North Hills,6,2025,13,24,-45.8
06037120107,Mission Hills - Panorama City - North Hills,6,2025,10,8,25.0
06037120108,Mission Hills - Panorama City - North Hills,6,2025,10,7,42.9
06037120300,Mission Hills - Panorama City - North Hills,6,2025,54,79,-31.6
06037120400,Mission Hills - Panorama City - North Hills,6,2025,48,37,29.7
06037121010,Sun Valley - La Tuna Canyon,2,2025,66,107,-38.3
06037121020,Sun Valley - La Tuna Canyon,2,2025,49,51,-3.9
06037121101,Sun Valley - La Tuna Canyon,6,2025,20,23,-13.0
06037121102,Sun Valley - La Tuna Canyon,6,2025,49,37,32.4
06037121210,Sun Valley - La Tuna Canyon,6,2025,42,24,75.0
06037121221,Sun Valley - La Tuna Canyon,6,2025,19,28,-32.1
06037121222,Sun Valley - La Tuna Canyon,6,2025,33,27,22.2
06037121600,Sun Valley - La Tuna Canyon,2,2025,64,67,-4.5
06037121801,Sun Valley - La Tuna Canyon,6,2025,35,64,-45.3
06037121802,Sun Valley - La Tuna Canyon,6,2025,41,42,-2.4
06037121900,Sun Valley - La Tuna Canyon,6,2025,53,48,10.4
06037122000,Sun Valley - La Tuna Canyon,2,2025,89,99,-10.1
06037122120,Sun Valley - La Tuna Canyon,6,2025,60,45,33.3
06037122121,Sun Valley - La Tuna Canyon,2,2025,27,25,8.0
06037122122,Sun Valley - La Tuna Canyon,6,2025,18,6,200.0
06037122200,Sun Valley - La Tuna Canyon,2,2025,57,32,78.1
06037122410,Sun Valley - La Tuna Canyon,2,2025,23,15,53.3
06037122420,Sun Valley - La Tuna Canyon,2,2025,32,45,-28.9
06037123010,Sun Valley - La Tuna Canyon,2,2025,44,38,15.8
06037123020,Sun Valley - La Tuna Canyon,2,2025,43,42,2.4
06037123103,North Hollywood - Valley Village,2,2025,42,41,2.4
06037123104,North Hollywood - Valley Village,2,2025,53,47,12.8
06037123203,North Hollywood - Valley Village,2,2025,25,27,-7.4
06037123204,North Hollywood - Valley Village,2,2025,24,26,-7.7
06037123205,North Hollywood - Valley Village,2,2025,26,30,-13.3
06037123206,North Hollywood - Valley Village,2,2025,13,20,-35.0
06037123301,North Hollywood - Valley Village,2,2025,30,32,-6.3
06037123303,North Hollywood - Valley Village,2,2025,38,57,-33.3
06037123304,North Hollywood - Valley Village,2,2025,39,42,-7.1
06037123410,North Hollywood - Valley Village,2,2025,30,27,11.1
06037123420,North Hollywood - Valley Village,2,2025,44,55,-20.0
06037123510,Van Nuys - North Sherman Oaks,2,2025,25,57,-56.1
06037123520,Van Nuys - North Sherman Oaks,2,2025,37,46,-19.6
06037123601,Van Nuys - North Sherman Oaks,2,2025,43,58,-25.9
06037123602,Van Nuys - North Sherman Oaks,2,2025,61,88,-30.7
06037123700,North Hollywood - Valley Village,2,2025,66,88,-25.0
06037123800,North Hollywood - Valley Village,2,2025,105,104,1.0
06037123901,North Hollywood - Valley Village,2,2025,90,118,-23.7
06037123902,North Hollywood - Valley Village,2,2025,53,48,10.4
06037124000,North Hollywood - Valley Village,2,2025,91,119,-23.5
06037124102,North Hollywood - Valley Village,2,2025,45,40,12.5
06037124103,North Hollywood - Valley Village,2,2025,50,28,78.6
06037124104,North Hollywood - Valley Village,2,2025,36,26,38.5
06037124105,North Hollywood - Valley Village,2,2025,42,28,50.0
06037124201,North Hollywood - Valley Village,2,2025,59,67,-11.9
06037124203,North Hollywood - Valley Village,2,2025,48,45,6.7
06037124204,North Hollywood - Valley Village,2,2025,43,32,34.4
06037124300,North Hollywood - Valley Village,2,2025,83,68,22.1
06037124400,North Hollywood - Valley Village,2,2025,62,49,26.5
06037124500,Van Nuys - North Sherman Oaks,4,2025,69,56,23.2
06037124600,Van Nuys - North Sherman Oaks,4,2025,87,106,-17.9
06037124700,Van Nuys - North Sherman Oaks,4,2025,82,102,-19.6
06037124902,North Hollywood - Valley Village,2,2025,32,26,23.1
06037124903,North Hollywood - Valley Village,2,2025,22,23,-4.3
06037125101,North Hollywood - Valley Village,2,2025,23,23,0.0
06037125102,North Hollywood - Valley Village,2,2025,57,41,39.0
06037125200,North Hollywood - Valley Village,2,2025,70,57,22.8
06037125310,North Hollywood - Valley Village,2,2025,83,42,97.6
06037125321,North Hollywood - Valley Village,2,2025,29,15,93.3
06037125322,North Hollywood - Valley Village,2,2025,1,2,-50.0
06037125402,North Hollywood - Valley Village,2,2025,54,73,-26.0
06037125403,North Hollywood - Valley Village,2,2025,8,14,-42.9
06037125404,North Hollywood - Valley Village,2,2025,11,6,83.3
06037125501,North Hollywood - Valley Village,2,2025,60,61,-1.6
06037125502,North Hollywood - Valley Village,2,2025,58,58,0.0
06037125600,North Hollywood - Valley Village,2,2025,79,94,-16.0
06037127102,Van Nuys - North Sherman Oaks,2,2025,25,51,-51.0
06037127103,Van Nuys - North Sherman Oaks,2,2025,6,5,20.0
06037127104,Van Nuys - North Sherman Oaks,2,2025,41,55,-25.5
06037127210,Van Nuys - North Sherman Oaks,6,2025,28,40,-30.0
06037127220,Van Nuys - North Sherman Oaks,6,2025,30,46,-34.8
06037127300,Van Nuys - North Sherman Oaks,6,2025,48,45,6.7
06037127400,Van Nuys - North Sherman Oaks,6,2025,52,57,-8.8
06037127520,Reseda - West Van Nuys,6,2025,8,8,0.0
06037127603,Van Nuys - North Sherman Oaks,6,2025,28,46,-39.1
06037127604,Van Nuys - North Sherman Oaks,6,2025,27,28,-3.6
06037127605,Van Nuys - North Sherman Oaks,6,2025,26,29,-10.3
06037127606,Van Nuys - North Sherman Oaks,6,2025,38,28,35.7
06037127711,Van Nuys - North Sherman Oaks,6,2025,40,42,-4.8
06037127712,Van Nuys - North Sherman Oaks,6,2025,28,29,-3.4
06037127803,Van Nuys - North Sherman Oaks,6,2025,35,34,2.9
06037127804,Van Nuys - North Sherman Oaks,6,2025,42,52,-19.2
06037127805,Van Nuys - North Sherman Oaks,6,2025,35,50,-30.0
06037127806,Van Nuys - North Sherman Oaks,6,2025,30,15,100.0
06037127910,Van Nuys - North Sherman Oaks,6,2025,45,43,4.7
06037127920,Van Nuys - North Sherman Oaks,2,2025,44,50,-12.0
06037128101,Van Nuys - North Sherman Oaks,2,2025,46,51,-9.8
06037128102,Van Nuys - North Sherman Oaks,2,2025,25,42,-40.5
06037128210,Van Nuys - North Sherman Oaks,6,2025,28,21,33.3
06037128220,Van Nuys - North Sherman Oaks,2,2025,35,34,2.9
06037128302,Van Nuys - North Sherman Oaks,6,2025,21,20,5.0
06037128303,Van Nuys - North Sherman Oaks,6,2025,11,18,-38.9
06037128400,Van Nuys - North Sherman Oaks,4,2025,97,112,-13.4
06037128500,Van Nuys - North Sherman Oaks,4,2025,70,76,-7.9
06037128601,Van Nuys - North Sherman Oaks,4,2025,59,64,-7.8
06037128602,Van Nuys - North Sherman Oaks,2,2025,117,77,51.9
06037128703,Van Nuys - North Sherman Oaks,4,2025,24,22,9.1
06037128704,Van Nuys - North Sherman Oaks,4,2025,51,67,-23.9
06037128801,Van Nuys - North Sherman Oaks,4,2025,26,37,-29.7
06037128802,Van Nuys - North Sherman Oaks,4,2025,61,86,-29.1
06037128910,Van Nuys - North Sherman Oaks,4,2025,82,98,-16.3
06037131021,Reseda - West Van Nuys,4,2025,23,14,64.3
06037131022,Reseda - West Van Nuys,3,2025,19,12,58.3
06037131023,Reseda - West Van Nuys,3,2025,30,31,-3.2
06037131024,Reseda - West Van Nuys,3,2025,46,47,-2.1
06037131100,Reseda - West Van Nuys,6,2025,101,84,20.2
06037131200,Reseda - West Van Nuys,12,2025,103,98,5.1
06037131300,Reseda - West Van Nuys,4,2025,83,84,-1.2
06037131400,Reseda - West Van Nuys,4,2025,52,52,0.0
06037131600,Reseda - West Van Nuys,3,2025,131,146,-10.3
06037131701,Reseda - West Van Nuys,3,2025,34,29,17.2
06037131702,Reseda - West Van Nuys,3,2025,32,47,-31.9
06037131801,Reseda - West Van Nuys,3,2025,29,20,45.0
06037131802,Reseda - West Van Nuys,4,2025,66,30,120.0
06037131900,Reseda - West Van Nuys,6,2025,89,97,-8.2
06037132001,Reseda - West Van Nuys,6,2025,93,94,-1.1
06037132002,Reseda - West Van Nuys,6,2025,112,110,1.8
06037132101,Reseda - West Van Nuys,6,2025,67,59,13.6
06037132102,Reseda - West Van Nuys,6,2025,84,72,16.7
06037132301,Reseda - West Van Nuys,4,2025,30,25,20.0
06037132302,Reseda - West Van Nuys,4,2025,45,37,21.6
06037132501,Reseda - West Van Nuys,3,2025,56,37,51.4
06037132502,Reseda - West Van Nuys,3,2025,31,26,19.2
06037132700,Reseda - West Van Nuys,4,2025,90,85,5.9
06037132900,Reseda - West Van Nuys,3,2025,87,74,17.6
06037133000,Reseda - West Van Nuys,3,2025,95,84,13.1
06037133101,Reseda - West Van Nuys,3,2025,68,57,19.3
06037133102,Reseda - West Van Nuys,3,2025,24,19,26.3
06037134001,Canoga Park-West Hills-Winnetka-Woodland Hills,3,2025,23,30,-23.3
06037134002,Canoga Park-West Hills-Winnetka-Woodland Hills,3,2025,40,39,2.6
06037134101,Canoga Park-West Hills-Winnetka-Woodland Hills,3,2025,76,77,-1.3
06037134103,Canoga Park-West Hills-Winnetka-Woodland Hills,3,2025,60,61,-1.6
06037134104,Canoga Park-West Hills-Winnetka-Woodland Hills,3,2025,29,29,0.0
06037134201,Canoga Park-West Hills-Winnetka-Woodland Hills,3,2025,81,67,20.9
06037134302,Canoga Park-West Hills-Winnetka-Woodland Hills,12,2025,83,81,2.5
06037134303,Canoga Park-West Hills-Winnetka-Woodland Hills,3,2025,112,81,38.3
06037134304,Canoga Park-West Hills-Winnetka-Woodland Hills,3,2025,44,57,-22.8
06037134305,Canoga Park-West Hills-Winnetka-Woodland Hills,3,2025,3,7,-57.1
06037134306,Canoga Park-West Hills-Winnetka-Woodland Hills,3,2025,31,32,-3.1
06037134421,Canoga Park-West Hills-Winnetka-Woodland Hills,12,2025,64,97,-34.0
06037134422,Canoga Park-West Hills-Winnetka-Woodland Hills,12,2025,113,105,7.6
06037134423,Canoga Park-West Hills-Winnetka-Woodland Hills,12,2025,58,85,-31.8
06037134424,Canoga Park-West Hills-Winnetka-Woodland Hills,12,2025,36,39,-7.7
06037134520,Canoga Park-West Hills-Winnetka-Woodland Hills,3,2025,23,16,43.8
06037134521,Canoga Park-West Hills-Winnetka-Woodland Hills,3,2025,14,4,250.0
06037134522,Canoga Park-West Hills-Winnetka-Woodland Hills,3,2025,30,28,7.1
06037134710,Canoga Park-West Hills-Winnetka-Woodland Hills,3,2025,37,25,48.0
06037134720,Canoga Park-West Hills-Winnetka-Woodland Hills,3,2025,51,50,2.0
06037134801,Canoga Park-West Hills-Winnetka-Woodland Hills,3,2025,55,76,-27.6
06037134802,Canoga Park-West Hills-Winnetka-Woodland Hills,3,2025,46,56,-17.9
06037134901,Reseda - West Van Nuys,3,2025,100,101,-1.0
06037134904,Canoga Park-West Hills-Winnetka-Woodland Hills,3,2025,67,77,-13.0
06037134905,Canoga Park-West Hills-Winnetka-Woodland Hills,3,2025,18,14,28.6
06037134906,Canoga Park-West Hills-Winnetka-Woodland Hills,3,2025,4,4,0.0
06037134907,Canoga Park-West Hills-Winnetka-Woodland Hills,3,2025,3,1,200.0
06037135102,Canoga Park-West Hills-Winnetka-Woodland Hills,12,2025,78,76,2.6
06037135111,Canoga Park-West Hills-Winnetka-Woodland Hills,3,2025,79,70,12.9
06037135113,Canoga Park-West Hills-Winnetka-Woodland Hills,3,2025,2,3,-33.3
06037135115,Canoga Park-West Hills-Winnetka-Woodland Hills,3,2025,13,13,0.0
06037135116,Canoga Park-West Hills-Winnetka-Woodland Hills,3,2025,6,7,-14.3
06037135201,Canoga Park-West Hills-Winnetka-Woodland Hills,12,2025,75,69,8.7
06037135202,Canoga Park-West Hills-Winnetka-Woodland Hills,12,2025,122,149,-18.1
06037135204,Canoga Park-West Hills-Winnetka-Woodland Hills,12,2025,121,121,0.0
06037135205,Canoga Park-West Hills-Winnetka-Woodland Hills,12,2025,24,41,-41.5
06037137000,Canoga Park-West Hills-Winnetka-Woodland Hills,3,2025,142,125,13.6
06037137103,Canoga Park-West Hills-Winnetka-Woodland Hills,3,2025,24,42,-42.9
06037137104,Canoga Park-West Hills-Winnetka-Woodland Hills,3,2025,97,114,-14.9
06037137202,Canoga Park-West Hills-Winnetka-Woodland Hills,3,2025,38,30,26.7
06037137203,Canoga Park-West Hills-Winnetka-Woodland Hills,3,2025,73,75,-2.7
06037137301,Canoga Park-West Hills-Winnetka-Woodland Hills,3,2025,94,84,11.9
06037137302,Canoga Park-West Hills-Winnetka-Woodland Hills,3,2025,105,110,-4.5
06037137401,Canoga Park-West Hills-Winnetka-Woodland Hills,3,2025,109,129,-15.5
06037137402,Canoga Park-West Hills-Winnetka-Woodland Hills,3,2025,99,148,-33.1
06037137501,Canoga Park-West Hills-Winnetka-Woodland Hills,3,2025,63,77,-18.2
06037137502,Canoga Park-West Hills-Winnetka-Woodland Hills,3,2025,117,135,-13.3
06037137504,Canoga Park-West Hills-Winnetka-Woodland Hills,3,2025,60,52,15.4
06037138000,Canoga Park-West Hills-Winnetka-Woodland Hills,3,2025,138,124,11.3
06037139001,Encino - Tarzana,4,2025,147,126,16.7
06037139200,Encino - Tarzana,4,2025,96,110,-12.7
06037139301,Encino - Tarzana,3,2025,142,156,-9.0
06037139302,Encino - Tarzana,3,2025,8,11,-27.3
06037139303,Encino - Tarzana,3,2025,19,17,11.8
06037139401,Encino - Tarzana,3,2025,14,30,-53.3
06037139402,Encino - Tarzana,3,2025,79,104,-24.0
06037139502,Encino - Tarzana,3,2025,60,80,-25.0
06037139504,Encino - Tarzana,4,2025,14,8,75.0
06037139505,Encino - Tarzana,4,2025,9,20,-55.0
06037139506,Encino - Tarzana,4,2025,12,14,-14.3
06037139600,Encino - Tarzana,4,2025,112,115,-2.6
06037139701,Encino - Tarzana,4,2025,180,153,17.6
06037139703,Encino - Tarzana,4,2025,89,88,1.1
06037139704,Encino - Tarzana,4,2025,62,98,-36.7
06037139705,Encino - Tarzana,4,2025,91,118,-22.9
06037139801,Encino - Tarzana,3,2025,87,96,-9.4
06037139802,Encino - Tarzana,3,2025,89,98,-9.2
06037141101,Sherman Oaks-Studio City-Toluca Lake-Cahuenga Pass,4,2025,69,67,3.0
06037141102,Sherman Oaks-Studio City-Toluca Lake-Cahuenga Pass,4,2025,76,70,8.6
06037141201,Sherman Oaks-Studio City-Toluca Lake-Cahuenga Pass,4,2025,49,44,11.4
06037141202,Sherman Oaks-Studio City-Toluca Lake-Cahuenga Pass,4,2025,50,54,-7.4
06037141303,Sherman Oaks-Studio City-Toluca Lake-Cahuenga Pass,4,2025,14,21,-33.3
06037141304,Sherman Oaks-Studio City-Toluca Lake-Cahuenga Pass,4,2025,47,51,-7.8
06037141305,Sherman Oaks-Studio City-Toluca Lake-Cahuenga Pass,4,2025,58,43,34.9
06037141306,Sherman Oaks-Studio City-Toluca Lake-Cahuenga Pass,4,2025,28,43,-34.9
06037141400,Encino - Tarzana,4,2025,106,126,-15.9
06037141500,Encino - Tarzana,4,2025,78,94,-17.0
06037141600,Sherman Oaks-Studio City-Toluca Lake-Cahuenga Pass,4,2025,127,169,-24.9
06037141700,Sherman Oaks-Studio City-Toluca Lake-Cahuenga Pass,4,2025,104,129,-19.4
06037143101,Sherman Oaks-Studio City-Toluca Lake-Cahuenga Pass,2,2025,61,46,32.6
06037143102,Sherman Oaks-Studio City-Toluca Lake-Cahuenga Pass,2,2025,15,16,-6.3
06037143200,Sherman Oaks-Studio City-Toluca Lake-Cahuenga Pass,2,2025,49,50,-2.0
06037143301,North Hollywood - Valley Village,2,2025,33,30,10.0
06037143302,Sherman Oaks-Studio City-Toluca Lake-Cahuenga Pass,2,2025,73,72,1.4
06037143401,Sherman Oaks-Studio City-Toluca Lake-Cahuenga Pass,4,2025,77,94,-18.1
06037143402,Sherman Oaks-Studio City-Toluca Lake-Cahuenga Pass,4,2025,39,37,5.4
06037143500,Sherman Oaks-Studio City-Toluca Lake-Cahuenga Pass,4,2025,117,114,2.6
06037143602,Sherman Oaks-Studio City-Toluca Lake-Cahuenga Pass,2,2025,64,84,-23.8
06037143603,Sherman Oaks-Studio City-Toluca Lake-Cahuenga Pass,2,2025,30,56,-46.4
06037143605,Sherman Oaks-Studio City-Toluca Lake-Cahuenga Pass,2,2025,6,5,20.0
06037143606,Sherman Oaks-Studio City-Toluca Lake-Cahuenga Pass,4,2025,3,5,-40.0
06037143700,Sherman Oaks-Studio City-Toluca Lake-Cahuenga Pass,4,2025,125,145,-13.8
06037143801,Sherman Oaks-Studio City-Toluca Lake-Cahuenga Pass,4,2025,75,67,11.9
06037143802,Sherman Oaks-Studio City-Toluca Lake-Cahuenga Pass,4,2025,74,77,-3.9
06037143901,Sherman Oaks-Studio City-Toluca Lake-Cahuenga Pass,4,2025,157,134,17.2
06037143902,Sherman Oaks-Studio City-Toluca Lake-Cahuenga Pass,4,2025,85,76,11.8
06037181000,Northeast Los Angeles,14,2025,157,174,-9.8
06037181300,Northeast Los Angeles,14,2025,66,66,0.0
06037181400,Northeast Los Angeles,14,2025,59,56,5.4
06037181500,Northeast Los Angeles,14,2025,79,49,61.2
06037181600,Northeast Los Angeles,14,2025,77,42,83.3
06037183101,Northeast Los Angeles,14,2025,82,102,-19.6
06037183103,Northeast Los Angeles,14,2025,43,53,-18.9
06037183104,Northeast Los Angeles,14,2025,65,38,71.1
06037183220,Northeast Los Angeles,14,2025,47,48,-2.1
06037183221,Northeast Los Angeles,14,2025,61,75,-18.7
06037183222,Northeast Los Angeles,14,2025,80,74,8.1
06037183300,Northeast Los Angeles,14,2025,53,57,-7.0
06037183401,Northeast Los Angeles,1,2025,42,36,16.7
06037183402,Northeast Los Angeles,14,2025,27,28,-3.6
06037183510,Northeast Los Angeles,1,2025,34,43,-20.9
06037183520,Northeast Los Angeles,1,2025,40,37,8.1
06037183610,Northeast Los Angeles,1,2025,21,23,-8.7
06037183620,Northeast Los Angeles,1,2025,47,38,23.7
06037183701,Northeast Los Angeles,1,2025,26,42,-38.1
06037183702,Northeast Los Angeles,14,2025,32,52,-38.5
06037183810,Northeast Los Angeles,1,2025,19,28,-32.1
06037183820,Northeast Los Angeles,1,2025,41,39,5.1
06037185101,Northeast Los Angeles,1,2025,50,42,19.0
06037185102,Northeast Los Angeles,1,2025,66,71,-7.0
06037185202,Northeast Los Angeles,1,2025,61,96,-36.5
06037185203,Northeast Los Angeles,1,2025,39,39,0.0
06037185204,Northeast Los Angeles,1,2025,49,48,2.1
06037185310,Northeast Los Angeles,1,2025,18,29,-37.9
06037185320,Northeast Los Angeles,1,2025,21,20,5.0
06037186100,Northeast Los Angeles,13,2025,110,108,1.9
06037186201,Northeast Los Angeles,1,2025,32,39,-17.9
06037186202,Northeast Los Angeles,1,2025,39,43,-9.3
06037186203,Northeast Los Angeles,1,2025,74,90,-17.8
06037186301,Northeast Los Angeles,13,2025,57,101,-43.6
06037186302,Northeast Los Angeles,1,2025,87,116,-25.0
06037186401,Northeast Los Angeles,13,2025,22,23,-4.3
06037186403,Northeast Los Angeles,1,2025,30,28,7.1
06037186404,Northeast Los Angeles,1,2025,41,18,127.8
06037187101,Northeast Los Angeles,13,2025,75,69,8.7
06037187102,Northeast Los Angeles,13,2025,59,54,9.3
06037187200,Silver Lake - Echo Park - Elysian Valley,13,2025,61,123,-50.4
06037187300,Silver Lake - Echo Park - Elysian Valley,13,2025,101,128,-21.1
06037188100,Northeast Los Angeles,13,2025,45,75,-40.0
06037188201,Hollywood,4,2025,41,65,-36.9
06037188202,Hollywood,4,2025,74,72,2.8
06037188300,Northeast Los Angeles,13,2025,107,98,9.2
06037189101,Hollywood,4,2025,37,48,-22.9
06037189102,Hollywood,4,2025,31,43,-27.9
06037189201,Hollywood,4,2025,17,27,-37.0
06037189202,Hollywood,4,2025,70,72,-2.8
06037189300,Hollywood,4,2025,103,98,5.1
06037189400,Hollywood,4,2025,93,104,-10.6
06037189501,Hollywood,4,2025,18,22,-18.2
06037189502,Hollywood,4,2025,16,48,-66.7
06037189600,Hollywood,4,2025,70,102,-31.4
06037189702,Hollywood,4,2025,53,63,-15.9
06037189703,Hollywood,4,2025,52,40,30.0
06037189704,Hollywood,4,2025,67,45,48.9
06037189801,Hollywood,13,2025,36,32,12.5
06037189802,Hollywood,13,2025,25,28,-10.7
06037189903,Hollywood,4,2025,14,18,-22.2
06037189904,Hollywood,4,2025,12,11,9.1
06037189905,Hollywood,4,2025,33,28,17.9
06037189906,Hollywood,13,2025,10,22,-54.5
06037189907,Hollywood,13,2025,9,17,-47.1
06037190101,Hollywood,13,2025,6,4,50.0
06037190102,Hollywood,13,2025,14,13,7.7
06037190201,Hollywood,13,2025,8,11,-27.3
06037190202,Hollywood,13,2025,8,4,100.0
06037190302,Hollywood,13,2025,17,18,-5.6
06037190303,Hollywood,13,2025,7,6,16.7
06037190401,Hollywood,4,2025,10,9,11.1
06037190402,Hollywood,13,2025,4,6,-33.3
06037190510,Hollywood,13,2025,10,9,11.1
06037190520,Hollywood,13,2025,16,15,6.7
06037190701,Hollywood,13,2025,2,6,-66.7
06037190702,Hollywood,13,2025,7,19,-63.2
06037190801,Hollywood,13,2025,21,16,31.3
06037190802,Hollywood,13,2025,8,13,-38.5
06037190901,Hollywood,13,2025,8,17,-52.9
06037190902,Hollywood,13,2025,18,35,-48.6
06037191000,Hollywood,13,2025,24,23,4.3
06037191110,Hollywood,13,2025,5,14,-64.3
06037191120,Hollywood,13,2025,19,28,-32.1
06037191201,Hollywood,13,2025,13,15,-13.3
06037191203,Hollywood,13,2025,21,18,16.7
06037191204,Hollywood,13,2025,7,18,-61.1
06037191301,Hollywood,13,2025,19,10,90.0
06037191302,Hollywood,13,2025,17,4,325.0
06037191410,Hollywood,13,2025,12,13,-7.7
06037191420,Hollywood,13,2025,27,20,35.0
06037191500,Hollywood,13,2025,54,37,45.9
06037191610,Hollywood,13,2025,23,24,-4.2
06037191620,Hollywood,13,2025,5,10,-50.0
06037191710,Hollywood,13,2025,18,31,-41.9
06037191720,Hollywood,13,2025,13,12,8.3
06037191810,Hollywood,13,2025,12,42,-71.4
06037191820,Hollywood,13,2025,12,14,-14.3
06037191901,Hollywood,4,2025,17,43,-60.5
06037191902,Hollywood,5,2025,84,69,21.7
06037192001,Hollywood,5,2025,33,59,-44.1
06037192002,Hollywood,5,2025,55,69,-20.3
06037192300,Wilshire,4,2025,62,42,47.6
06037192410,Wilshire,13,2025,66,72,-8.3
06037192420,Wilshire,4,2025,13,9,44.4
06037192510,Wilshire,13,2025,36,37,-2.7
06037192520,Wilshire,13,2025,20,40,-50.0
06037192610,Wilshire,13,2025,14,21,-33.3
06037192620,Wilshire,13,2025,5,7,-28.6
06037192700,Wilshire,13,2025,12,12,0.0
06037194101,Hollywood,4,2025,52,47,10.6
06037194102,Hollywood,4,2025,104,136,-23.5
06037194200,Hollywood,4,2025,200,173,15.6
06037194300,Hollywood,4,2025,164,175,-6.3
06037194401,Hollywood,5,2025,35,41,-14.6
06037194402,Hollywood,5,2025,60,50,20.0
06037194500,Wilshire,5,2025,55,79,-30.4
06037195100,Silver Lake - Echo Park - Elysian Valley,4,2025,143,139,2.9
06037195201,Hollywood,4,2025,74,44,68.2
06037195202,Hollywood,4,2025,103,97,6.2
06037195300,Hollywood,4,2025,45,46,-2.2
06037195400,Silver Lake - Echo Park - Elysian Valley,13,2025,112,164,-31.7
06037195500,Silver Lake - Echo Park - Elysian Valley,13,2025,119,164,-27.4
06037195600,Silver Lake - Echo Park - Elysian Valley,13,2025,58,46,26.1
06037195710,Silver Lake - Echo Park - Elysian Valley,13,2025,48,37,29.7
06037195720,Silver Lake - Echo Park - Elysian Valley,13,2025,35,35,0.0
06037195802,Silver Lake - Echo Park - Elysian Valley,13,2025,22,37,-40.5
06037195803,Silver Lake - Echo Park - Elysian Valley,13,2025,54,56,-3.6
06037195804,Silver Lake - Echo Park - Elysian Valley,13,2025,30,58,-48.3
06037195901,Silver Lake - Echo Park - Elysian Valley,13,2025,39,47,-17.0
06037195902,Silver Lake - Echo Park - Elysian Valley,13,2025,55,45,22.2
06037195903,Silver Lake - Echo Park - Elysian Valley,13,2025,34,22,54.5
06037197200,Silver Lake - Echo Park - Elysian Valley,13,2025,87,76,14.5
06037197300,Silver Lake - Echo Park - Elysian Valley,13,2025,46,68,-32.4
06037197410,Silver Lake - Echo Park - Elysian Valley,13,2025,84,90,-6.7
06037197420,Silver Lake - Echo Park - Elysian Valley,13,2025,42,81,-48.1
06037197500,Silver Lake - Echo Park - Elysian Valley,1,2025,49,55,-10.9
06037197600,Silver Lake - Echo Park - Elysian Valley,1,2025,16,31,-48.4
06037197700,Silver Lake - Echo Park - Elysian Valley,1,2025,28,46,-39.1
06037199001,Northeast Los Angeles,1,2025,13,11,18.2
06037199002,Northeast Los Angeles,1,2025,8,15,-46.7
06037199110,Northeast Los Angeles,14,2025,21,37,-43.2
06037199120,Northeast Los Angeles,14,2025,12,11,9.1
06037199201,Northeast Los Angeles,1,2025,11,19,-42.1
06037199202,Northeast Los Angeles,1,2025,35,22,59.1
06037199300,Northeast Los Angeles,1,2025,75,74,1.4
06037199400,Northeast Los Angeles,1,2025,28,25,12.0
06037199700,Northeast Los Angeles,1,2025,16,19,-15.8
06037199801,Northeast Los Angeles,14,2025,15,20,-25.0
06037199802,Northeast Los Angeles,14,2025,17,13,30.8
06037199900,Northeast Los Angeles,14,2025,11,19,-42.1
06037201110,Northeast Los Angeles,14,2025,42,27,55.6
06037201120,Northeast Los Angeles,14,2025,47,40,17.5
06037201200,Northeast Los Angeles,14,2025,29,18,61.1
06037201301,Northeast Los Angeles,14,2025,47,62,-24.2
06037201302,Northeast Los Angeles,14,2025,20,26,-23.1
06037201401,Northeast Los Angeles,14,2025,34,56,-39.3
06037201402,Northeast Los Angeles,14,2025,66,57,15.8
06037201501,Northeast Los Angeles,14,2025,80,89,-10.1
06037201503,Northeast Los Angeles,14,2025,21,29,-27.6
06037201504,Northeast Los Angeles,14,2025,14,24,-41.7
06037201601,Northeast Los Angeles,14,2025,25,24,4.2
06037201602,Northeast Los Angeles,14,2025,21,43,-51.2
06037201700,Northeast Los Angeles,14,2025,43,45,-4.4
06037203100,Northeast Los Angeles,14,2025,23,28,-17.9
06037203200,Boyle Heights,14,2025,23,18,27.8
06037203300,Northeast Los Angeles,14,2025,6,4,50.0
06037203500,Boyle Heights,14,2025,19,37,-48.6
06037203601,Boyle Heights,14,2025,21,20,5.0
06037203602,Boyle Heights,14,2025,12,17,-29.4
06037203710,Boyle Heights,14,2025,11,8,37.5
06037203720,Boyle Heights,14,2025,15,24,-37.5
06037203800,Boyle Heights,14,2025,24,24,0.0
06037203900,Boyle Heights,14,2025,8,16,-50.0
06037204110,Boyle Heights,14,2025,24,25,-4.0
06037204120,Boyle Heights,14,2025,15,15,0.0
06037204200,Boyle Heights,14,2025,15,28,-46.4
06037204300,Boyle Heights,14,2025,20,29,-31.0
06037204410,Boyle Heights,14,2025,3,11,-72.7
06037204420,Boyle Heights,14,2025,8,14,-42.9
06037204600,Boyle Heights,14,2025,26,17,52.9
06037204700,Boyle Heights,14,2025,20,36,-44.4
06037204810,Boyle Heights,14,2025,12,10,20.0
06037204820,Boyle Heights,14,2025,20,20,0.0
06037204910,Boyle Heights,14,2025,17,13,30.8
06037204920,Boyle Heights,14,2025,13,17,-23.5
06037205120,Boyle Heights,14,2025,6,10,-40.0
06037206010,Central City North,1,2025,23,18,27.8
06037206020,Central City North,14,2025,4,,
06037206050,Boyle Heights,14,2025,3,1,200.0
06037206051,Central City North,14,2025,4,6,-33.3
06037206052,Central City North,14,2025,3,7,-57.1
06037206053,Boyle Heights,14,2025,9,11,-18.2
06037206054,Boyle Heights,14,2025,17,1,1600.0
06037206202,Central City,14,2025,5,1,400.0
06037206303,Central City,14,2025,1,3,-66.7
06037207101,Central City North,1,2025,12,5,140.0
06037207102,Central City North,1,2025,2,4,-50.0
06037207103,Central City North,1,2025,9,7,28.6
06037207304,Central City,14,2025,1,,
06037207305,Central City,14,2025,2,1,100.0
06037207307,Central City,14,2025,1,,
06037207400,Central City,14,2025,2,3,-33.3
06037207501,Central City,14,2025,20,11,81.8
06037207711,Central City,14,2025,6,2,200.0
06037207712,Central City,14,2025,3,4,-25.0
06037207901,Central City,14,2025,1,1,0.0
06037207902,Central City,14,2025,9,3,200.0
06037208001,Westlake,1,2025,9,1,800.0
06037208002,Westlake,1,2025,11,9,22.2
06037208301,Westlake,1,2025,5,4,25.0
06037208302,Westlake,13,2025,18,23,-21.7
06037208401,Westlake,1,2025,13,10,30.0
06037208402,Westlake,13,2025,22,19,15.8
06037208501,Westlake,13,2025,30,24,25.0
06037208502,Westlake,13,2025,3,14,-78.6
06037208610,Westlake,13,2025,22,44,-50.0
06037208620,Westlake,13,2025,37,20,85.0
06037208710,Westlake,1,2025,6,6,0.0
06037208720,Westlake,1,2025,6,9,-33.3
06037208801,Westlake,1,2025,5,7,-28.6
06037208802,Westlake,1,2025,10,6,66.7
06037208902,Westlake,1,2025,1,4,-75.0
06037208903,Westlake,1,2025,1,10,-90.0
06037209103,Westlake,1,2025,8,17,-52.9
06037209105,Westlake,1,2025,7,8,-12.5
06037209106,Westlake,1,2025,3,2,50.0
06037209201,Westlake,1,2025,4,2,100.0
06037209300,Westlake,1,2025,5,12,-58.3
06037209401,Westlake,1,2025,5,3,66.7
06037209402,Westlake,1,2025,4,2,100.0
06037209403,Westlake,1,2025,2,1,100.0
06037209510,Westlake,1,2025,1,1,0.0
06037209520,Westlake,1,2025,4,6,-33.3
06037209810,Westlake,1,2025,3,7,-57.1
06037209820,Westlake,1,2025,6,11,-45.5
06037210010,Westlake,1,2025,5,3,66.7
06037211000,Wilshire,4,2025,135,125,8.0
06037211121,Wilshire,13,2025,15,7,114.3
06037211122,Wilshire,13,2025,7,5,40.0
06037211124,Wilshire,1,2025,11,6,83.3
06037211201,Wilshire,10,2025,13,16,-18.8
06037211202,Wilshire,10,2025,8,8,0.0
06037211310,Wilshire,10,2025,10,6,66.7
06037211320,Wilshire,10,2025,12,10,20.0
06037211410,Wilshire,10,2025,27,14,92.9
06037211420,Wilshire,10,2025,39,40,-2.5
06037211500,Wilshire,13,2025,61,88,-30.7
06037211701,Wilshire,13,2025,32,49,-34.7
06037211703,Wilshire,13,2025,3,12,-75.0
06037211704,Wilshire,10,2025,3,6,-50.0
06037211802,Wilshire,10,2025,13,16,-18.8
06037211803,Wilshire,10,2025,5,11,-54.5
06037211804,Wilshire,10,2025,6,7,-14.3
06037211910,Wilshire,10,2025,11,14,-21.4
06037211921,Wilshire,10,2025,3,3,0.0
06037211922,Wilshire,10,2025,6,5,20.0
06037212101,Wilshire,10,2025,5,7,-28.6
06037212102,Wilshire,10,2025,2,7,-71.4
06037212202,Wilshire,1,2025,9,9,0.0
06037212203,Wilshire,10,2025,1,7,-85.7
06037212204,Wilshire,1,2025,8,5,60.0
06037212303,Wilshire,10,2025,6,5,20.0
06037212304,Wilshire,10,2025,3,4,-25.0
06037212305,Wilshire,10,2025,7,16,-56.3
06037212306,Wilshire,10,2025,11,8,37.5
06037212410,Wilshire,10,2025,6,3,100.0
06037212420,Wilshire,10,2025,12,8,50.0
06037212501,Wilshire,10,2025,4,6,-33.3
06037212502,Wilshire,10,2025,6,4,50.0
06037212610,Wilshire,4,2025,14,15,-6.7
06037212620,Wilshire,4,2025,8,16,-50.0
06037212701,Wilshire,5,2025,21,26,-19.2
06037212702,Wilshire,5,2025,61,53,15.1
06037212800,Wilshire,10,2025,34,55,-38.2
06037212900,Wilshire,10,2025,13,21,-38.1
06037213100,Wilshire,10,2025,24,26,-7.7
06037213201,Wilshire,10,2025,9,20,-55.0
06037213202,Wilshire,10,2025,14,15,-6.7
06037213310,Wilshire,1,2025,31,16,93.8
06037213320,Wilshire,10,2025,9,13,-30.8
06037213401,Wilshire,1,2025,12,9,33.3
06037213402,Wilshire,1,2025,13,22,-40.9
06037214000,Wilshire,5,2025,80,114,-29.8
06037214100,Wilshire,5,2025,86,114,-24.6
06037214400,Wilshire,5,2025,29,28,3.6
06037214501,Wilshire,5,2025,19,16,18.8
06037214503,Wilshire,5,2025,20,13,53.8
06037214504,Wilshire,5,2025,4,12,-66.7
06037214505,Wilshire,5,2025,3,3,0.0
06037214600,Wilshire,5,2025,30,71,-57.7
06037214700,Wilshire,5,2025,49,59,-16.9
06037214800,Wilshire,5,2025,63,52,21.2
06037214902,Wilshire,5,2025,8,18,-55.6
06037214903,Wilshire,5,2025,38,15,153.3
06037214904,Wilshire,5,2025,21,24,-12.5
06037215101,Wilshire,5,2025,2,6,-66.7
06037215102,Wilshire,5,2025,17,11,54.5
06037216100,Wilshire,10,2025,67,68,-1.5
06037216201,Wilshire,5,2025,25,31,-19.4
06037216202,Wilshire,10,2025,43,36,19.4
06037216301,Wilshire,5,2025,29,29,0.0
06037216302,Wilshire,5,2025,52,54,-3.7
06037216401,Wilshire,5,2025,44,37,18.9
06037216402,Wilshire,5,2025,29,28,3.6
06037216700,Wilshire,10,2025,73,92,-20.7
06037216800,Wilshire,5,2025,53,64,-17.2
06037216901,Wilshire,10,2025,73,86,-15.1
06037216902,Wilshire,10,2025,37,40,-7.5
06037217001,Wilshire,5,2025,40,45,-11.1
06037217002,Wilshire,5,2025,75,93,-19.4
06037217101,Wilshire,10,2025,27,31,-12.9
06037217102,Wilshire,10,2025,56,48,16.7
06037217200,Wilshire,10,2025,81,61,32.8
06037218110,West Adams - Baldwin Hills - Leimert,10,2025,41,32,28.1
06037218120,West Adams - Baldwin Hills - Leimert,10,2025,27,30,-10.0
06037218210,West Adams - Baldwin Hills - Leimert,10,2025,16,32,-50.0
06037218220,West Adams - Baldwin Hills - Leimert,10,2025,39,62,-37.1
06037218300,West Adams - Baldwin Hills - Leimert,10,2025,65,74,-12.2
06037218400,West Adams - Baldwin Hills - Leimert,10,2025,75,80,-6.3
06037218500,West Adams - Baldwin Hills - Leimert,10,2025,53,44,20.5
06037218600,West Adams - Baldwin Hills - Leimert,10,2025,48,46,4.3
06037218701,West Adams - Baldwin Hills - Leimert,10,2025,48,38,26.3
06037218702,West Adams - Baldwin Hills - Leimert,10,2025,13,27,-51.9
06037218800,West Adams - Baldwin Hills - Leimert,10,2025,15,30,-50.0
06037218900,West Adams - Baldwin Hills - Leimert,10,2025,33,32,3.1
06037219010,West Adams - Baldwin Hills - Leimert,10,2025,21,35,-40.0
06037219020,West Adams - Baldwin Hills - Leimert,10,2025,42,53,-20.8
06037219300,West Adams - Baldwin Hills - Leimert,10,2025,43,45,-4.4
06037219500,West Adams - Baldwin Hills - Leimert,10,2025,71,59,20.3
06037219700,West Adams - Baldwin Hills - Leimert,10,2025,57,66,-13.6
06037219800,West Adams - Baldwin Hills - Leimert,10,2025,40,27,48.1
06037219901,West Adams - Baldwin Hills - Leimert,10,2025,39,44,-11.4
06037219902,West Adams - Baldwin Hills - Leimert,10,2025,35,55,-36.4
06037220000,West Adams - Baldwin Hills - Leimert,10,2025,104,98,6.1
06037220100,West Adams - Baldwin Hills - Leimert,10,2025,40,53,-24.5
06037221110,South Los Angeles,1,2025,18,10,80.0
06037221120,South Los Angeles,1,2025,8,5,60.0
06037221210,South Los Angeles,10,2025,19,12,58.3
06037221220,South Los Angeles,1,2025,9,10,-10.0
06037221302,South Los Angeles,10,2025,23,33,-30.3
06037221303,South Los Angeles,10,2025,14,17,-17.6
06037221304,South Los Angeles,10,2025,21,10,110.0
06037221401,South Los Angeles,10,2025,19,21,-9.5
06037221402,South Los Angeles,10,2025,24,14,71.4
06037221500,South Los Angeles,8,2025,29,19,52.6
06037221601,South Los Angeles,8,2025,25,26,-3.8
06037221602,South Los Angeles,1,2025,3,12,-75.0
06037221710,South Los Angeles,8,2025,13,22,-40.9
06037221810,South Los Angeles,8,2025,10,19,-47.4
06037221820,South Los Angeles,9,2025,15,34,-55.9
06037221900,South Los Angeles,9,2025,11,30,-63.3
06037222001,South Los Angeles,10,2025,38,39,-2.6
06037222002,South Los Angeles,8,2025,36,49,-26.5
06037222100,South Los Angeles,8,2025,46,30,53.3
06037222200,South Los Angeles,8,2025,34,39,-12.8
06037222500,South Los Angeles,8,2025,53,52,1.9
06037222600,South Los Angeles,8,2025,56,111,-49.5
06037224010,Central City,14,2025,6,5,20.0
06037224020,Southeast Los Angeles,9,2025,12,8,50.0
06037224200,Westlake,1,2025,7,8,-12.5
06037224310,Westlake,1,2025,11,4,175.0
06037224320,Westlake,1,2025,7,6,16.7
06037224410,South Los Angeles,1,2025,7,30,-76.7
06037224420,South Los Angeles,1,2025,8,11,-27.3
06037224600,Southeast Los Angeles,9,2025,10,4,150.0
06037224701,South Los Angeles,9,2025,2,5,-60.0
06037224702,South Los Angeles,9,2025,4,13,-69.2
06037226001,Southeast Los Angeles,9,2025,10,10,0.0
06037226410,Southeast Los Angeles,9,2025,11,10,10.0
06037226420,Southeast Los Angeles,9,2025,26,18,44.4
06037226701,Southeast Los Angeles,9,2025,25,12,108.3
06037226702,Southeast Los Angeles,9,2025,14,14,0.0
06037227010,Southeast Los Angeles,9,2025,18,17,5.9
06037227020,Southeast Los Angeles,9,2025,14,10,40.0
06037228100,Southeast Los Angeles,9,2025,26,25,4.0
06037228210,Southeast Los Angeles,9,2025,20,7,185.7
06037228220,Southeast Los Angeles,9,2025,13,15,-13.3
06037228310,Southeast Los Angeles,9,2025,23,22,4.5
06037228320,Southeast Los Angeles,9,2025,20,14,42.9
06037228410,Southeast Los Angeles,9,2025,15,16,-6.3
06037228420,Southeast Los Angeles,9,2025,8,12,-33.3
06037228500,Southeast Los Angeles,9,2025,30,24,25.0
06037228600,Southeast Los Angeles,9,2025,22,29,-24.1
06037228710,Southeast Los Angeles,9,2025,11,9,22.2
06037228720,Southeast Los Angeles,9,2025,22,10,120.0
06037228800,Southeast Los Angeles,9,2025,14,21,-33.3
06037228900,Southeast Los Angeles,9,2025,3,8,-62.5
06037229100,Southeast Los Angeles,9,2025,12,22,-45.5
06037229200,Southeast Los Angeles,9,2025,13,21,-38.1
06037229300,Southeast Los Angeles,9,2025,21,24,-12.5
06037229410,Southeast Los Angeles,9,2025,28,14,100.0
06037229420,Southeast Los Angeles,9,2025,18,18,0.0
06037231100,Southeast Los Angeles,9,2025,15,19,-21.1
06037231210,South Los Angeles,8,2025,46,29,58.6
06037231220,South Los Angeles,9,2025,5,21,-76.2
06037231301,South Los Angeles,8,2025,14,14,0.0
06037231302,South Los Angeles,8,2025,19,16,18.8
06037231400,South Los Angeles,8,2025,30,39,-23.1
06037231500,South Los Angeles,8,2025,53,87,-39.1
06037231601,South Los Angeles,8,2025,17,20,-15.0
06037231602,South Los Angeles,9,2025,25,22,13.6
06037231603,South Los Angeles,9,2025,11,16,-31.3
06037231710,South Los Angeles,9,2025,12,15,-20.0
06037231720,South Los Angeles,9,2025,25,20,25.0
06037231800,Southeast Los Angeles,9,2025,18,29,-37.9
06037231901,Southeast Los Angeles,9,2025,15,15,0.0
06037231902,Southeast Los Angeles,9,2025,9,18,-50.0
06037232110,South Los Angeles,9,2025,12,13,-7.7
06037232120,South Los Angeles,9,2025,21,24,-12.5
06037232200,South Los Angeles,9,2025,44,32,37.5
06037232300,South Los Angeles,9,2025,47,26,80.8
06037232401,South Los Angeles,8,2025,23,33,-30.3
06037232402,South Los Angeles,8,2025,42,19,121.1
06037232500,South Los Angeles,8,2025,54,72,-25.0
06037232601,South Los Angeles,8,2025,9,18,-50.0
06037232602,South Los Angeles,9,2025,27,25,8.0
06037232701,South Los Angeles,9,2025,15,15,0.0
06037232702,South Los Angeles,9,2025,22,20,10.0
06037232800,Southeast Los Angeles,9,2025,15,21,-28.6
06037234001,West Adams - Baldwin Hills - Leimert,10,2025,63,83,-24.1
06037234002,West Adams - Baldwin Hills - Leimert,10,2025,54,60,-10.0
06037234200,West Adams - Baldwin Hills - Leimert,10,2025,72,93,-22.6
06037234301,West Adams - Baldwin Hills - Leimert,10,2025,32,37,-13.5
06037234302,West Adams - Baldwin Hills - Leimert,10,2025,31,45,-31.1
06037234501,West Adams - Baldwin Hills - Leimert,8,2025,56,33,69.7
06037234502,West Adams - Baldwin Hills - Leimert,8,2025,51,48,6.3
06037234600,West Adams - Baldwin Hills - Leimert,8,2025,98,97,1.0
06037234700,West Adams - Baldwin Hills - Leimert,8,2025,50,52,-3.8
06037234800,West Adams - Baldwin Hills - Leimert,8,2025,43,56,-23.2
06037234901,West Adams - Baldwin Hills - Leimert,8,2025,18,15,20.0
06037234902,West Adams - Baldwin Hills - Leimert,8,2025,26,42,-38.1
06037235100,West Adams - Baldwin Hills - Leimert,8,2025,129,155,-16.8
06037235201,West Adams - Baldwin Hills - Leimert,8,2025,76,92,-17.4
06037235202,West Adams - Baldwin Hills - Leimert,8,2025,40,76,-47.4
06037236001,West Adams - Baldwin Hills - Leimert,10,2025,75,111,-32.4
06037236101,West Adams - Baldwin Hills - Leimert,10,2025,37,31,19.4
06037236102,West Adams - Baldwin Hills - Leimert,8,2025,8,8,0.0
06037236203,West Adams - Baldwin Hills - Leimert,10,2025,14,18,-22.2
06037236204,West Adams - Baldwin Hills - Leimert,10,2025,19,13,46.2
06037236205,West Adams - Baldwin Hills - Leimert,10,2025,7,5,40.0
06037236206,West Adams - Baldwin Hills - Leimert,10,2025,7,6,16.7
06037236400,West Adams - Baldwin Hills - Leimert,8,2025,106,102,3.9
06037237101,South Los Angeles,9,2025,19,32,-40.6
06037237102,South Los Angeles,9,2025,22,12,83.3
06037237201,South Los Angeles,9,2025,16,19,-15.8
06037237202,South Los Angeles,8,2025,25,36,-30.6
06037237300,South Los Angeles,8,2025,81,64,26.6
06037237401,South Los Angeles,8,2025,21,19,10.5
06037237402,South Los Angeles,8,2025,31,22,40.9
06037237500,South Los Angeles,8,2025,14,12,16.7
06037237600,South Los Angeles,8,2025,21,16,31.3
06037237710,South Los Angeles,8,2025,23,40,-42.5
06037237720,South Los Angeles,8,2025,6,16,-62.5
06037237800,South Los Angeles,8,2025,61,53,15.1
06037237900,South Los Angeles,8,2025,68,89,-23.6
06037238000,South Los Angeles,8,2025,85,123,-30.9
06037238100,South Los Angeles,8,2025,71,75,-5.3
06037238200,South Los Angeles,8,2025,71,90,-21.1
06037238310,South Los Angeles,8,2025,32,11,190.9
06037238320,South Los Angeles,8,2025,34,22,54.5
06037238400,South Los Angeles,8,2025,59,102,-42.2
06037239201,Southeast Los Angeles,9,2025,6,12,-50.0
06037239202,Southeast Los Angeles,9,2025,28,22,27.3
06037239310,Southeast Los Angeles,9,2025,18,19,-5.3
06037239320,Southeast Los Angeles,9,2025,17,12,41.7
06037239330,Southeast Los Angeles,9,2025,11,8,37.5
06037239501,Southeast Los Angeles,9,2025,17,18,-5.6
06037239502,Southeast Los Angeles,9,2025,22,23,-4.3
06037239601,Southeast Los Angeles,9,2025,18,33,-45.5
06037239602,Southeast Los Angeles,9,2025,16,17,-5.9
06037239701,Southeast Los Angeles,9,2025,20,16,25.0
06037239702,Southeast Los Angeles,9,2025,14,46,-69.6
06037239801,Southeast Los Angeles,9,2025,30,28,7.1
06037239802,Southeast Los Angeles,9,2025,34,27,25.9
06037240010,Southeast Los Angeles,9,2025,9,14,-35.7
06037240020,Southeast Los Angeles,9,2025,44,44,0.0
06037240200,Southeast Los Angeles,8,2025,30,34,-11.8
06037240301,South Los Angeles,8,2025,10,24,-58.3
06037240302,South Los Angeles,8,2025,30,19,57.9
06037240401,South Los Angeles,8,2025,25,14,78.6
06037240402,South Los Angeles,8,2025,27,34,-20.6
06037240500,Southeast Los Angeles,8,2025,33,33,0.0
06037240600,Southeast Los Angeles,8,2025,24,23,4.3
06037240700,Southeast Los Angeles,8,2025,63,57,10.5
06037240800,Southeast Los Angeles,8,2025,27,23,17.4
06037240901,Southeast Los Angeles,15,2025,13,6,116.7
06037240902,Southeast Los Angeles,8,2025,26,35,-25.7
06037241001,Southeast Los Angeles,15,2025,26,33,-21.2
06037241002,Southeast Los Angeles,15,2025,21,13,61.5
06037241110,Southeast Los Angeles,8,2025,14,14,0.0
06037241120,Southeast Los Angeles,8,2025,44,23,91.3
06037241201,South Los Angeles,8,2025,32,25,28.0
06037241202,South Los Angeles,8,2025,23,54,-57.4
06037241300,South Los Angeles,15,2025,24,25,-4.0
06037241400,Southeast Los Angeles,15,2025,13,20,-35.0
06037242000,Southeast Los Angeles,15,2025,40,32,25.0
06037242100,Southeast Los Angeles,15,2025,41,13,215.4
06037242201,Southeast Los Angeles,15,2025,19,22,-13.6
06037242202,Southeast Los Angeles,15,2025,14,18,-22.2
06037242300,Southeast Los Angeles,15,2025,20,30,-33.3
06037242600,Southeast Los Angeles,15,2025,1,3,-66.7
06037242700,Southeast Los Angeles,15,2025,45,34,32.4
06037243001,Southeast Los Angeles,15,2025,20,21,-4.8
06037243002,Southeast Los Angeles,15,2025,22,20,10.0
06037243100,Southeast Los Angeles,15,2025,35,31,12.9
06037261102,Bel Air - Beverly Crest,5,2025,166,153,8.5
06037261103,Bel Air - Beverly Crest,4,2025,57,73,-21.9
06037261104,Bel Air - Beverly Crest,5,2025,63,71,-11.3
06037261200,Bel Air - Beverly Crest,5,2025,143,136,5.1
06037262100,Bel Air - Beverly Crest,5,2025,201,181,11.0
06037262200,Bel Air - Beverly Crest,5,2025,146,133,9.8
06037262301,Brentwood - Pacific Palisades,11,2025,99,101,-2.0
06037262302,Brentwood - Pacific Palisades,11,2025,141,85,65.9
06037262303,Brentwood - Pacific Palisades,11,2025,142,170,-16.5
06037262400,Brentwood - Pacific Palisades,11,2025,124,150,-17.3
06037262501,Brentwood - Pacific Palisades,11,2025,287,87,229.9
06037262601,Brentwood - Pacific Palisades,11,2025,157,83,89.2
06037262604,Brentwood - Pacific Palisades,11,2025,315,222,41.9
06037262704,Brentwood - Pacific Palisades,11,2025,153,100,53.0
06037262706,Brentwood - Pacific Palisades,11,2025,245,117,109.4
06037262802,Brentwood - Pacific Palisades,11,2025,150,118,27.1
06037264000,Brentwood - Pacific Palisades,11,2025,132,136,-2.9
06037264102,Brentwood - Pacific Palisades,11,2025,25,34,-26.5
06037264103,Brentwood - Pacific Palisades,11,2025,32,29,10.3
06037264303,Brentwood - Pacific Palisades,11,2025,38,42,-9.5
06037264304,Brentwood - Pacific Palisades,11,2025,26,28,-7.1
06037264305,Brentwood - Pacific Palisades,11,2025,55,50,10.0
06037264306,Brentwood - Pacific Palisades,11,2025,19,23,-17.4
06037265100,Westwood,5,2025,99,87,13.8
06037265201,Westwood,5,2025,28,59,-52.5
06037265203,Westwood,5,2025,31,46,-32.6
06037265204,Westwood,5,2025,20,69,-71.0
06037265303,Westwood,5,2025,12,13,-7.7
06037265304,Westwood,5,2025,8,10,-20.0
06037265306,Westwood,5,2025,6,2,200.0
06037265410,Brentwood - Pacific Palisades,11,2025,38,45,-15.6
06037265420,Westwood,5,2025,50,73,-31.5
06037265521,Westwood,5,2025,9,9,0.0
06037265522,Westwood,5,2025,15,15,0.0
06037265523,Westwood,5,2025,33,28,17.9
06037265524,Westwood,5,2025,40,27,48.1
06037265601,Westwood,5,2025,68,59,15.3
06037265602,Westwood,5,2025,95,69,37.7
06037265701,Westwood,5,2025,41,37,10.8
06037265702,Westwood,5,2025,74,52,42.3
06037267101,West Los Angeles,5,2025,50,68,-26.5
06037267102,West Los Angeles,5,2025,67,90,-25.6
06037267201,West Los Angeles,5,2025,61,27,125.9
06037267202,West Los Angeles,5,2025,58,69,-15.9
06037267300,West Los Angeles,11,2025,25,20,25.0
06037267403,West Los Angeles,11,2025,35,38,-7.9
06037267404,West Los Angeles,11,2025,16,19,-15.8
06037267405,West Los Angeles,11,2025,23,18,27.8
06037267406,West Los Angeles,11,2025,18,10,80.0
06037267502,West Los Angeles,11,2025,46,45,2.2
06037267503,West Los Angeles,11,2025,15,15,0.0
06037267504,West Los Angeles,11,2025,23,29,-20.7
06037267600,West Los Angeles,11,2025,78,67,16.4
06037267700,West Los Angeles,11,2025,59,41,43.9
06037267800,West Los Angeles,5,2025,74,71,4.2
06037267901,West Los Angeles,5,2025,95,135,-29.6
06037267902,West Los Angeles,5,2025,74,76,-2.6
06037269000,West Los Angeles,5,2025,119,96,24.0
06037269100,West Los Angeles,5,2025,82,84,-2.4
06037269300,West Los Angeles,5,2025,166,136,22.1
06037269500,West Los Angeles,5,2025,137,99,38.4
06037269601,West Adams - Baldwin Hills - Leimert,10,2025,28,19,47.4
06037269602,West Adams - Baldwin Hills - Leimert,10,2025,30,28,7.1
06037269700,West Adams - Baldwin Hills - Leimert,10,2025,91,67,35.8
06037269800,West Los Angeles,5,2025,39,62,-37.1
06037269903,Palms - Mar Vista - Del Rey,5,2025,15,19,-21.1
06037269905,Palms - Mar Vista - Del Rey,5,2025,14,8,75.0
06037269906,Palms - Mar Vista - Del Rey,5,2025,14,11,27.3
06037269907,Palms - Mar Vista - Del Rey,5,2025,5,15,-66.7
06037269908,Palms - Mar Vista - Del Rey,5,2025,12,10,20.0
06037269909,Palms - Mar Vista - Del Rey,5,2025,13,3,333.3
06037270101,Palms - Mar Vista - Del Rey,5,2025,12,18,-33.3
06037270102,Palms - Mar Vista - Del Rey,5,2025,8,12,-33.3
06037270200,West Adams - Baldwin Hills - Leimert,10,2025,47,58,-19.0
06037270300,West Adams - Baldwin Hills - Leimert,10,2025,49,89,-44.9
06037271100,West Los Angeles,5,2025,73,63,15.9
06037271200,Palms - Mar Vista - Del Rey,11,2025,27,20,35.0
06037271300,Palms - Mar Vista - Del Rey,11,2025,126,124,1.6
06037271400,Palms - Mar Vista - Del Rey,11,2025,144,119,21.0
06037271500,Palms - Mar Vista - Del Rey,11,2025,121,80,51.3
06037271600,Palms - Mar Vista - Del Rey,11,2025,79,44,79.5
06037271702,Palms - Mar Vista - Del Rey,5,2025,39,37,5.4
06037271703,Palms - Mar Vista - Del Rey,5,2025,24,33,-27.3
06037271704,Palms - Mar Vista - Del Rey,5,2025,32,40,-20.0
06037271801,Palms - Mar Vista - Del Rey,5,2025,30,35,-14.3
06037271803,Palms - Mar Vista - Del Rey,5,2025,17,26,-34.6
06037271804,Palms - Mar Vista - Del Rey,5,2025,37,38,-2.6
06037271901,Palms - Mar Vista - Del Rey,11,2025,41,35,17.1
06037271902,Palms - Mar Vista - Del Rey,11,2025,84,80,5.0
06037272100,Palms - Mar Vista - Del Rey,11,2025,106,101,5.0
06037272201,Palms - Mar Vista - Del Rey,11,2025,25,19,31.6
06037272202,Palms - Mar Vista - Del Rey,11,2025,46,66,-30.3
06037272301,Palms - Mar Vista - Del Rey,11,2025,46,57,-19.3
06037272302,Palms - Mar Vista - Del Rey,11,2025,43,33,30.3
06037273100,Venice,11,2025,64,90,-28.9
06037273200,Venice,11,2025,81,94,-13.8
06037273300,Venice,11,2025,61,41,48.8
06037273403,Venice,11,2025,16,26,-38.5
06037273404,Venice,11,2025,21,14,50.0
06037273502,Venice,11,2025,38,68,-44.1
06037273600,Venice,11,2025,64,76,-15.8
06037273700,Venice,11,2025,78,99,-21.2
06037273800,Venice,11,2025,60,80,-25.0
06037273902,Venice,11,2025,113,97,16.5
06037274100,Venice,11,2025,63,99,-36.4
06037274202,Venice,11,2025,101,158,-36.1
06037275101,Palms - Mar Vista - Del Rey,11,2025,19,29,-34.5
06037275102,Palms - Mar Vista - Del Rey,11,2025,37,49,-24.5
06037275200,Palms - Mar Vista - Del Rey,11,2025,27,46,-41.3
06037275311,Palms - Mar Vista - Del Rey,11,2025,120,102,17.6
06037275312,Palms - Mar Vista - Del Rey,11,2025,33,30,10.0
06037275313,Palms - Mar Vista - Del Rey,11,2025,62,62,0.0
06037275400,Palms - Mar Vista - Del Rey,11,2025,75,69,8.7
06037275500,Palms - Mar Vista - Del Rey,11,2025,48,40,20.0
06037275603,Palms - Mar Vista - Del Rey,11,2025,73,77,-5.2
06037275604,Westchester - Playa del Rey,11,2025,73,60,21.7
06037275605,Palms - Mar Vista - Del Rey,11,2025,4,2,100.0
06037276000,Westchester - Playa del Rey,11,2025,169,183,-7.7
06037276101,Westchester - Playa del Rey,11,2025,12,5,140.0
06037276102,Westchester - Playa del Rey,11,2025,61,25,144.0
06037276400,Westchester - Playa del Rey,11,2025,139,143,-2.8
06037276500,Westchester - Playa del Rey,11,2025,46,46,0.0
06037276601,Westchester - Playa del Rey,11,2025,105,97,8.2
06037276605,Westchester - Playa del Rey,11,2025,7,15,-53.3
06037276606,Westchester - Playa del Rey,11,2025,7,21,-66.7
06037276607,Westchester - Playa del Rey,11,2025,21,15,40.0
06037276608,Westchester - Playa del Rey,11,2025,7,14,-50.0
06037277000,Westchester - Playa del Rey,11,2025,160,171,-6.4
06037277100,Westchester - Playa del Rey,11,2025,74,91,-18.7
06037277200,Westchester - Playa del Rey,11,2025,41,24,70.8
06037278001,Westchester - Playa del Rey,11,2025,27,42,-35.7
06037278102,Westchester - Playa del Rey,11,2025,59,82,-28.0
06037291110,Harbor Gateway,15,2025,24,24,0.0
06037291120,Harbor Gateway,15,2025,22,11,100.0
06037291130,Harbor Gateway,15,2025,24,42,-42.9
06037291210,Harbor Gateway,15,2025,22,33,-33.3
06037291220,Harbor Gateway,15,2025,24,41,-41.5
06037291300,Harbor Gateway,15,2025,46,48,-4.2
06037292001,Harbor Gateway,15,2025,29,17,70.6
06037292002,Harbor Gateway,15,2025,19,32,-40.6
06037293203,Harbor Gateway,15,2025,32,23,39.1
06037293204,Harbor Gateway,15,2025,28,41,-31.7
06037293205,Harbor Gateway,15,2025,10,20,-50.0
06037293206,Harbor Gateway,15,2025,24,13,84.6
06037293301,Wilmington - Harbor City,15,2025,40,32,25.0
06037293302,Wilmington - Harbor City,15,2025,48,51,-5.9
06037293304,Wilmington - Harbor City,15,2025,21,45,-53.3
06037293306,Wilmington - Harbor City,15,2025,36,23,56.5
06037293307,Wilmington - Harbor City,15,2025,14,17,-17.6
06037294110,Wilmington - Harbor City,15,2025,22,32,-31.3
06037294120,Wilmington - Harbor City,15,2025,14,18,-22.2
06037294200,Wilmington - Harbor City,15,2025,31,51,-39.2
06037294301,Wilmington - Harbor City,15,2025,10,14,-28.6
06037294302,Wilmington - Harbor City,15,2025,18,23,-21.7
06037294410,Wilmington - Harbor City,15,2025,10,9,11.1
06037294421,Wilmington - Harbor City,15,2025,8,6,33.3
06037294510,Wilmington - Harbor City,15,2025,8,12,-33.3
06037294520,Wilmington - Harbor City,15,2025,20,17,17.6
06037294610,Wilmington - Harbor City,15,2025,10,24,-58.3
06037294620,Wilmington - Harbor City,15,2025,35,51,-31.4
06037294701,Wilmington - Harbor City,15,2025,8,11,-27.3
06037294810,Wilmington - Harbor City,15,2025,12,10,20.0
06037294820,Wilmington - Harbor City,15,2025,8,10,-20.0
06037294830,Wilmington - Harbor City,15,2025,15,20,-25.0
06037294900,Wilmington - Harbor City,15,2025,12,12,0.0
06037295103,San Pedro,15,2025,34,25,36.0
06037296210,San Pedro,15,2025,12,28,-57.1
06037296220,San Pedro,15,2025,5,13,-61.5
06037296300,San Pedro,15,2025,54,41,31.7
06037296401,San Pedro,15,2025,32,32,0.0
06037296402,San Pedro,15,2025,44,64,-31.3
06037296500,San Pedro,15,2025,25,34,-26.5
06037296600,San Pedro,15,2025,48,38,26.3
06037296901,San Pedro,15,2025,21,40,-47.5
06037296902,San Pedro,15,2025,44,41,7.3
06037297001,San Pedro,15,2025,15,35,-57.1
06037297002,San Pedro,15,2025,46,59,-22.0
06037297110,San Pedro,15,2025,14,33,-57.6
06037297120,San Pedro,15,2025,13,21,-38.1
06037297201,San Pedro,15,2025,28,35,-20.0
06037297202,San Pedro,15,2025,47,49,-4.1
06037297300,San Pedro,15,2025,19,27,-29.6
06037297400,San Pedro,15,2025,92,74,24.3
06037297501,San Pedro,15,2025,58,53,9.4
06037297502,San Pedro,15,2025,25,32,-21.9
06037297601,San Pedro,15,2025,10,11,-9.1
06037297602,San Pedro,15,2025,45,45,0.0
06037800204,Canoga Park-West Hills-Winnetka-Woodland Hills,3,2025,4,8,-50.0
06037980008,Reseda - West Van Nuys,6,2025,1,2,-50.0
06037980009,Hollywood,4,2025,1,,
06037980010,Silver Lake - Echo Park - Elysian Valley,1,2025,1,1,0.0
06037980015,Wilmington - Harbor City,15,2025,56,30,86.7
06037980019,Brentwood - Pacific Palisades,11,2025,1,7,-85.7
06037980024,Encino - Tarzana,6,2025,17,11,54.5
06037101110,Sunland-E LaTuna Cyn-Lakevw Ter-Shadow Hls-Tujunga,7,2026,81,91,-11.0
06037101122,Sunland-E LaTuna Cyn-Lakevw Ter-Shadow Hls-Tujunga,7,2026,54,86,-37.2
06037101220,Sunland-E LaTuna Cyn-Lakevw Ter-Shadow Hls-Tujunga,7,2026,34,41,-17.1
06037101221,Sunland-E LaTuna Cyn-Lakevw Ter-Shadow Hls-Tujunga,7,2026,18,14,28.6
06037101222,Sunland-E LaTuna Cyn-Lakevw Ter-Shadow Hls-Tujunga,7,2026,6,5,20.0
06037101300,Sunland-E LaTuna Cyn-Lakevw Ter-Shadow Hls-Tujunga,7,2026,62,69,-10.1
06037101400,Sunland-E LaTuna Cyn-Lakevw Ter-Shadow Hls-Tujunga,7,2026,42,77,-45.5
06037102103,Sun Valley - La Tuna Canyon,2,2026,41,58,-29.3
06037102104,Sun Valley - La Tuna Canyon,2,2026,58,104,-44.2
06037102105,Sun Valley - La Tuna Canyon,2,2026,30,67,-55.2
06037102107,Sun Valley - La Tuna Canyon,7,2026,53,72,-26.4
06037103101,Sunland-E LaTuna Cyn-Lakevw Ter-Shadow Hls-Tujunga,7,2026,31,56,-44.6
06037103102,Sunland-E LaTuna Cyn-Lakevw Ter-Shadow Hls-Tujunga,7,2026,77,109,-29.4
06037103201,Sunland-E LaTuna Cyn-Lakevw Ter-Shadow Hls-Tujunga,7,2026,41,37,10.8
06037103202,Sunland-E LaTuna Cyn-Lakevw Ter-Shadow Hls-Tujunga,7,2026,21,23,-8.7
06037103300,Sunland-E LaTuna Cyn-Lakevw Ter-Shadow Hls-Tujunga,7,2026,66,100,-34.0
06037103401,Sunland-E LaTuna Cyn-Lakevw Ter-Shadow Hls-Tujunga,7,2026,20,42,-52.4
06037103402,Sunland-E LaTuna Cyn-Lakevw Ter-Shadow Hls-Tujunga,7,2026,41,70,-41.4
06037104103,Sunland-E LaTuna Cyn-Lakevw Ter-Shadow Hls-Tujunga,7,2026,22,28,-21.4
06037104105,Arleta - Pacoima,7,2026,9,10,-10.0
06037104108,Arleta - Pacoima,7,2026,20,30,-33.3
06037104124,Sunland-E LaTuna Cyn-Lakevw Ter-Shadow Hls-Tujunga,7,2026,29,34,-14.7
06037104201,Arleta - Pacoima,7,2026,26,34,-23.5
06037104203,Arleta - Pacoima,7,2026,13,22,-40.9
06037104204,Arleta - Pacoima,7,2026,3,9,-66.7
06037104310,Arleta - Pacoima,7,2026,19,34,-44.1
06037104321,Arleta - Pacoima,7,2026,20,18,11.1
06037104322,Arleta - Pacoima,7,2026,7,9,-22.2
06037104401,Arleta - Pacoima,7,2026,21,21,0.0
06037104403,Arleta - Pacoima,7,2026,10,19,-47.4
06037104404,Arleta - Pacoima,7,2026,20,20,0.0
06037104500,Arleta - Pacoima,7,2026,33,27,22.2
06037104610,Arleta - Pacoima,7,2026,19,30,-36.7
06037104620,Arleta - Pacoima,7,2026,18,34,-47.1
06037104701,Arleta - Pacoima,7,2026,3,6,-50.0
06037104703,Arleta - Pacoima,7,2026,2,2,0.0
06037104704,Arleta - Pacoima,7,2026,18,18,0.0
06037104821,Arleta - Pacoima,7,2026,12,21,-42.9
06037104822,Arleta - Pacoima,7,2026,6,11,-45.5
06037104823,Arleta - Pacoima,7,2026,10,20,-50.0
06037104824,Arleta - Pacoima,7,2026,12,21,-42.9
06037106010,Sylmar,7,2026,12,30,-60.0
06037106020,Sylmar,7,2026,46,68,-32.4
06037106111,Sylmar,7,2026,25,44,-43.2
06037106112,Sylmar,7,2026,34,58,-41.4
06037106113,Sylmar,7,2026,17,35,-51.4
06037106114,Sylmar,7,2026,19,21,-9.5
06037106403,Sylmar,7,2026,20,35,-42.9
06037106405,Sylmar,7,2026,13,7,85.7
06037106406,Sylmar,7,2026,62,42,47.6
06037106407,Sylmar,7,2026,2,8,-75.0
06037106408,Sylmar,7,2026,1,2,-50.0
06037106510,Sylmar,7,2026,28,46,-39.1
06037106520,Sylmar,7,2026,24,34,-29.4
06037106603,Granada Hills - Knollwood,12,2026,45,58,-22.4
06037106604,Sylmar,7,2026,17,44,-61.4
06037106641,Granada Hills - Knollwood,12,2026,38,62,-38.7
06037106642,Granada Hills - Knollwood,12,2026,41,76,-46.1
06037106643,Granada Hills - Knollwood,12,2026,46,87,-47.1
06037106645,Granada Hills - Knollwood,12,2026,53,98,-45.9
06037106646,Granada Hills - Knollwood,12,2026,49,64,-23.4
06037106648,Sylmar,7,2026,9,9,0.0
06037106649,Sylmar,7,2026,16,24,-33.3
06037107010,Sylmar,7,2026,18,28,-35.7
06037107020,Sylmar,7,2026,19,37,-48.6
06037108101,Chatsworth - Porter Ranch,12,2026,29,25,16.0
06037108102,Chatsworth - Porter Ranch,12,2026,61,81,-24.7
06037108103,Chatsworth - Porter Ranch,12,2026,36,47,-23.4
06037108104,Chatsworth - Porter Ranch,12,2026,14,15,-6.7
06037108202,Chatsworth - Porter Ranch,12,2026,41,71,-42.3
06037108203,Chatsworth - Porter Ranch,12,2026,50,33,51.5
06037108204,Chatsworth - Porter Ranch,12,2026,4,11,-63.6
06037109100,Mission Hills - Panorama City - North Hills,7,2026,25,13,92.3
06037109200,Granada Hills - Knollwood,12,2026,42,58,-27.6
06037109300,Granada Hills - Knollwood,12,2026,37,76,-51.3
06037109400,Mission Hills - Panorama City - North Hills,7,2026,31,41,-24.4
06037109500,Arleta - Pacoima,7,2026,25,34,-26.5
06037109601,Mission Hills - Panorama City - North Hills,7,2026,32,66,-51.5
06037109603,Mission Hills - Panorama City - North Hills,7,2026,72,87,-17.2
06037109604,Mission Hills - Panorama City - North Hills,7,2026,21,42,-50.0
06037109700,Granada Hills - Knollwood,12,2026,62,106,-41.5
06037109800,Granada Hills - Knollwood,12,2026,69,97,-28.9
06037111100,Granada Hills - Knollwood,12,2026,58,53,9.4
06037111201,Granada Hills - Knollwood,12,2026,75,111,-32.4
06037111202,Granada Hills - Knollwood,12,2026,79,144,-45.1
06037111204,Northridge,12,2026,66,112,-41.1
06037111205,Northridge,12,2026,105,15,600.0
06037111206,Northridge,12,2026,75,106,-29.2
06037111302,Northridge,12,2026,58,79,-26.6
06037111303,Granada Hills - Knollwood,12,2026,72,93,-22.6
06037111304,Granada Hills - Knollwood,12,2026,6,2,200.0
06037111401,Granada Hills - Knollwood,12,2026,27,34,-20.6
06037111402,Granada Hills - Knollwood,12,2026,41,53,-22.6
06037113101,Chatsworth - Porter Ranch,12,2026,53,43,23.3
06037113102,Chatsworth - Porter Ranch,12,2026,52,46,13.0
06037113211,Chatsworth - Porter Ranch,12,2026,35,34,2.9
06037113212,Chatsworth - Porter Ranch,12,2026,24,30,-20.0
06037113213,Chatsworth - Porter Ranch,12,2026,33,41,-19.5
06037113231,Chatsworth - Porter Ranch,12,2026,42,34,23.5
06037113232,Chatsworth - Porter Ranch,12,2026,57,78,-26.9
06037113234,Chatsworth - Porter Ranch,3,2026,16,14,14.3
06037113237,Chatsworth - Porter Ranch,12,2026,49,123,-60.2
06037113238,Chatsworth - Porter Ranch,3,2026,33,49,-32.7
06037113239,Chatsworth - Porter Ranch,3,2026,2,7,-71.4
06037113301,Chatsworth - Porter Ranch,12,2026,31,36,-13.9
06037113303,Chatsworth - Porter Ranch,12,2026,34,71,-52.1
06037113322,Chatsworth - Porter Ranch,12,2026,66,84,-21.4
06037113323,Chatsworth - Porter Ranch,12,2026,16,12,33.3
06037113324,Chatsworth - Porter Ranch,12,2026,6,2,200.0
06037113423,Chatsworth - Porter Ranch,3,2026,19,43,-55.8
06037113424,Chatsworth - Porter Ranch,12,2026,53,71,-25.4
06037113426,Chatsworth - Porter Ranch,3,2026,19,32,-40.6
06037113427,Chatsworth - Porter Ranch,3,2026,6,13,-53.8
06037113428,Chatsworth - Porter Ranch,3,2026,33,59,-44.1
06037115101,Northridge,12,2026,73,118,-38.1
06037115104,Northridge,12,2026,17,42,-59.5
06037115202,Northridge,12,2026,55,65,-15.4
06037115203,Northridge,12,2026,17,16,6.3
06037115204,Northridge,12,2026,31,37,-16.2
06037115301,Northridge,12,2026,42,58,-27.6
06037115302,Northridge,12,2026,20,40,-50.0
06037115401,Northridge,12,2026,52,84,-38.1
06037115403,Northridge,12,2026,12,28,-57.1
06037115404,Northridge,12,2026,34,36,-5.6
06037117101,Mission Hills - Panorama City - North Hills,7,2026,20,30,-33.3
06037117102,Mission Hills - Panorama City - North Hills,7,2026,38,28,35.7
06037117201,Mission Hills - Panorama City - North Hills,7,2026,15,51,-70.6
06037117202,Mission Hills - Panorama City - North Hills,12,2026,29,44,-34.1
06037117301,Mission Hills - Panorama City - North Hills,12,2026,45,72,-37.5
06037117302,Northridge,12,2026,43,95,-54.7
06037117303,Mission Hills - Panorama City - North Hills,12,2026,52,102,-49.0
06037117404,Mission Hills - Panorama City - North Hills,12,2026,41,103,-60.2
06037117405,Mission Hills - Panorama City - North Hills,7,2026,5,13,-61.5
06037117407,Mission Hills - Panorama City - North Hills,6,2026,4,4,0.0
06037117408,Mission Hills - Panorama City - North Hills,6,2026,12,7,71.4
06037117510,Mission Hills - Panorama City - North Hills,7,2026,5,8,-37.5
06037117520,Mission Hills - Panorama City - North Hills,6,2026,8,15,-46.7
06037117530,Mission Hills - Panorama City - North Hills,6,2026,5,10,-50.0
06037119001,Sun Valley - La Tuna Canyon,6,2026,21,34,-38.2
06037119003,Arleta - Pacoima,6,2026,21,40,-47.5
06037119004,Arleta - Pacoima,6,2026,17,27,-37.0
06037119201,Arleta - Pacoima,6,2026,17,42,-59.5
06037119202,Arleta - Pacoima,6,2026,22,49,-55.1
06037119310,Mission Hills - Panorama City - North Hills,6,2026,12,40,-70.0
06037119320,Mission Hills - Panorama City - North Hills,6,2026,9,32,-71.9
06037119340,Mission Hills - Panorama City - North Hills,6,2026,2,2,0.0
06037119341,Mission Hills - Panorama City - North Hills,6,2026,3,13,-76.9
06037119342,Mission Hills - Panorama City - North Hills,6,2026,5,10,-50.0
06037119400,Arleta - Pacoima,6,2026,38,39,-2.6
06037119700,Mission Hills - Panorama City - North Hills,6,2026,57,56,1.8
06037119801,Arleta - Pacoima,6,2026,15,28,-46.4
06037119802,Arleta - Pacoima,6,2026,20,28,-28.6
06037119900,Mission Hills - Panorama City - North Hills,6,2026,46,54,-14.8
06037120010,Mission Hills - Panorama City - North Hills,6,2026,20,32,-37.5
06037120020,Mission Hills - Panorama City - North Hills,6,2026,8,10,-20.0
06037120030,Mission Hills - Panorama City - North Hills,6,2026,2,5,-60.0
06037120103,Mission Hills - Panorama City - North Hills,6,2026,3,9,-66.7
06037120104,Mission Hills - Panorama City - North Hills,6,2026,4,5,-20.0
06037120105,Mission Hills - Panorama City - North Hills,6,2026,10,25,-60.0
06037120106,Mission Hills - Panorama City - North Hills,6,2026,10,13,-23.1
06037120107,Mission Hills - Panorama City - North Hills,6,2026,4,10,-60.0
06037120108,Mission Hills - Panorama City - North Hills,6,2026,8,10,-20.0
06037120300,Mission Hills - Panorama City - North Hills,6,2026,39,54,-27.8
06037120400,Mission Hills - Panorama City - North Hills,6,2026,30,48,-37.5
06037121010,Sun Valley - La Tuna Canyon,2,2026,50,66,-24.2
06037121020,Sun Valley - La Tuna Canyon,2,2026,36,49,-26.5
06037121101,Sun Valley - La Tuna Canyon,6,2026,9,20,-55.0
06037121102,Sun Valley - La Tuna Canyon,6,2026,33,49,-32.7
06037121210,Sun Valley - La Tuna Canyon,6,2026,23,42,-45.2
06037121221,Sun Valley - La Tuna Canyon,6,2026,11,19,-42.1
06037121222,Sun Valley - La Tuna Canyon,6,2026,15,33,-54.5
06037121600,Sun Valley - La Tuna Canyon,2,2026,43,64,-32.8
06037121801,Sun Valley - La Tuna Canyon,6,2026,20,35,-42.9
06037121802,Sun Valley - La Tuna Canyon,6,2026,30,41,-26.8
06037121900,Sun Valley - La Tuna Canyon,6,2026,38,53,-28.3
06037122000,Sun Valley - La Tuna Canyon,2,2026,54,89,-39.3
06037122120,Sun Valley - La Tuna Canyon,6,2026,27,60,-55.0
06037122121,Sun Valley - La Tuna Canyon,2,2026,11,27,-59.3
06037122122,Sun Valley - La Tuna Canyon,6,2026,5,18,-72.2
06037122200,Sun Valley - La Tuna Canyon,2,2026,29,57,-49.1
06037122410,Sun Valley - La Tuna Canyon,2,2026,7,23,-69.6
06037122420,Sun Valley - La Tuna Canyon,2,2026,21,32,-34.4
06037123010,Sun Valley - La Tuna Canyon,2,2026,20,44,-54.5
06037123020,Sun Valley - La Tuna Canyon,2,2026,28,43,-34.9
06037123103,North Hollywood - Valley Village,2,2026,32,42,-23.8
06037123104,North Hollywood - Valley Village,2,2026,49,53,-7.5
06037123203,North Hollywood - Valley Village,2,2026,17,25,-32.0
06037123204,North Hollywood - Valley Village,2,2026,20,24,-16.7
06037123205,North Hollywood - Valley Village,2,2026,12,26,-53.8
06037123206,North Hollywood - Valley Village,2,2026,11,13,-15.4
06037123301,North Hollywood - Valley Village,2,2026,27,30,-10.0
06037123303,North Hollywood - Valley Village,2,2026,28,38,-26.3
06037123304,North Hollywood - Valley Village,2,2026,29,39,-25.6
06037123410,North Hollywood - Valley Village,2,2026,18,30,-40.0
06037123420,North Hollywood - Valley Village,2,2026,24,44,-45.5
06037123510,Van Nuys - North Sherman Oaks,2,2026,29,25,16.0
06037123520,Van Nuys - North Sherman Oaks,2,2026,17,37,-54.1
06037123601,Van Nuys - North Sherman Oaks,2,2026,42,43,-2.3
06037123602,Van Nuys - North Sherman Oaks,2,2026,39,61,-36.1
06037123700,North Hollywood - Valley Village,2,2026,57,66,-13.6
06037123800,North Hollywood - Valley Village,2,2026,70,105,-33.3
06037123901,North Hollywood - Valley Village,2,2026,42,90,-53.3
06037123902,North Hollywood - Valley Village,2,2026,25,53,-52.8
06037124000,North Hollywood - Valley Village,2,2026,49,91,-46.2
06037124102,North Hollywood - Valley Village,2,2026,37,45,-17.8
06037124103,North Hollywood - Valley Village,2,2026,11,50,-78.0
06037124104,North Hollywood - Valley Village,2,2026,8,36,-77.8
06037124105,North Hollywood - Valley Village,2,2026,15,42,-64.3
06037124201,North Hollywood - Valley Village,2,2026,35,59,-40.7
06037124203,North Hollywood - Valley Village,2,2026,34,48,-29.2
06037124204,North Hollywood - Valley Village,2,2026,22,43,-48.8
06037124300,North Hollywood - Valley Village,2,2026,32,83,-61.4
06037124400,North Hollywood - Valley Village,2,2026,45,62,-27.4
06037124500,Van Nuys - North Sherman Oaks,4,2026,43,69,-37.7
06037124600,Van Nuys - North Sherman Oaks,4,2026,67,87,-23.0
06037124700,Van Nuys - North Sherman Oaks,4,2026,39,82,-52.4
06037124902,North Hollywood - Valley Village,2,2026,21,32,-34.4
06037124903,North Hollywood - Valley Village,2,2026,18,22,-18.2
06037125101,North Hollywood - Valley Village,2,2026,25,23,8.7
06037125102,North Hollywood - Valley Village,2,2026,36,57,-36.8
06037125200,North Hollywood - Valley Village,2,2026,40,70,-42.9
06037125310,North Hollywood - Valley Village,2,2026,35,83,-57.8
06037125321,North Hollywood - Valley Village,2,2026,17,29,-41.4
06037125322,North Hollywood - Valley Village,2,2026,5,1,400.0
06037125402,North Hollywood - Valley Village,2,2026,19,54,-64.8
06037125403,North Hollywood - Valley Village,2,2026,9,8,12.5
06037125404,North Hollywood - Valley Village,2,2026,9,11,-18.2
06037125501,North Hollywood - Valley Village,2,2026,66,60,10.0
06037125502,North Hollywood - Valley Village,2,2026,45,58,-22.4
06037125600,North Hollywood - Valley Village,2,2026,41,79,-48.1
06037127102,Van Nuys - North Sherman Oaks,2,2026,24,25,-4.0
06037127103,Van Nuys - North Sherman Oaks,2,2026,7,6,16.7
06037127104,Van Nuys - North Sherman Oaks,2,2026,38,41,-7.3
06037127210,Van Nuys - North Sherman Oaks,6,2026,38,28,35.7
06037127220,Van Nuys - North Sherman Oaks,6,2026,26,30,-13.3
06037127300,Van Nuys - North Sherman Oaks,6,2026,21,48,-56.3
06037127400,Van Nuys - North Sherman Oaks,6,2026,39,52,-25.0
06037127520,Reseda - West Van Nuys,6,2026,4,8,-50.0
06037127603,Van Nuys - North Sherman Oaks,6,2026,17,28,-39.3
06037127604,Van Nuys - North Sherman Oaks,6,2026,11,27,-59.3
06037127605,Van Nuys - North Sherman Oaks,6,2026,19,26,-26.9
06037127606,Van Nuys - North Sherman Oaks,6,2026,16,38,-57.9
06037127711,Van Nuys - North Sherman Oaks,6,2026,35,40,-12.5
06037127712,Van Nuys - North Sherman Oaks,6,2026,20,28,-28.6
06037127803,Van Nuys - North Sherman Oaks,6,2026,21,35,-40.0
06037127804,Van Nuys - North Sherman Oaks,6,2026,23,42,-45.2
06037127805,Van Nuys - North Sherman Oaks,6,2026,19,35,-45.7
06037127806,Van Nuys - North Sherman Oaks,6,2026,23,30,-23.3
06037127910,Van Nuys - North Sherman Oaks,6,2026,18,45,-60.0
06037127920,Van Nuys - North Sherman Oaks,2,2026,25,44,-43.2
06037128101,Van Nuys - North Sherman Oaks,2,2026,49,46,6.5
06037128102,Van Nuys - North Sherman Oaks,2,2026,34,25,36.0
06037128210,Van Nuys - North Sherman Oaks,6,2026,16,28,-42.9
06037128220,Van Nuys - North Sherman Oaks,2,2026,15,35,-57.1
06037128302,Van Nuys - North Sherman Oaks,6,2026,11,21,-47.6
06037128303,Van Nuys - North Sherman Oaks,6,2026,7,11,-36.4
06037128400,Van Nuys - North Sherman Oaks,4,2026,80,97,-17.5
06037128500,Van Nuys - North Sherman Oaks,4,2026,49,70,-30.0
06037128601,Van Nuys - North Sherman Oaks,4,2026,43,59,-27.1
06037128602,Van Nuys - North Sherman Oaks,2,2026,33,117,-71.8
06037128703,Van Nuys - North Sherman Oaks,4,2026,17,24,-29.2
06037128704,Van Nuys - North Sherman Oaks,4,2026,38,51,-25.5
06037128801,Van Nuys - North Sherman Oaks,4,2026,18,26,-30.8
06037128802,Van Nuys - North Sherman Oaks,4,2026,67,61,9.8
06037128910,Van Nuys - North Sherman Oaks,4,2026,66,82,-19.5
06037131021,Reseda - West Van Nuys,4,2026,15,23,-34.8
06037131022,Reseda - West Van Nuys,3,2026,18,19,-5.3
06037131023,Reseda - West Van Nuys,3,2026,23,30,-23.3
06037131024,Reseda - West Van Nuys,3,2026,28,46,-39.1
06037131100,Reseda - West Van Nuys,6,2026,56,101,-44.6
06037131200,Reseda - West Van Nuys,12,2026,51,103,-50.5
06037131300,Reseda - West Van Nuys,4,2026,35,83,-57.8
06037131400,Reseda - West Van Nuys,4,2026,38,52,-26.9
06037131600,Reseda - West Van Nuys,3,2026,68,131,-48.1
06037131701,Reseda - West Van Nuys,3,2026,24,34,-29.4
06037131702,Reseda - West Van Nuys,3,2026,27,32,-15.6
06037131801,Reseda - West Van Nuys,3,2026,21,29,-27.6
06037131802,Reseda - West Van Nuys,4,2026,32,66,-51.5
06037131900,Reseda - West Van Nuys,6,2026,46,89,-48.3
06037132001,Reseda - West Van Nuys,6,2026,54,93,-41.9
06037132002,Reseda - West Van Nuys,6,2026,47,112,-58.0
06037132101,Reseda - West Van Nuys,6,2026,47,67,-29.9
06037132102,Reseda - West Van Nuys,6,2026,36,84,-57.1
06037132301,Reseda - West Van Nuys,4,2026,22,30,-26.7
06037132302,Reseda - West Van Nuys,4,2026,33,45,-26.7
06037132501,Reseda - West Van Nuys,3,2026,39,56,-30.4
06037132502,Reseda - West Van Nuys,3,2026,16,31,-48.4
06037132700,Reseda - West Van Nuys,4,2026,63,90,-30.0
06037132900,Reseda - West Van Nuys,3,2026,49,87,-43.7
06037133000,Reseda - West Van Nuys,3,2026,59,95,-37.9
06037133101,Reseda - West Van Nuys,3,2026,37,68,-45.6
06037133102,Reseda - West Van Nuys,3,2026,20,24,-16.7
06037134001,Canoga Park-West Hills-Winnetka-Woodland Hills,3,2026,19,23,-17.4
06037134002,Canoga Park-West Hills-Winnetka-Woodland Hills,3,2026,17,40,-57.5
06037134101,Canoga Park-West Hills-Winnetka-Woodland Hills,3,2026,61,76,-19.7
06037134103,Canoga Park-West Hills-Winnetka-Woodland Hills,3,2026,50,60,-16.7
06037134104,Canoga Park-West Hills-Winnetka-Woodland Hills,3,2026,26,29,-10.3
06037134201,Canoga Park-West Hills-Winnetka-Woodland Hills,3,2026,42,81,-48.1
06037134302,Canoga Park-West Hills-Winnetka-Woodland Hills,12,2026,71,83,-14.5
06037134303,Canoga Park-West Hills-Winnetka-Woodland Hills,3,2026,47,112,-58.0
06037134304,Canoga Park-West Hills-Winnetka-Woodland Hills,3,2026,33,44,-25.0
06037134305,Canoga Park-West Hills-Winnetka-Woodland Hills,3,2026,3,3,0.0
06037134306,Canoga Park-West Hills-Winnetka-Woodland Hills,3,2026,26,31,-16.1
06037134421,Canoga Park-West Hills-Winnetka-Woodland Hills,12,2026,58,64,-9.4
06037134422,Canoga Park-West Hills-Winnetka-Woodland Hills,12,2026,88,113,-22.1
06037134423,Canoga Park-West Hills-Winnetka-Woodland Hills,12,2026,51,58,-12.1
06037134424,Canoga Park-West Hills-Winnetka-Woodland Hills,12,2026,32,36,-11.1
06037134520,Canoga Park-West Hills-Winnetka-Woodland Hills,3,2026,23,23,0.0
06037134521,Canoga Park-West Hills-Winnetka-Woodland Hills,3,2026,11,14,-21.4
06037134522,Canoga Park-West Hills-Winnetka-Woodland Hills,3,2026,25,30,-16.7
06037134710,Canoga Park-West Hills-Winnetka-Woodland Hills,3,2026,31,37,-16.2
06037134720,Canoga Park-West Hills-Winnetka-Woodland Hills,3,2026,32,51,-37.3
06037134801,Canoga Park-West Hills-Winnetka-Woodland Hills,3,2026,46,55,-16.4
06037134802,Canoga Park-West Hills-Winnetka-Woodland Hills,3,2026,36,46,-21.7
06037134901,Reseda - West Van Nuys,3,2026,46,100,-54.0
06037134904,Canoga Park-West Hills-Winnetka-Woodland Hills,3,2026,58,67,-13.4
06037134905,Canoga Park-West Hills-Winnetka-Woodland Hills,3,2026,26,18,44.4
06037134906,Canoga Park-West Hills-Winnetka-Woodland Hills,3,2026,2,4,-50.0
06037134907,Canoga Park-West Hills-Winnetka-Woodland Hills,3,2026,24,3,700.0
06037135102,Canoga Park-West Hills-Winnetka-Woodland Hills,12,2026,63,78,-19.2
06037135111,Canoga Park-West Hills-Winnetka-Woodland Hills,3,2026,40,79,-49.4
06037135113,Canoga Park-West Hills-Winnetka-Woodland Hills,3,2026,2,2,0.0
06037135115,Canoga Park-West Hills-Winnetka-Woodland Hills,3,2026,12,13,-7.7
06037135116,Canoga Park-West Hills-Winnetka-Woodland Hills,3,2026,10,6,66.7
06037135201,Canoga Park-West Hills-Winnetka-Woodland Hills,12,2026,55,75,-26.7
06037135202,Canoga Park-West Hills-Winnetka-Woodland Hills,12,2026,96,122,-21.3
06037135204,Canoga Park-West Hills-Winnetka-Woodland Hills,12,2026,100,121,-17.4
06037135205,Canoga Park-West Hills-Winnetka-Woodland Hills,12,2026,28,24,16.7
06037137000,Canoga Park-West Hills-Winnetka-Woodland Hills,3,2026,104,142,-26.8
06037137103,Canoga Park-West Hills-Winnetka-Woodland Hills,3,2026,9,24,-62.5
06037137104,Canoga Park-West Hills-Winnetka-Woodland Hills,3,2026,70,97,-27.8
06037137202,Canoga Park-West Hills-Winnetka-Woodland Hills,3,2026,12,38,-68.4
06037137203,Canoga Park-West Hills-Winnetka-Woodland Hills,3,2026,56,73,-23.3
06037137301,Canoga Park-West Hills-Winnetka-Woodland Hills,3,2026,54,94,-42.6
06037137302,Canoga Park-West Hills-Winnetka-Woodland Hills,3,2026,87,105,-17.1
06037137401,Canoga Park-West Hills-Winnetka-Woodland Hills,3,2026,81,109,-25.7
06037137402,Canoga Park-West Hills-Winnetka-Woodland Hills,3,2026,106,99,7.1
06037137501,Canoga Park-West Hills-Winnetka-Woodland Hills,3,2026,53,63,-15.9
06037137502,Canoga Park-West Hills-Winnetka-Woodland Hills,3,2026,84,117,-28.2
06037137504,Canoga Park-West Hills-Winnetka-Woodland Hills,3,2026,30,60,-50.0
06037138000,Canoga Park-West Hills-Winnetka-Woodland Hills,3,2026,108,138,-21.7
06037139001,Encino - Tarzana,4,2026,80,147,-45.6
06037139200,Encino - Tarzana,4,2026,77,96,-19.8
06037139301,Encino - Tarzana,3,2026,97,142,-31.7
06037139302,Encino - Tarzana,3,2026,9,8,12.5
06037139303,Encino - Tarzana,3,2026,8,19,-57.9
06037139401,Encino - Tarzana,3,2026,6,14,-57.1
06037139402,Encino - Tarzana,3,2026,63,79,-20.3
06037139502,Encino - Tarzana,3,2026,36,60,-40.0
06037139504,Encino - Tarzana,4,2026,18,14,28.6
06037139505,Encino - Tarzana,4,2026,11,9,22.2
06037139506,Encino - Tarzana,4,2026,8,12,-33.3
06037139600,Encino - Tarzana,4,2026,79,112,-29.5
06037139701,Encino - Tarzana,4,2026,89,180,-50.6
06037139703,Encino - Tarzana,4,2026,40,89,-55.1
06037139704,Encino - Tarzana,4,2026,40,62,-35.5
06037139705,Encino - Tarzana,4,2026,75,91,-17.6
06037139801,Encino - Tarzana,3,2026,82,87,-5.7
06037139802,Encino - Tarzana,3,2026,57,89,-36.0
06037141101,Sherman Oaks-Studio City-Toluca Lake-Cahuenga Pass,4,2026,42,69,-39.1
06037141102,Sherman Oaks-Studio City-Toluca Lake-Cahuenga Pass,4,2026,24,76,-68.4
06037141201,Sherman Oaks-Studio City-Toluca Lake-Cahuenga Pass,4,2026,29,49,-40.8
06037141202,Sherman Oaks-Studio City-Toluca Lake-Cahuenga Pass,4,2026,23,50,-54.0
06037141303,Sherman Oaks-Studio City-Toluca Lake-Cahuenga Pass,4,2026,13,14,-7.1
06037141304,Sherman Oaks-Studio City-Toluca Lake-Cahuenga Pass,4,2026,29,47,-38.3
06037141305,Sherman Oaks-Studio City-Toluca Lake-Cahuenga Pass,4,2026,17,58,-70.7
06037141306,Sherman Oaks-Studio City-Toluca Lake-Cahuenga Pass,4,2026,32,28,14.3
06037141400,Encino - Tarzana,4,2026,62,106,-41.5
06037141500,Encino - Tarzana,4,2026,61,78,-21.8
06037141600,Sherman Oaks-Studio City-Toluca Lake-Cahuenga Pass,4,2026,112,127,-11.8
06037141700,Sherman Oaks-Studio City-Toluca Lake-Cahuenga Pass,4,2026,58,104,-44.2
06037143101,Sherman Oaks-Studio City-Toluca Lake-Cahuenga Pass,2,2026,30,61,-50.8
06037143102,Sherman Oaks-Studio City-Toluca Lake-Cahuenga Pass,2,2026,11,15,-26.7
06037143200,Sherman Oaks-Studio City-Toluca Lake-Cahuenga Pass,2,2026,20,49,-59.2
06037143301,North Hollywood - Valley Village,2,2026,7,33,-78.8
06037143302,Sherman Oaks-Studio City-Toluca Lake-Cahuenga Pass,2,2026,44,73,-39.7
06037143401,Sherman Oaks-Studio City-Toluca Lake-Cahuenga Pass,4,2026,50,77,-35.1
06037143402,Sherman Oaks-Studio City-Toluca Lake-Cahuenga Pass,4,2026,26,39,-33.3
06037143500,Sherman Oaks-Studio City-Toluca Lake-Cahuenga Pass,4,2026,55,117,-53.0
06037143602,Sherman Oaks-Studio City-Toluca Lake-Cahuenga Pass,2,2026,42,64,-34.4
06037143603,Sherman Oaks-Studio City-Toluca Lake-Cahuenga Pass,2,2026,33,30,10.0
06037143605,Sherman Oaks-Studio City-Toluca Lake-Cahuenga Pass,2,2026,5,6,-16.7
06037143606,Sherman Oaks-Studio City-Toluca Lake-Cahuenga Pass,4,2026,2,3,-33.3
06037143700,Sherman Oaks-Studio City-Toluca Lake-Cahuenga Pass,4,2026,87,125,-30.4
06037143801,Sherman Oaks-Studio City-Toluca Lake-Cahuenga Pass,4,2026,44,75,-41.3
06037143802,Sherman Oaks-Studio City-Toluca Lake-Cahuenga Pass,4,2026,41,74,-44.6
06037143901,Sherman Oaks-Studio City-Toluca Lake-Cahuenga Pass,4,2026,98,157,-37.6
06037143902,Sherman Oaks-Studio City-Toluca Lake-Cahuenga Pass,4,2026,41,85,-51.8
06037181000,Northeast Los Angeles,14,2026,134,157,-14.6
06037181300,Northeast Los Angeles,14,2026,53,66,-19.7
06037181400,Northeast Los Angeles,14,2026,51,59,-13.6
06037181500,Northeast Los Angeles,14,2026,63,79,-20.3
06037181600,Northeast Los Angeles,14,2026,53,77,-31.2
06037183101,Northeast Los Angeles,14,2026,52,82,-36.6
06037183103,Northeast Los Angeles,14,2026,24,43,-44.2
06037183104,Northeast Los Angeles,14,2026,29,65,-55.4
06037183220,Northeast Los Angeles,14,2026,33,47,-29.8
06037183221,Northeast Los Angeles,14,2026,57,61,-6.6
06037183222,Northeast Los Angeles,14,2026,51,80,-36.3
06037183300,Northeast Los Angeles,14,2026,30,53,-43.4
06037183401,Northeast Los Angeles,1,2026,45,42,7.1
06037183402,Northeast Los Angeles,14,2026,40,27,48.1
06037183510,Northeast Los Angeles,1,2026,32,34,-5.9
06037183520,Northeast Los Angeles,1,2026,34,40,-15.0
06037183610,Northeast Los Angeles,1,2026,16,21,-23.8
06037183620,Northeast Los Angeles,1,2026,25,47,-46.8
06037183701,Northeast Los Angeles,1,2026,13,26,-50.0
06037183702,Northeast Los Angeles,14,2026,39,32,21.9
06037183810,Northeast Los Angeles,1,2026,40,19,110.5
06037183820,Northeast Los Angeles,1,2026,20,41,-51.2
06037185101,Northeast Los Angeles,1,2026,47,50,-6.0
06037185102,Northeast Los Angeles,1,2026,51,66,-22.7
06037185202,Northeast Los Angeles,1,2026,50,61,-18.0
06037185203,Northeast Los Angeles,1,2026,22,39,-43.6
06037185204,Northeast Los Angeles,1,2026,23,49,-53.1
06037185310,Northeast Los Angeles,1,2026,22,18,22.2
06037185320,Northeast Los Angeles,1,2026,19,21,-9.5
06037186100,Northeast Los Angeles,13,2026,66,110,-40.0
06037186201,Northeast Los Angeles,1,2026,31,32,-3.1
06037186202,Northeast Los Angeles,1,2026,27,39,-30.8
06037186203,Northeast Los Angeles,1,2026,66,74,-10.8
06037186301,Northeast Los Angeles,13,2026,37,57,-35.1
06037186302,Northeast Los Angeles,1,2026,75,87,-13.8
06037186401,Northeast Los Angeles,13,2026,21,22,-4.5
06037186403,Northeast Los Angeles,1,2026,14,30,-53.3
06037186404,Northeast Los Angeles,1,2026,29,41,-29.3
06037187101,Northeast Los Angeles,13,2026,36,75,-52.0
06037187102,Northeast Los Angeles,13,2026,38,59,-35.6
06037187200,Silver Lake - Echo Park - Elysian Valley,13,2026,58,61,-4.9
06037187300,Silver Lake - Echo Park - Elysian Valley,13,2026,60,101,-40.6
06037188100,Northeast Los Angeles,13,2026,25,45,-44.4
06037188201,Hollywood,4,2026,53,41,29.3
06037188202,Hollywood,4,2026,57,74,-23.0
06037188300,Northeast Los Angeles,13,2026,53,107,-50.5
06037189101,Hollywood,4,2026,32,37,-13.5
06037189102,Hollywood,4,2026,23,31,-25.8
06037189201,Hollywood,4,2026,15,17,-11.8
06037189202,Hollywood,4,2026,59,70,-15.7
06037189300,Hollywood,4,2026,76,103,-26.2
06037189400,Hollywood,4,2026,71,93,-23.7
06037189501,Hollywood,4,2026,16,18,-11.1
06037189502,Hollywood,4,2026,22,16,37.5
06037189600,Hollywood,4,2026,49,70,-30.0
06037189702,Hollywood,4,2026,52,53,-1.9
06037189703,Hollywood,4,2026,21,52,-59.6
06037189704,Hollywood,4,2026,18,67,-73.1
06037189801,Hollywood,13,2026,22,36,-38.9
06037189802,Hollywood,13,2026,13,25,-48.0
06037189903,Hollywood,4,2026,12,14,-14.3
06037189904,Hollywood,4,2026,8,12,-33.3
06037189905,Hollywood,4,2026,18,33,-45.5
06037189906,Hollywood,13,2026,7,10,-30.0
06037189907,Hollywood,13,2026,7,9,-22.2
06037190101,Hollywood,13,2026,4,6,-33.3
06037190102,Hollywood,13,2026,9,14,-35.7
06037190201,Hollywood,13,2026,2,8,-75.0
06037190202,Hollywood,13,2026,3,8,-62.5
06037190302,Hollywood,13,2026,3,17,-82.4
06037190303,Hollywood,13,2026,6,7,-14.3
06037190401,Hollywood,4,2026,7,10,-30.0
06037190402,Hollywood,13,2026,1,4,-75.0
06037190510,Hollywood,13,2026,6,10,-40.0
06037190520,Hollywood,13,2026,6,16,-62.5
06037190701,Hollywood,13,2026,5,2,150.0
06037190702,Hollywood,13,2026,9,7,28.6
06037190801,Hollywood,13,2026,15,21,-28.6
06037190802,Hollywood,13,2026,7,8,-12.5
06037190901,Hollywood,13,2026,12,8,50.0
06037190902,Hollywood,13,2026,24,18,33.3
06037191000,Hollywood,13,2026,11,24,-54.2
06037191110,Hollywood,13,2026,2,5,-60.0
06037191120,Hollywood,13,2026,19,19,0.0
06037191201,Hollywood,13,2026,10,13,-23.1
06037191203,Hollywood,13,2026,13,21,-38.1
06037191204,Hollywood,13,2026,3,7,-57.1
06037191301,Hollywood,13,2026,13,19,-31.6
06037191302,Hollywood,13,2026,29,17,70.6
06037191410,Hollywood,13,2026,4,12,-66.7
06037191420,Hollywood,13,2026,12,27,-55.6
06037191500,Hollywood,13,2026,19,54,-64.8
06037191610,Hollywood,13,2026,17,23,-26.1
06037191620,Hollywood,13,2026,6,5,20.0
06037191710,Hollywood,13,2026,8,18,-55.6
06037191720,Hollywood,13,2026,18,13,38.5
06037191810,Hollywood,13,2026,13,12,8.3
06037191820,Hollywood,13,2026,9,12,-25.0
06037191901,Hollywood,4,2026,19,17,11.8
06037191902,Hollywood,5,2026,54,84,-35.7
06037192001,Hollywood,5,2026,34,33,3.0
06037192002,Hollywood,5,2026,66,55,20.0
06037192300,Wilshire,4,2026,33,62,-46.8
06037192410,Wilshire,13,2026,65,66,-1.5
06037192420,Wilshire,4,2026,8,13,-38.5
06037192510,Wilshire,13,2026,9,36,-75.0
06037192520,Wilshire,13,2026,16,20,-20.0
06037192610,Wilshire,13,2026,16,14,14.3
06037192620,Wilshire,13,2026,10,5,100.0
06037192700,Wilshire,13,2026,20,12,66.7
06037194101,Hollywood,4,2026,52,52,0.0
06037194102,Hollywood,4,2026,75,104,-27.9
06037194200,Hollywood,4,2026,119,200,-40.5
06037194300,Hollywood,4,2026,147,164,-10.4
06037194401,Hollywood,5,2026,31,35,-11.4
06037194402,Hollywood,5,2026,33,60,-45.0
06037194500,Wilshire,5,2026,30,55,-45.5
06037195100,Silver Lake - Echo Park - Elysian Valley,4,2026,102,143,-28.7
06037195201,Hollywood,4,2026,49,74,-33.8
06037195202,Hollywood,4,2026,70,103,-32.0
06037195300,Hollywood,4,2026,47,45,4.4
06037195400,Silver Lake - Echo Park - Elysian Valley,13,2026,98,112,-12.5
06037195500,Silver Lake - Echo Park - Elysian Valley,13,2026,82,119,-31.1
06037195600,Silver Lake - Echo Park - Elysian Valley,13,2026,47,58,-19.0
06037195710,Silver Lake - Echo Park - Elysian Valley,13,2026,23,48,-52.1
06037195720,Silver Lake - Echo Park - Elysian Valley,13,2026,26,35,-25.7
06037195802,Silver Lake - Echo Park - Elysian Valley,13,2026,14,22,-36.4
06037195803,Silver Lake - Echo Park - Elysian Valley,13,2026,26,54,-51.9
06037195804,Silver Lake - Echo Park - Elysian Valley,13,2026,41,30,36.7
06037195901,Silver Lake - Echo Park - Elysian Valley,13,2026,24,39,-38.5
06037195902,Silver Lake - Echo Park - Elysian Valley,13,2026,36,55,-34.5
06037195903,Silver Lake - Echo Park - Elysian Valley,13,2026,25,34,-26.5
06037197200,Silver Lake - Echo Park - Elysian Valley,13,2026,36,87,-58.6
06037197300,Silver Lake - Echo Park - Elysian Valley,13,2026,34,46,-26.1
06037197410,Silver Lake - Echo Park - Elysian Valley,13,2026,59,84,-29.8
06037197420,Silver Lake - Echo Park - Elysian Valley,13,2026,17,42,-59.5
06037197500,Silver Lake - Echo Park - Elysian Valley,1,2026,32,49,-34.7
06037197600,Silver Lake - Echo Park - Elysian Valley,1,2026,18,16,12.5
06037197700,Silver Lake - Echo Park - Elysian Valley,1,2026,17,28,-39.3
06037199001,Northeast Los Angeles,1,2026,3,13,-76.9
06037199002,Northeast Los Angeles,1,2026,14,8,75.0
06037199110,Northeast Los Angeles,14,2026,14,21,-33.3
06037199120,Northeast Los Angeles,14,2026,5,12,-58.3
06037199201,Northeast Los Angeles,1,2026,15,11,36.4
06037199202,Northeast Los Angeles,1,2026,20,35,-42.9
06037199300,Northeast Los Angeles,1,2026,51,75,-32.0
06037199400,Northeast Los Angeles,1,2026,9,28,-67.9
06037199700,Northeast Los Angeles,1,2026,7,16,-56.3
06037199801,Northeast Los Angeles,14,2026,4,15,-73.3
06037199802,Northeast Los Angeles,14,2026,7,17,-58.8
06037199900,Northeast Los Angeles,14,2026,9,11,-18.2
06037201110,Northeast Los Angeles,14,2026,26,42,-38.1
06037201120,Northeast Los Angeles,14,2026,25,47,-46.8
06037201200,Northeast Los Angeles,14,2026,25,29,-13.8
06037201301,Northeast Los Angeles,14,2026,19,47,-59.6
06037201302,Northeast Los Angeles,14,2026,27,20,35.0
06037201401,Northeast Los Angeles,14,2026,27,34,-20.6
06037201402,Northeast Los Angeles,14,2026,38,66,-42.4
06037201501,Northeast Los Angeles,14,2026,45,80,-43.8
06037201503,Northeast Los Angeles,14,2026,16,21,-23.8
06037201504,Northeast Los Angeles,14,2026,18,14,28.6
06037201601,Northeast Los Angeles,14,2026,16,25,-36.0
06037201602,Northeast Los Angeles,14,2026,27,21,28.6
06037201700,Northeast Los Angeles,14,2026,24,43,-44.2
06037203100,Northeast Los Angeles,14,2026,15,23,-34.8
06037203200,Boyle Heights,14,2026,11,23,-52.2
06037203300,Northeast Los Angeles,14,2026,5,6,-16.7
06037203500,Boyle Heights,14,2026,10,19,-47.4
06037203601,Boyle Heights,14,2026,1,21,-95.2
06037203602,Boyle Heights,14,2026,7,12,-41.7
06037203710,Boyle Heights,14,2026,18,11,63.6
06037203720,Boyle Heights,14,2026,10,15,-33.3
06037203800,Boyle Heights,14,2026,11,24,-54.2
06037203900,Boyle Heights,14,2026,9,8,12.5
06037204110,Boyle Heights,14,2026,14,24,-41.7
06037204120,Boyle Heights,14,2026,5,15,-66.7
06037204200,Boyle Heights,14,2026,12,15,-20.0
06037204300,Boyle Heights,14,2026,13,20,-35.0
06037204410,Boyle Heights,14,2026,3,3,0.0
06037204420,Boyle Heights,14,2026,13,8,62.5
06037204600,Boyle Heights,14,2026,18,26,-30.8
06037204700,Boyle Heights,14,2026,36,20,80.0
06037204810,Boyle Heights,14,2026,17,12,41.7
06037204820,Boyle Heights,14,2026,8,20,-60.0
06037204910,Boyle Heights,14,2026,20,17,17.6
06037204920,Boyle Heights,14,2026,7,13,-46.2
06037205120,Boyle Heights,14,2026,7,6,16.7
06037206010,Central City North,1,2026,14,23,-39.1
06037206050,Boyle Heights,14,2026,1,3,-66.7
06037206051,Central City North,14,2026,1,4,-75.0
06037206052,Central City North,14,2026,3,3,0.0
06037206053,Boyle Heights,14,2026,6,9,-33.3
06037206054,Boyle Heights,14,2026,8,17,-52.9
06037206202,Central City,14,2026,2,5,-60.0
06037206303,Central City,14,2026,3,1,200.0
06037207101,Central City North,1,2026,2,12,-83.3
06037207103,Central City North,1,2026,1,9,-88.9
06037207303,Central City,14,2026,3,1,200.0
06037207305,Central City,14,2026,5,2,150.0
06037207400,Central City,14,2026,1,2,-50.0
06037207501,Central City,14,2026,10,20,-50.0
06037207502,Central City,14,2026,1,1,0.0
06037207901,Central City,14,2026,2,1,100.0
06037207902,Central City,14,2026,9,9,0.0
06037208001,Westlake,1,2026,4,9,-55.6
06037208002,Westlake,1,2026,9,11,-18.2
06037208301,Westlake,1,2026,1,5,-80.0
06037208302,Westlake,13,2026,29,18,61.1
06037208401,Westlake,1,2026,16,13,23.1
06037208402,Westlake,13,2026,20,22,-9.1
06037208501,Westlake,13,2026,23,30,-23.3
06037208502,Westlake,13,2026,11,3,266.7
06037208610,Westlake,13,2026,12,22,-45.5
06037208620,Westlake,13,2026,14,37,-62.2
06037208710,Westlake,1,2026,3,6,-50.0
06037208720,Westlake,1,2026,3,6,-50.0
06037208801,Westlake,1,2026,4,5,-20.0
06037208802,Westlake,1,2026,3,10,-70.0
06037208902,Westlake,1,2026,4,1,300.0
06037208903,Westlake,1,2026,2,1,100.0
06037208904,Westlake,1,2026,1,1,0.0
06037209103,Westlake,1,2026,2,8,-75.0
06037209104,Westlake,1,2026,4,2,100.0
06037209105,Westlake,1,2026,3,7,-57.1
06037209401,Westlake,1,2026,5,5,0.0
06037209402,Westlake,1,2026,2,4,-50.0
06037209403,Westlake,1,2026,1,2,-50.0
06037209510,Westlake,1,2026,4,1,300.0
06037209520,Westlake,1,2026,7,4,75.0
06037209820,Westlake,1,2026,10,6,66.7
06037210010,Westlake,1,2026,9,5,80.0
06037211000,Wilshire,4,2026,99,135,-26.7
06037211121,Wilshire,13,2026,4,15,-73.3
06037211122,Wilshire,13,2026,4,7,-42.9
06037211123,Wilshire,10,2026,1,,
06037211124,Wilshire,1,2026,4,11,-63.6
06037211201,Wilshire,10,2026,16,13,23.1
06037211202,Wilshire,10,2026,5,8,-37.5
06037211310,Wilshire,10,2026,4,10,-60.0
06037211320,Wilshire,10,2026,21,12,75.0
06037211410,Wilshire,10,2026,11,27,-59.3
06037211420,Wilshire,10,2026,8,39,-79.5
06037211500,Wilshire,13,2026,75,61,23.0
06037211701,Wilshire,13,2026,30,32,-6.3
06037211703,Wilshire,13,2026,10,3,233.3
06037211704,Wilshire,10,2026,4,3,33.3
06037211802,Wilshire,10,2026,13,13,0.0
06037211803,Wilshire,10,2026,12,5,140.0
06037211804,Wilshire,10,2026,7,6,16.7
06037211910,Wilshire,10,2026,6,11,-45.5
06037211921,Wilshire,10,2026,1,3,-66.7
06037211922,Wilshire,10,2026,2,6,-66.7
06037212101,Wilshire,10,2026,2,5,-60.0
06037212102,Wilshire,10,2026,4,2,100.0
06037212202,Wilshire,1,2026,5,9,-44.4
06037212203,Wilshire,10,2026,11,1,1000.0
06037212204,Wilshire,1,2026,5,8,-37.5
06037212303,Wilshire,10,2026,4,6,-33.3
06037212304,Wilshire,10,2026,1,3,-66.7
06037212305,Wilshire,10,2026,8,7,14.3
06037212306,Wilshire,10,2026,4,11,-63.6
06037212410,Wilshire,10,2026,5,6,-16.7
06037212420,Wilshire,10,2026,1,12,-91.7
06037212502,Wilshire,10,2026,2,6,-66.7
06037212610,Wilshire,4,2026,14,14,0.0
06037212620,Wilshire,4,2026,15,8,87.5
06037212701,Wilshire,5,2026,14,21,-33.3
06037212702,Wilshire,5,2026,44,61,-27.9
06037212800,Wilshire,10,2026,44,34,29.4
06037212900,Wilshire,10,2026,14,13,7.7
06037213100,Wilshire,10,2026,18,24,-25.0
06037213201,Wilshire,10,2026,3,9,-66.7
06037213202,Wilshire,10,2026,15,14,7.1
06037213310,Wilshire,1,2026,21,31,-32.3
06037213320,Wilshire,10,2026,9,9,0.0
06037213401,Wilshire,1,2026,8,12,-33.3
06037213402,Wilshire,1,2026,14,13,7.7
06037214000,Wilshire,5,2026,56,80,-30.0
06037214100,Wilshire,5,2026,60,86,-30.2
06037214400,Wilshire,5,2026,29,29,0.0
06037214501,Wilshire,5,2026,4,19,-78.9
06037214503,Wilshire,5,2026,3,20,-85.0
06037214504,Wilshire,5,2026,4,4,0.0
06037214505,Wilshire,5,2026,1,3,-66.7
06037214600,Wilshire,5,2026,25,30,-16.7
06037214700,Wilshire,5,2026,47,49,-4.1
06037214800,Wilshire,5,2026,36,63,-42.9
06037214902,Wilshire,5,2026,7,8,-12.5
06037214903,Wilshire,5,2026,10,38,-73.7
06037214904,Wilshire,5,2026,17,21,-19.0
06037215101,Wilshire,5,2026,6,2,200.0
06037215102,Wilshire,5,2026,13,17,-23.5
06037216100,Wilshire,10,2026,35,67,-47.8
06037216201,Wilshire,5,2026,14,25,-44.0
06037216202,Wilshire,10,2026,21,43,-51.2
06037216301,Wilshire,5,2026,21,29,-27.6
06037216302,Wilshire,5,2026,26,52,-50.0
06037216401,Wilshire,5,2026,18,44,-59.1
06037216402,Wilshire,5,2026,18,29,-37.9
06037216700,Wilshire,10,2026,53,73,-27.4
06037216800,Wilshire,5,2026,48,53,-9.4
06037216901,Wilshire,10,2026,74,73,1.4
06037216902,Wilshire,10,2026,25,37,-32.4
06037217001,Wilshire,5,2026,31,40,-22.5
06037217002,Wilshire,5,2026,49,75,-34.7
06037217101,Wilshire,10,2026,28,27,3.7
06037217102,Wilshire,10,2026,34,56,-39.3
06037217200,Wilshire,10,2026,37,81,-54.3
06037218110,West Adams - Baldwin Hills - Leimert,10,2026,22,41,-46.3
06037218120,West Adams - Baldwin Hills - Leimert,10,2026,11,27,-59.3
06037218210,West Adams - Baldwin Hills - Leimert,10,2026,20,16,25.0
06037218220,West Adams - Baldwin Hills - Leimert,10,2026,40,39,2.6
06037218300,West Adams - Baldwin Hills - Leimert,10,2026,52,65,-20.0
06037218400,West Adams - Baldwin Hills - Leimert,10,2026,66,75,-12.0
06037218500,West Adams - Baldwin Hills - Leimert,10,2026,42,53,-20.8
06037218600,West Adams - Baldwin Hills - Leimert,10,2026,21,48,-56.3
06037218701,West Adams - Baldwin Hills - Leimert,10,2026,20,48,-58.3
06037218702,West Adams - Baldwin Hills - Leimert,10,2026,31,13,138.5
06037218800,West Adams - Baldwin Hills - Leimert,10,2026,15,15,0.0
06037218900,West Adams - Baldwin Hills - Leimert,10,2026,36,33,9.1
06037219010,West Adams - Baldwin Hills - Leimert,10,2026,20,21,-4.8
06037219020,West Adams - Baldwin Hills - Leimert,10,2026,55,42,31.0
06037219300,West Adams - Baldwin Hills - Leimert,10,2026,29,43,-32.6
06037219500,West Adams - Baldwin Hills - Leimert,10,2026,41,71,-42.3
06037219700,West Adams - Baldwin Hills - Leimert,10,2026,36,57,-36.8
06037219800,West Adams - Baldwin Hills - Leimert,10,2026,26,40,-35.0
06037219901,West Adams - Baldwin Hills - Leimert,10,2026,22,39,-43.6
06037219902,West Adams - Baldwin Hills - Leimert,10,2026,26,35,-25.7
06037220000,West Adams - Baldwin Hills - Leimert,10,2026,69,104,-33.7
06037220100,West Adams - Baldwin Hills - Leimert,10,2026,33,40,-17.5
06037221110,South Los Angeles,1,2026,9,18,-50.0
06037221120,South Los Angeles,1,2026,12,8,50.0
06037221210,South Los Angeles,10,2026,14,19,-26.3
06037221220,South Los Angeles,1,2026,6,9,-33.3
06037221302,South Los Angeles,10,2026,22,23,-4.3
06037221303,South Los Angeles,10,2026,9,14,-35.7
06037221401,South Los Angeles,10,2026,12,19,-36.8
06037221402,South Los Angeles,10,2026,15,24,-37.5
06037221500,South Los Angeles,8,2026,15,29,-48.3
06037221601,South Los Angeles,8,2026,15,25,-40.0
06037221602,South Los Angeles,1,2026,10,3,233.3
06037221710,South Los Angeles,8,2026,13,13,0.0
06037221810,South Los Angeles,8,2026,20,10,100.0
06037221820,South Los Angeles,9,2026,14,15,-6.7
06037221900,South Los Angeles,9,2026,6,11,-45.5
06037222001,South Los Angeles,10,2026,19,38,-50.0
06037222002,South Los Angeles,8,2026,31,36,-13.9
06037222100,South Los Angeles,8,2026,20,46,-56.5
06037222200,South Los Angeles,8,2026,36,34,5.9
06037222500,South Los Angeles,8,2026,25,53,-52.8
06037222600,South Los Angeles,8,2026,37,56,-33.9
06037222700,South Los Angeles,9,2026,1,1,0.0
06037224010,Central City,14,2026,3,6,-50.0
06037224020,Southeast Los Angeles,9,2026,9,12,-25.0
06037224200,Westlake,1,2026,7,7,0.0
06037224310,Westlake,1,2026,5,11,-54.5
06037224320,Westlake,1,2026,5,7,-28.6
06037224410,South Los Angeles,1,2026,10,7,42.9
06037224420,South Los Angeles,1,2026,4,8,-50.0
06037224600,Southeast Los Angeles,9,2026,6,10,-40.0
06037224701,South Los Angeles,9,2026,4,2,100.0
06037224702,South Los Angeles,9,2026,14,4,250.0
06037226001,Southeast Los Angeles,9,2026,5,10,-50.0
06037226410,Southeast Los Angeles,9,2026,4,11,-63.6
06037226420,Southeast Los Angeles,9,2026,18,26,-30.8
06037226701,Southeast Los Angeles,9,2026,14,25,-44.0
06037226702,Southeast Los Angeles,9,2026,6,14,-57.1
06037227010,Southeast Los Angeles,9,2026,16,18,-11.1
06037227020,Southeast Los Angeles,9,2026,5,14,-64.3
06037228100,Southeast Los Angeles,9,2026,22,26,-15.4
06037228210,Southeast Los Angeles,9,2026,3,20,-85.0
06037228220,Southeast Los Angeles,9,2026,24,13,84.6
06037228310,Southeast Los Angeles,9,2026,14,23,-39.1
06037228320,Southeast Los Angeles,9,2026,8,20,-60.0
06037228410,Southeast Los Angeles,9,2026,5,15,-66.7
06037228420,Southeast Los Angeles,9,2026,7,8,-12.5
06037228500,Southeast Los Angeles,9,2026,18,30,-40.0
06037228600,Southeast Los Angeles,9,2026,17,22,-22.7
06037228710,Southeast Los Angeles,9,2026,15,11,36.4
06037228720,Southeast Los Angeles,9,2026,16,22,-27.3
06037228800,Southeast Los Angeles,9,2026,10,14,-28.6
06037228900,Southeast Los Angeles,9,2026,2,3,-33.3
06037229100,Southeast Los Angeles,9,2026,22,12,83.3
06037229200,Southeast Los Angeles,9,2026,11,13,-15.4
06037229300,Southeast Los Angeles,9,2026,9,21,-57.1
06037229410,Southeast Los Angeles,9,2026,5,28,-82.1
06037229420,Southeast Los Angeles,9,2026,13,18,-27.8
06037231100,Southeast Los Angeles,9,2026,9,15,-40.0
06037231210,South Los Angeles,8,2026,20,46,-56.5
06037231220,South Los Angeles,9,2026,9,5,80.0
06037231301,South Los Angeles,8,2026,9,14,-35.7
06037231302,South Los Angeles,8,2026,15,19,-21.1
06037231400,South Los Angeles,8,2026,23,30,-23.3
06037231500,South Los Angeles,8,2026,36,53,-32.1
06037231601,South Los Angeles,8,2026,9,17,-47.1
06037231602,South Los Angeles,9,2026,8,25,-68.0
06037231603,South Los Angeles,9,2026,9,11,-18.2
06037231710,South Los Angeles,9,2026,5,12,-58.3
06037231720,South Los Angeles,9,2026,6,25,-76.0
06037231800,Southeast Los Angeles,9,2026,6,18,-66.7
06037231901,Southeast Los Angeles,9,2026,9,15,-40.0
06037231902,Southeast Los Angeles,9,2026,5,9,-44.4
06037232110,South Los Angeles,9,2026,22,12,83.3
06037232120,South Los Angeles,9,2026,18,21,-14.3
06037232200,South Los Angeles,9,2026,20,44,-54.5
06037232300,South Los Angeles,9,2026,24,47,-48.9
06037232401,South Los Angeles,8,2026,29,23,26.1
06037232402,South Los Angeles,8,2026,26,42,-38.1
06037232500,South Los Angeles,8,2026,38,54,-29.6
06037232601,South Los Angeles,8,2026,16,9,77.8
06037232602,South Los Angeles,9,2026,24,27,-11.1
06037232701,South Los Angeles,9,2026,12,15,-20.0
06037232702,South Los Angeles,9,2026,8,22,-63.6
06037232800,Southeast Los Angeles,9,2026,26,15,73.3
06037234001,West Adams - Baldwin Hills - Leimert,10,2026,61,63,-3.2
06037234002,West Adams - Baldwin Hills - Leimert,10,2026,39,54,-27.8
06037234200,West Adams - Baldwin Hills - Leimert,10,2026,42,72,-41.7
06037234301,West Adams - Baldwin Hills - Leimert,10,2026,20,32,-37.5
06037234302,West Adams - Baldwin Hills - Leimert,10,2026,27,31,-12.9
06037234501,West Adams - Baldwin Hills - Leimert,8,2026,37,56,-33.9
06037234502,West Adams - Baldwin Hills - Leimert,8,2026,25,51,-51.0
06037234600,West Adams - Baldwin Hills - Leimert,8,2026,64,98,-34.7
06037234700,West Adams - Baldwin Hills - Leimert,8,2026,41,50,-18.0
06037234800,West Adams - Baldwin Hills - Leimert,8,2026,37,43,-14.0
06037234901,West Adams - Baldwin Hills - Leimert,8,2026,24,18,33.3
06037234902,West Adams - Baldwin Hills - Leimert,8,2026,29,26,11.5
06037235100,West Adams - Baldwin Hills - Leimert,8,2026,82,129,-36.4
06037235201,West Adams - Baldwin Hills - Leimert,8,2026,39,76,-48.7
06037235202,West Adams - Baldwin Hills - Leimert,8,2026,40,40,0.0
06037236001,West Adams - Baldwin Hills - Leimert,10,2026,59,75,-21.3
06037236101,West Adams - Baldwin Hills - Leimert,10,2026,21,37,-43.2
06037236102,West Adams - Baldwin Hills - Leimert,8,2026,11,8,37.5
06037236203,West Adams - Baldwin Hills - Leimert,10,2026,16,14,14.3
06037236204,West Adams - Baldwin Hills - Leimert,10,2026,16,19,-15.8
06037236205,West Adams - Baldwin Hills - Leimert,10,2026,5,7,-28.6
06037236206,West Adams - Baldwin Hills - Leimert,10,2026,4,7,-42.9
06037236400,West Adams - Baldwin Hills - Leimert,8,2026,51,106,-51.9
06037237101,South Los Angeles,9,2026,11,19,-42.1
06037237102,South Los Angeles,9,2026,7,22,-68.2
06037237201,South Los Angeles,9,2026,21,16,31.3
06037237202,South Los Angeles,8,2026,21,25,-16.0
06037237300,South Los Angeles,8,2026,46,81,-43.2
06037237401,South Los Angeles,8,2026,17,21,-19.0
06037237402,South Los Angeles,8,2026,23,31,-25.8
06037237500,South Los Angeles,8,2026,20,14,42.9
06037237600,South Los Angeles,8,2026,15,21,-28.6
06037237710,South Los Angeles,8,2026,16,23,-30.4
06037237720,South Los Angeles,8,2026,8,6,33.3
06037237800,South Los Angeles,8,2026,45,61,-26.2
06037237900,South Los Angeles,8,2026,42,68,-38.2
06037238000,South Los Angeles,8,2026,84,85,-1.2
06037238100,South Los Angeles,8,2026,66,71,-7.0
06037238200,South Los Angeles,8,2026,36,71,-49.3
06037238310,South Los Angeles,8,2026,25,32,-21.9
06037238320,South Los Angeles,8,2026,21,34,-38.2
06037238400,South Los Angeles,8,2026,65,59,10.2
06037239201,Southeast Los Angeles,9,2026,14,6,133.3
06037239202,Southeast Los Angeles,9,2026,20,28,-28.6
06037239310,Southeast Los Angeles,9,2026,9,18,-50.0
06037239320,Southeast Los Angeles,9,2026,8,17,-52.9
06037239330,Southeast Los Angeles,9,2026,5,11,-54.5
06037239501,Southeast Los Angeles,9,2026,9,17,-47.1
06037239502,Southeast Los Angeles,9,2026,13,22,-40.9
06037239601,Southeast Los Angeles,9,2026,11,18,-38.9
06037239602,Southeast Los Angeles,9,2026,17,16,6.3
06037239701,Southeast Los Angeles,9,2026,8,20,-60.0
06037239702,Southeast Los Angeles,9,2026,21,14,50.0
06037239801,Southeast Los Angeles,9,2026,15,30,-50.0
06037239802,Southeast Los Angeles,9,2026,14,34,-58.8
06037240010,Southeast Los Angeles,9,2026,7,9,-22.2
06037240020,Southeast Los Angeles,9,2026,20,44,-54.5
06037240200,Southeast Los Angeles,8,2026,15,30,-50.0
06037240301,South Los Angeles,8,2026,14,10,40.0
06037240302,South Los Angeles,8,2026,13,30,-56.7
06037240401,South Los Angeles,8,2026,16,25,-36.0
06037240402,South Los Angeles,8,2026,17,27,-37.0
06037240500,Southeast Los Angeles,8,2026,19,33,-42.4
06037240600,Southeast Los Angeles,8,2026,18,24,-25.0
06037240700,Southeast Los Angeles,8,2026,38,63,-39.7
06037240800,Southeast Los Angeles,8,2026,18,27,-33.3
06037240901,Southeast Los Angeles,15,2026,8,13,-38.5
06037240902,Southeast Los Angeles,8,2026,10,26,-61.5
06037241001,Southeast Los Angeles,15,2026,14,26,-46.2
06037241002,Southeast Los Angeles,15,2026,18,21,-14.3
06037241110,Southeast Los Angeles,8,2026,11,14,-21.4
06037241120,Southeast Los Angeles,8,2026,23,44,-47.7
06037241201,South Los Angeles,8,2026,22,32,-31.3
06037241202,South Los Angeles,8,2026,28,23,21.7
06037241300,South Los Angeles,15,2026,13,24,-45.8
06037241400,Southeast Los Angeles,15,2026,8,13,-38.5
06037242000,Southeast Los Angeles,15,2026,17,40,-57.5
06037242100,Southeast Los Angeles,15,2026,12,41,-70.7
06037242201,Southeast Los Angeles,15,2026,16,19,-15.8
06037242202,Southeast Los Angeles,15,2026,5,14,-64.3
06037242300,Southeast Los Angeles,15,2026,13,20,-35.0
06037242600,Southeast Los Angeles,15,2026,2,1,100.0
06037242700,Southeast Los Angeles,15,2026,19,45,-57.8
06037243001,Southeast Los Angeles,15,2026,10,20,-50.0
06037243002,Southeast Los Angeles,15,2026,13,22,-40.9
06037243100,Southeast Los Angeles,15,2026,16,35,-54.3
06037261102,Bel Air - Beverly Crest,5,2026,115,166,-30.7
06037261103,Bel Air - Beverly Crest,4,2026,34,57,-40.4
06037261104,Bel Air - Beverly Crest,5,2026,49,63,-22.2
06037261200,Bel Air - Beverly Crest,5,2026,101,143,-29.4
06037262100,Bel Air - Beverly Crest,5,2026,108,201,-46.3
06037262200,Bel Air - Beverly Crest,5,2026,79,146,-45.9
06037262301,Brentwood - Pacific Palisades,11,2026,32,99,-67.7
06037262302,Brentwood - Pacific Palisades,11,2026,58,141,-58.9
06037262303,Brentwood - Pacific Palisades,11,2026,100,142,-29.6
06037262400,Brentwood - Pacific Palisades,11,2026,95,124,-23.4
06037262501,Brentwood - Pacific Palisades,11,2026,414,287,44.3
06037262601,Brentwood - Pacific Palisades,11,2026,161,157,2.5
06037262604,Brentwood - Pacific Palisades,11,2026,416,315,32.1
06037262704,Brentwood - Pacific Palisades,11,2026,257,153,68.0
06037262706,Brentwood - Pacific Palisades,11,2026,382,245,55.9
06037262802,Brentwood - Pacific Palisades,11,2026,105,150,-30.0
06037264000,Brentwood - Pacific Palisades,11,2026,108,132,-18.2
06037264102,Brentwood - Pacific Palisades,11,2026,24,25,-4.0
06037264103,Brentwood - Pacific Palisades,11,2026,39,32,21.9
06037264303,Brentwood - Pacific Palisades,11,2026,18,38,-52.6
06037264304,Brentwood - Pacific Palisades,11,2026,12,26,-53.8
06037264305,Brentwood - Pacific Palisades,11,2026,47,55,-14.5
06037264306,Brentwood - Pacific Palisades,11,2026,15,19,-21.1
06037265100,Westwood,5,2026,59,99,-40.4
06037265201,Westwood,5,2026,28,28,0.0
06037265203,Westwood,5,2026,17,31,-45.2
06037265204,Westwood,5,2026,11,20,-45.0
06037265303,Westwood,5,2026,6,12,-50.0
06037265304,Westwood,5,2026,2,8,-75.0
06037265306,Westwood,5,2026,4,6,-33.3
06037265307,Westwood,5,2026,2,1,100.0
06037265410,Brentwood - Pacific Palisades,11,2026,25,38,-34.2
06037265420,Westwood,5,2026,40,50,-20.0
06037265521,Westwood,5,2026,9,9,0.0
06037265522,Westwood,5,2026,6,15,-60.0
06037265523,Westwood,5,2026,13,33,-60.6
06037265524,Westwood,5,2026,20,40,-50.0
06037265601,Westwood,5,2026,36,68,-47.1
06037265602,Westwood,5,2026,51,95,-46.3
06037265701,Westwood,5,2026,17,41,-58.5
06037265702,Westwood,5,2026,49,74,-33.8
06037267101,West Los Angeles,5,2026,27,50,-46.0
06037267102,West Los Angeles,5,2026,40,67,-40.3
06037267201,West Los Angeles,5,2026,30,61,-50.8
06037267202,West Los Angeles,5,2026,26,58,-55.2
06037267300,West Los Angeles,11,2026,16,25,-36.0
06037267403,West Los Angeles,11,2026,17,35,-51.4
06037267404,West Los Angeles,11,2026,12,16,-25.0
06037267405,West Los Angeles,11,2026,18,23,-21.7
06037267406,West Los Angeles,11,2026,4,18,-77.8
06037267502,West Los Angeles,11,2026,29,46,-37.0
06037267503,West Los Angeles,11,2026,9,15,-40.0
06037267504,West Los Angeles,11,2026,17,23,-26.1
06037267600,West Los Angeles,11,2026,64,78,-17.9
06037267700,West Los Angeles,11,2026,22,59,-62.7
06037267800,West Los Angeles,5,2026,42,74,-43.2
06037267901,West Los Angeles,5,2026,49,95,-48.4
06037267902,West Los Angeles,5,2026,56,74,-24.3
06037269000,West Los Angeles,5,2026,69,119,-42.0
06037269100,West Los Angeles,5,2026,51,82,-37.8
06037269300,West Los Angeles,5,2026,87,166,-47.6
06037269500,West Los Angeles,5,2026,77,137,-43.8
06037269601,West Adams - Baldwin Hills - Leimert,10,2026,21,28,-25.0
06037269602,West Adams - Baldwin Hills - Leimert,10,2026,15,30,-50.0
06037269700,West Adams - Baldwin Hills - Leimert,10,2026,54,91,-40.7
06037269800,West Los Angeles,5,2026,22,39,-43.6
06037269903,Palms - Mar Vista - Del Rey,5,2026,10,15,-33.3
06037269905,Palms - Mar Vista - Del Rey,5,2026,14,14,0.0
06037269906,Palms - Mar Vista - Del Rey,5,2026,9,14,-35.7
06037269907,Palms - Mar Vista - Del Rey,5,2026,8,5,60.0
06037269908,Palms - Mar Vista - Del Rey,5,2026,10,12,-16.7
06037269909,Palms - Mar Vista - Del Rey,5,2026,11,13,-15.4
06037270101,Palms - Mar Vista - Del Rey,5,2026,6,12,-50.0
06037270102,Palms - Mar Vista - Del Rey,5,2026,9,8,12.5
06037270200,West Adams - Baldwin Hills - Leimert,10,2026,48,47,2.1
06037270300,West Adams - Baldwin Hills - Leimert,10,2026,37,49,-24.5
06037271100,West Los Angeles,5,2026,56,73,-23.3
06037271200,Palms - Mar Vista - Del Rey,11,2026,20,27,-25.9
06037271300,Palms - Mar Vista - Del Rey,11,2026,64,126,-49.2
06037271400,Palms - Mar Vista - Del Rey,11,2026,105,144,-27.1
06037271500,Palms - Mar Vista - Del Rey,11,2026,68,121,-43.8
06037271600,Palms - Mar Vista - Del Rey,11,2026,37,79,-53.2
06037271702,Palms - Mar Vista - Del Rey,5,2026,34,39,-12.8
06037271703,Palms - Mar Vista - Del Rey,5,2026,24,24,0.0
06037271704,Palms - Mar Vista - Del Rey,5,2026,21,32,-34.4
06037271801,Palms - Mar Vista - Del Rey,5,2026,22,30,-26.7
06037271803,Palms - Mar Vista - Del Rey,5,2026,5,17,-70.6
06037271804,Palms - Mar Vista - Del Rey,5,2026,22,37,-40.5
06037271901,Palms - Mar Vista - Del Rey,11,2026,20,41,-51.2
06037271902,Palms - Mar Vista - Del Rey,11,2026,57,84,-32.1
06037272100,Palms - Mar Vista - Del Rey,11,2026,75,106,-29.2
06037272201,Palms - Mar Vista - Del Rey,11,2026,22,25,-12.0
06037272202,Palms - Mar Vista - Del Rey,11,2026,35,46,-23.9
06037272301,Palms - Mar Vista - Del Rey,11,2026,41,46,-10.9
06037272302,Palms - Mar Vista - Del Rey,11,2026,26,43,-39.5
06037273100,Venice,11,2026,64,64,0.0
06037273200,Venice,11,2026,54,81,-33.3
06037273300,Venice,11,2026,37,61,-39.3
06037273403,Venice,11,2026,21,16,31.3
06037273404,Venice,11,2026,13,21,-38.1
06037273502,Venice,11,2026,36,38,-5.3
06037273600,Venice,11,2026,51,64,-20.3
06037273700,Venice,11,2026,47,78,-39.7
06037273800,Venice,11,2026,43,60,-28.3
06037273902,Venice,11,2026,94,113,-16.8
06037274100,Venice,11,2026,57,63,-9.5
06037274202,Venice,11,2026,67,101,-33.7
06037275101,Palms - Mar Vista - Del Rey,11,2026,9,19,-52.6
06037275102,Palms - Mar Vista - Del Rey,11,2026,22,37,-40.5
06037275200,Palms - Mar Vista - Del Rey,11,2026,19,27,-29.6
06037275311,Palms - Mar Vista - Del Rey,11,2026,75,120,-37.5
06037275312,Palms - Mar Vista - Del Rey,11,2026,11,33,-66.7
06037275313,Palms - Mar Vista - Del Rey,11,2026,50,62,-19.4
06037275400,Palms - Mar Vista - Del Rey,11,2026,34,75,-54.7
06037275500,Palms - Mar Vista - Del Rey,11,2026,35,48,-27.1
06037275603,Palms - Mar Vista - Del Rey,11,2026,52,73,-28.8
06037275604,Westchester - Playa del Rey,11,2026,30,73,-58.9
06037275605,Palms - Mar Vista - Del Rey,11,2026,6,4,50.0
06037276000,Westchester - Playa del Rey,11,2026,121,169,-28.4
06037276101,Westchester - Playa del Rey,11,2026,5,12,-58.3
06037276102,Westchester - Playa del Rey,11,2026,24,61,-60.7
06037276400,Westchester - Playa del Rey,11,2026,66,139,-52.5
06037276500,Westchester - Playa del Rey,11,2026,32,46,-30.4
06037276601,Westchester - Playa del Rey,11,2026,73,105,-30.5
06037276605,Westchester - Playa del Rey,11,2026,6,7,-14.3
06037276606,Westchester - Playa del Rey,11,2026,15,7,114.3
06037276607,Westchester - Playa del Rey,11,2026,19,21,-9.5
06037276608,Westchester - Playa del Rey,11,2026,12,7,71.4
06037277000,Westchester - Playa del Rey,11,2026,128,160,-20.0
06037277100,Westchester - Playa del Rey,11,2026,53,74,-28.4
06037277200,Westchester - Playa del Rey,11,2026,15,41,-63.4
06037278001,Westchester - Playa del Rey,11,2026,45,27,66.7
06037278102,Westchester - Playa del Rey,11,2026,52,59,-11.9
06037291110,Harbor Gateway,15,2026,28,24,16.7
06037291120,Harbor Gateway,15,2026,15,22,-31.8
06037291130,Harbor Gateway,15,2026,16,24,-33.3
06037291210,Harbor Gateway,15,2026,18,22,-18.2
06037291220,Harbor Gateway,15,2026,16,24,-33.3
06037291300,Harbor Gateway,15,2026,35,46,-23.9
06037292001,Harbor Gateway,15,2026,10,29,-65.5
06037292002,Harbor Gateway,15,2026,12,19,-36.8
06037293203,Harbor Gateway,15,2026,27,32,-15.6
06037293204,Harbor Gateway,15,2026,38,28,35.7
06037293205,Harbor Gateway,15,2026,11,10,10.0
06037293206,Harbor Gateway,15,2026,13,24,-45.8
06037293301,Wilmington - Harbor City,15,2026,21,40,-47.5
06037293302,Wilmington - Harbor City,15,2026,31,48,-35.4
06037293304,Wilmington - Harbor City,15,2026,29,21,38.1
06037293306,Wilmington - Harbor City,15,2026,18,36,-50.0
06037293307,Wilmington - Harbor City,15,2026,5,14,-64.3
06037294110,Wilmington - Harbor City,15,2026,17,22,-22.7
06037294120,Wilmington - Harbor City,15,2026,3,14,-78.6
06037294200,Wilmington - Harbor City,15,2026,19,31,-38.7
06037294301,Wilmington - Harbor City,15,2026,20,10,100.0
06037294302,Wilmington - Harbor City,15,2026,16,18,-11.1
06037294410,Wilmington - Harbor City,15,2026,3,10,-70.0
06037294421,Wilmington - Harbor City,15,2026,11,8,37.5
06037294510,Wilmington - Harbor City,15,2026,7,8,-12.5
06037294520,Wilmington - Harbor City,15,2026,18,20,-10.0
06037294610,Wilmington - Harbor City,15,2026,17,10,70.0
06037294620,Wilmington - Harbor City,15,2026,7,35,-80.0
06037294701,Wilmington - Harbor City,15,2026,5,8,-37.5
06037294810,Wilmington - Harbor City,15,2026,9,12,-25.0
06037294820,Wilmington - Harbor City,15,2026,6,8,-25.0
06037294830,Wilmington - Harbor City,15,2026,6,15,-60.0
06037294900,Wilmington - Harbor City,15,2026,9,12,-25.0
06037295103,San Pedro,15,2026,29,34,-14.7
06037296210,San Pedro,15,2026,8,12,-33.3
06037296220,San Pedro,15,2026,8,5,60.0
06037296300,San Pedro,15,2026,20,54,-63.0
06037296401,San Pedro,15,2026,26,32,-18.8
06037296402,San Pedro,15,2026,35,44,-20.5
06037296500,San Pedro,15,2026,29,25,16.0
06037296600,San Pedro,15,2026,21,48,-56.3
06037296901,San Pedro,15,2026,26,21,23.8
06037296902,San Pedro,15,2026,19,44,-56.8
06037297001,San Pedro,15,2026,21,15,40.0
06037297002,San Pedro,15,2026,28,46,-39.1
06037297110,San Pedro,15,2026,20,14,42.9
06037297120,San Pedro,15,2026,7,13,-46.2
06037297201,San Pedro,15,2026,20,28,-28.6
06037297202,San Pedro,15,2026,43,47,-8.5
06037297300,San Pedro,15,2026,15,19,-21.1
06037297400,San Pedro,15,2026,49,92,-46.7
06037297501,San Pedro,15,2026,40,58,-31.0
06037297502,San Pedro,15,2026,18,25,-28.0
06037297601,San Pedro,15,2026,8,10,-20.0
06037297602,San Pedro,15,2026,38,45,-15.6
06037320201,,7,2026,1,1,0.0
06037800204,Canoga Park-West Hills-Winnetka-Woodland Hills,3,2026,2,4,-50.0
06037980015,Wilmington - Harbor City,15,2026,19,56,-66.1
06037980024,Encino - Tarzana,6,2026,5,17,-70.6
